JvmtiExport can_access_local_variables 0
JvmtiExport can_hotswap_or_post_breakpoint 0
JvmtiExport can_post_on_exceptions 0
# 365 ciObject found
ciInstanceKlass java/lang/Cloneable 1 0 7 100 1 100 1 1 1
instanceKlass org/assertj/core/api/AssertionsForClassTypes
instanceKlass org/assertj/core/configuration/ConfigurationProvider
instanceKlass org/assertj/core/api/AbstractAssert
instanceKlass org/assertj/core/api/Assert
instanceKlass org/assertj/core/api/ExtensionPoints
instanceKlass org/assertj/core/api/Descriptable
instanceKlass org/assertj/core/api/ComparableAssert
instanceKlass org/assertj/core/api/NumberAssert
instanceKlass org/assertj/core/data/TemporalUnitOffset
instanceKlass org/assertj/core/api/Assertions
instanceKlass org/assertj/core/api/InstanceOfAssertFactories
instanceKlass java/util/function/UnaryOperator
instanceKlass org/junit/jupiter/engine/extension/TimeoutDurationParser
instanceKlass org/junit/jupiter/engine/extension/TimeoutConfiguration
instanceKlass org/junit/jupiter/engine/extension/TimeoutExtension$TimeoutProvider
instanceKlass org/junit/jupiter/engine/execution/MethodInvocation
instanceKlass org/junit/jupiter/api/extension/ExtensionContext$Store$CloseableResource
instanceKlass org/junit/jupiter/engine/descriptor/TestMethodTestDescriptor$CallbackInvoker
instanceKlass java/lang/Character$Subset
instanceKlass org/apache/maven/surefire/shared/lang3/StringUtils
instanceKlass org/junit/jupiter/engine/execution/DefaultTestInstances
instanceKlass java/time/chrono/AbstractChronology
instanceKlass java/time/chrono/Chronology
instanceKlass java/time/LocalTime
instanceKlass java/time/LocalDate
instanceKlass java/time/chrono/ChronoLocalDate
instanceKlass java/time/zone/ZoneOffsetTransition
instanceKlass java/time/zone/Ser
instanceKlass java/time/zone/ZoneRulesProvider$1
instanceKlass java/time/zone/ZoneRulesProvider
instanceKlass java/time/zone/ZoneOffsetTransitionRule
instanceKlass java/time/zone/ZoneRules
instanceKlass org/junit/jupiter/engine/execution/InvocationInterceptorChain$InterceptedInvocation
instanceKlass org/junit/jupiter/engine/execution/InvocationInterceptorChain$ValidatingInvocation
instanceKlass org/junit/jupiter/engine/execution/InvocationInterceptorChain$InterceptorCall
instanceKlass org/junit/jupiter/engine/execution/ConstructorInvocation
instanceKlass org/junit/jupiter/api/extension/ParameterContext
instanceKlass org/junit/jupiter/engine/execution/ParameterResolutionUtils
instanceKlass org/junit/jupiter/api/extension/TestInstancePreConstructCallback
instanceKlass org/junit/jupiter/engine/descriptor/DefaultTestInstanceFactoryContext
instanceKlass org/junit/jupiter/engine/execution/ExtensionContextSupplier$ScopeBasedExtensionContextSupplier
instanceKlass org/junit/jupiter/engine/execution/ExtensionContextSupplier
instanceKlass org/junit/jupiter/api/io/TempDir
instanceKlass org/junit/platform/engine/support/store/NamespacedHierarchicalStore$MemoizingSupplier$Failure
instanceKlass org/junit/platform/engine/support/store/NamespacedHierarchicalStore$MemoizingSupplier
instanceKlass org/junit/platform/engine/support/store/NamespacedHierarchicalStore$StoredValue
instanceKlass org/junit/platform/engine/support/store/NamespacedHierarchicalStore$CompositeKey
instanceKlass org/junit/jupiter/engine/execution/NamespaceAwareStore
instanceKlass org/junit/jupiter/engine/extension/TimeoutDuration
instanceKlass java/lang/StrictMath
instanceKlass org/apache/maven/surefire/booter/spi/EventChannelEncoder$StackTrace
instanceKlass org/apache/maven/surefire/api/util/internal/ClassMethod
instanceKlass org/apache/maven/surefire/api/report/SimpleReportEntry
instanceKlass org/apache/maven/surefire/junitplatform/RunListenerAdapter$ResultDisplay
instanceKlass java/net/URLDecoder
instanceKlass org/junit/jupiter/api/Disabled
instanceKlass org/junit/jupiter/api/extension/TestInstances
instanceKlass org/junit/jupiter/engine/execution/TestInstancesProvider
instanceKlass org/junit/jupiter/engine/execution/AfterEachMethodAdapter
instanceKlass org/junit/jupiter/engine/execution/BeforeEachMethodAdapter
instanceKlass org/junit/jupiter/api/AfterAll
instanceKlass org/junit/jupiter/api/BeforeAll
instanceKlass org/junit/jupiter/engine/descriptor/LifecycleMethodUtils
instanceKlass org/junit/jupiter/api/extension/TestInstanceFactory
instanceKlass org/junit/jupiter/api/extension/RegisterExtension
instanceKlass org/junit/jupiter/engine/extension/MutableExtensionRegistry$LateInitEntry
instanceKlass java/util/function/ToIntFunction
instanceKlass org/junit/jupiter/engine/descriptor/ExtensionUtils
instanceKlass org/junit/platform/engine/support/hierarchical/NodeTestTask$DefaultDynamicTestExecutor
instanceKlass org/junit/platform/engine/support/hierarchical/Node$Invocation
instanceKlass org/junit/platform/engine/support/hierarchical/Node$SkipResult
instanceKlass org/junit/jupiter/engine/execution/JupiterEngineExecutionContext$Builder
instanceKlass org/junit/platform/engine/support/store/NamespacedHierarchicalStore
instanceKlass org/junit/jupiter/engine/execution/DefaultExecutableInvoker
instanceKlass org/junit/platform/engine/support/store/NamespacedHierarchicalStore$CloseAction
instanceKlass org/junit/jupiter/api/extension/ExtensionContext$Store
instanceKlass org/junit/jupiter/api/extension/ExecutableInvoker
instanceKlass org/junit/jupiter/engine/descriptor/AbstractExtensionContext
instanceKlass org/junit/jupiter/engine/extension/ExtensionContextInternal
instanceKlass org/junit/jupiter/api/extension/AnnotatedElementContext
instanceKlass org/junit/jupiter/engine/extension/TempDirectory
instanceKlass org/junit/jupiter/api/TestReporter
instanceKlass org/junit/jupiter/engine/extension/TestReporterParameterResolver
instanceKlass org/junit/jupiter/api/TestInfo
instanceKlass org/junit/jupiter/engine/extension/TestInfoParameterResolver
instanceKlass org/junit/jupiter/api/extension/TestTemplateInvocationContext
instanceKlass org/junit/jupiter/engine/extension/RepeatedTestExtension
instanceKlass org/junit/jupiter/api/extension/TestTemplateInvocationContextProvider
instanceKlass org/junit/jupiter/api/extension/ExtensionContext$Namespace
instanceKlass org/junit/jupiter/api/Timeout
instanceKlass org/junit/jupiter/engine/extension/TimeoutExtension
instanceKlass org/junit/jupiter/engine/extension/AutoCloseExtension
instanceKlass org/junit/jupiter/api/extension/TestInstancePreDestroyCallback
instanceKlass org/junit/jupiter/engine/extension/DisabledCondition
instanceKlass org/junit/jupiter/api/extension/ExecutionCondition
instanceKlass org/junit/jupiter/engine/extension/MutableExtensionRegistry$Entry
instanceKlass org/junit/jupiter/engine/extension/MutableExtensionRegistry
instanceKlass org/junit/platform/engine/support/hierarchical/ThrowableCollector$Executable
instanceKlass org/junit/platform/commons/util/UnrecoverableExceptions
instanceKlass org/junit/platform/engine/support/hierarchical/Node$DynamicTestExecutor
instanceKlass org/junit/platform/engine/support/hierarchical/NodeTestTask
instanceKlass org/junit/platform/engine/support/hierarchical/NodeTestTaskContext
instanceKlass java/util/ArrayDeque$DeqSpliterator
instanceKlass org/junit/jupiter/engine/descriptor/ResourceLockAware$1
instanceKlass org/junit/jupiter/api/parallel/ResourceLocksProvider
instanceKlass org/junit/platform/engine/support/hierarchical/NopLock
instanceKlass org/junit/platform/engine/support/hierarchical/NodeExecutionAdvisor
instanceKlass org/junit/platform/engine/support/hierarchical/NodeUtils$1
instanceKlass org/junit/platform/engine/support/hierarchical/NodeUtils
instanceKlass java/util/concurrent/locks/ReentrantReadWriteLock$WriteLock
instanceKlass java/util/concurrent/locks/ReentrantReadWriteLock$ReadLock
instanceKlass java/util/concurrent/locks/ReentrantReadWriteLock
instanceKlass org/junit/platform/engine/support/hierarchical/ExclusiveResource
instanceKlass org/junit/platform/engine/support/hierarchical/SingleLock
instanceKlass java/util/concurrent/locks/ReadWriteLock
instanceKlass org/junit/platform/engine/support/hierarchical/ResourceLock
instanceKlass org/junit/platform/engine/support/hierarchical/LockManager
instanceKlass org/junit/platform/engine/support/hierarchical/NodeTreeWalker
instanceKlass org/junit/platform/engine/support/hierarchical/HierarchicalTestExecutorService$TestTask
instanceKlass org/junit/platform/engine/support/hierarchical/HierarchicalTestExecutor
instanceKlass org/junit/jupiter/engine/support/JupiterThrowableCollectorFactory
instanceKlass org/junit/platform/engine/support/hierarchical/ThrowableCollector
instanceKlass org/junit/platform/engine/support/hierarchical/ThrowableCollector$Factory
instanceKlass org/junit/jupiter/engine/execution/JupiterEngineExecutionContext$State
instanceKlass org/junit/jupiter/engine/execution/JupiterEngineExecutionContext
instanceKlass org/junit/platform/engine/support/hierarchical/SameThreadHierarchicalTestExecutorService
instanceKlass org/junit/platform/launcher/core/DelegatingEngineExecutionListener
instanceKlass org/junit/platform/launcher/core/ExecutionListenerAdapter
instanceKlass org/junit/platform/launcher/core/CompositeEngineExecutionListener
instanceKlass org/junit/platform/engine/EngineExecutionListener$1
instanceKlass org/junit/platform/launcher/core/StreamInterceptingTestExecutionListener
instanceKlass org/junit/platform/engine/reporting/ReportEntry
instanceKlass org/junit/platform/launcher/core/CompositeTestExecutionListener$EagerTestExecutionListener
instanceKlass org/apache/maven/surefire/api/util/CloseableIterator
instanceKlass org/apache/maven/surefire/api/util/DefaultRunOrderCalculator
instanceKlass org/apache/maven/surefire/api/util/TestsToRun
instanceKlass com/example/meetingroom/web/UserController
instanceKlass com/example/meetingroom/web/UserControllerTest
instanceKlass com/example/meetingroom/web/MeetingRoomController
instanceKlass com/example/meetingroom/web/MeetingRoomControllerTest
instanceKlass org/springframework/boot/test/autoconfigure/json/AutoConfigureJson
instanceKlass com/example/meetingroom/web/BookingController
instanceKlass org/jacoco/agent/rt/internal_0e20598/asm/TypePath
instanceKlass org/jacoco/agent/rt/internal_0e20598/asm/TypeReference
instanceKlass org/springframework/boot/test/autoconfigure/web/servlet/AutoConfigureMockMvc
instanceKlass org/springframework/boot/test/autoconfigure/web/servlet/AutoConfigureWebMvc
instanceKlass org/springframework/boot/test/autoconfigure/web/servlet/WebMvcTest
instanceKlass org/springframework/test/web/servlet/RequestBuilder
instanceKlass com/example/meetingroom/web/BookingControllerTest
instanceKlass com/example/meetingroom/service/NotificationServiceTest
instanceKlass org/mockito/invocation/InvocationOnMock
instanceKlass com/example/meetingroom/service/BookingServiceTest
instanceKlass com/example/meetingroom/service/BookingSchedulerTest
instanceKlass org/mockito/junit/jupiter/MockitoExtension
instanceKlass com/example/meetingroom/domain/TimeRange
instanceKlass com/example/meetingroom/service/BookingRuleValidatorTest
instanceKlass org/junit/jupiter/api/AfterEach
instanceKlass com/example/meetingroom/service/BookingConcurrencyIntegrationTest
instanceKlass com/example/meetingroom/repository/EntityMappingTest
instanceKlass org/junit/jupiter/api/BeforeEach
instanceKlass sun/reflect/annotation/AnnotationInvocationHandler$1
instanceKlass org/springframework/boot/autoconfigure/AutoConfigurationImportSelector
instanceKlass org/springframework/core/Ordered
instanceKlass org/springframework/context/EnvironmentAware
instanceKlass org/springframework/context/ResourceLoaderAware
instanceKlass org/springframework/context/annotation/DeferredImportSelector
instanceKlass org/springframework/context/annotation/ImportSelector
instanceKlass org/springframework/boot/context/annotation/DeterminableImports
instanceKlass org/springframework/aot/hint/annotation/SimpleReflectiveProcessor
instanceKlass org/springframework/aot/hint/annotation/ReflectiveProcessor
instanceKlass org/springframework/context/annotation/Import
instanceKlass org/springframework/boot/test/autoconfigure/properties/PropertyMapping
instanceKlass javax/sql/DataSource
instanceKlass java/sql/Wrapper
instanceKlass javax/sql/CommonDataSource
instanceKlass jdk/internal/module/ModulePatcher$PatchedModuleReader
instanceKlass org/springframework/aot/hint/annotation/Reflective
instanceKlass org/springframework/boot/context/TypeExcludeFilter
instanceKlass org/springframework/beans/factory/BeanFactoryAware
instanceKlass org/springframework/core/type/filter/TypeFilter
instanceKlass org/springframework/beans/factory/BeanClassLoaderAware
instanceKlass org/springframework/beans/factory/Aware
instanceKlass org/springframework/boot/autoconfigure/ImportAutoConfiguration
instanceKlass org/springframework/boot/test/autoconfigure/orm/jpa/AutoConfigureTestEntityManager
instanceKlass org/springframework/boot/test/autoconfigure/jdbc/AutoConfigureTestDatabase
instanceKlass org/springframework/boot/test/autoconfigure/orm/jpa/AutoConfigureDataJpa
instanceKlass org/springframework/boot/test/autoconfigure/core/AutoConfigureCache
instanceKlass org/springframework/transaction/annotation/Transactional
instanceKlass org/springframework/boot/test/autoconfigure/filter/TypeExcludeFilters
instanceKlass org/springframework/boot/test/autoconfigure/OverrideAutoConfiguration
instanceKlass org/springframework/context/annotation/ComponentScan$Filter
instanceKlass org/springframework/boot/test/autoconfigure/orm/jpa/DataJpaTest
instanceKlass com/example/meetingroom/domain/Booking
instanceKlass java/time/LocalDateTime
instanceKlass java/time/chrono/ChronoLocalDateTime
instanceKlass com/example/meetingroom/repository/BookingRepositoryTest
instanceKlass org/junit/jupiter/api/extension/Extensions
instanceKlass org/springframework/test/context/junit/jupiter/SpringExtension
instanceKlass org/junit/jupiter/api/extension/ParameterResolver
instanceKlass org/junit/jupiter/api/extension/AfterTestExecutionCallback
instanceKlass org/junit/jupiter/api/extension/BeforeTestExecutionCallback
instanceKlass org/junit/jupiter/api/extension/AfterEachCallback
instanceKlass org/junit/jupiter/api/extension/BeforeEachCallback
instanceKlass org/junit/jupiter/api/extension/TestInstancePostProcessor
instanceKlass org/junit/jupiter/api/extension/AfterAllCallback
instanceKlass org/junit/jupiter/api/extension/BeforeAllCallback
instanceKlass org/springframework/test/context/support/AbstractTestContextBootstrapper
instanceKlass org/springframework/test/context/TestContextBootstrapper
instanceKlass org/junit/jupiter/api/extension/ExtendWith
instanceKlass org/springframework/test/context/BootstrapWith
instanceKlass java/lang/invoke/ConstantBootstraps
instanceKlass org/springframework/boot/test/context/SpringBootTest
instanceKlass com/example/meetingroom/MeetingRoomApplicationTests
instanceKlass java/io/ObjectStreamClass$FieldReflector
instanceKlass java/io/ObjectStreamClass$FieldReflectorKey
instanceKlass java/io/ObjectInput
instanceKlass java/io/ObjectStreamConstants
instanceKlass java/io/ObjectOutput
instanceKlass java/util/ComparableTimSort
instanceKlass java/io/ObjectStreamClass$2
instanceKlass java/io/Externalizable
instanceKlass java/io/ClassCache
instanceKlass java/io/ObjectStreamClass$Caches
instanceKlass java/io/ObjectStreamClass
instanceKlass org/junit/platform/launcher/TestIdentifier$SerializedForm
instanceKlass org/junit/platform/launcher/TestIdentifier
instanceKlass org/junit/platform/launcher/core/LauncherDiscoveryResult
instanceKlass org/junit/platform/commons/util/ExceptionUtils
instanceKlass org/junit/platform/launcher/EngineDiscoveryResult
instanceKlass org/junit/jupiter/api/TestMethodOrder
instanceKlass org/junit/jupiter/api/TestClassOrder
instanceKlass org/junit/jupiter/engine/discovery/AbstractOrderingVisitor$DescriptorWrapperOrderer
instanceKlass org/junit/jupiter/engine/discovery/AbstractOrderingVisitor$MessageGenerator
instanceKlass org/junit/jupiter/engine/discovery/AbstractAnnotatedDescriptorWrapper
instanceKlass org/junit/jupiter/api/ClassDescriptor
instanceKlass org/junit/jupiter/engine/descriptor/Filterable
instanceKlass org/junit/platform/engine/support/descriptor/MethodSource
instanceKlass org/junit/jupiter/engine/execution/InterceptingExecutableInvoker$ReflectiveInterceptorCall
instanceKlass org/junit/jupiter/api/extension/InvocationInterceptor
instanceKlass org/junit/jupiter/engine/execution/InterceptingExecutableInvoker$ReflectiveInterceptorCall$VoidMethodInterceptorCall
instanceKlass org/junit/platform/engine/discovery/FileSelector
instanceKlass org/junit/platform/engine/discovery/DirectorySelector
instanceKlass org/junit/platform/engine/discovery/IterationSelector
instanceKlass org/junit/platform/commons/util/ClassUtils
instanceKlass org/junit/platform/engine/discovery/MethodSelector
instanceKlass java/util/stream/StreamSpliterators
instanceKlass java/util/stream/Streams$2
instanceKlass java/util/stream/StreamSpliterators$AbstractWrappingSpliterator
instanceKlass java/util/stream/Streams$ConcatSpliterator
instanceKlass org/junit/platform/engine/discovery/NestedClassSelector
instanceKlass java/util/stream/DistinctOps
instanceKlass java/util/stream/ForEachOps$ForEachOp
instanceKlass java/util/stream/ForEachOps
instanceKlass org/junit/platform/engine/SelectorResolutionResult
instanceKlass jdk/internal/reflect/ClassDefiner$1
instanceKlass jdk/internal/reflect/ClassDefiner
instanceKlass jdk/internal/reflect/MethodAccessorGenerator$1
instanceKlass jdk/internal/reflect/Label$PatchInfo
instanceKlass jdk/internal/reflect/Label
instanceKlass jdk/internal/reflect/UTF8
instanceKlass jdk/internal/reflect/ClassFileAssembler
instanceKlass jdk/internal/reflect/ByteVectorImpl
instanceKlass jdk/internal/reflect/ByteVector
instanceKlass jdk/internal/reflect/ByteVectorFactory
instanceKlass jdk/internal/reflect/AccessorGenerator
instanceKlass jdk/internal/reflect/ClassFileConstants
instanceKlass org/junit/jupiter/api/parallel/ResourceLocks
instanceKlass org/junit/jupiter/api/parallel/ResourceLock
instanceKlass org/junit/jupiter/engine/descriptor/ExclusiveResourceCollector
instanceKlass org/junit/jupiter/api/TestInstance
instanceKlass org/junit/jupiter/engine/descriptor/TestInstanceLifecycleUtils
instanceKlass org/junit/platform/engine/TestTag
instanceKlass org/junit/jupiter/api/Tags
instanceKlass java/lang/annotation/Repeatable
instanceKlass org/junit/jupiter/api/Tag
instanceKlass java/util/AbstractList$Itr
instanceKlass org/junit/jupiter/api/DisplayNameGeneration
instanceKlass org/junit/jupiter/api/DisplayName
instanceKlass org/junit/platform/engine/support/descriptor/ClassSource
instanceKlass org/junit/jupiter/api/DisplayNameGenerator$IndicativeSentences
instanceKlass org/junit/jupiter/api/DisplayNameGenerator$Standard
instanceKlass org/junit/jupiter/engine/descriptor/DisplayNameUtils
instanceKlass org/junit/jupiter/engine/execution/InvocationInterceptorChain
instanceKlass org/junit/jupiter/api/extension/InvocationInterceptor$Invocation
instanceKlass org/junit/jupiter/api/extension/ReflectiveInvocationContext
instanceKlass org/junit/jupiter/engine/execution/InterceptingExecutableInvoker
instanceKlass org/junit/jupiter/api/extension/ConditionEvaluationResult
instanceKlass org/junit/jupiter/engine/execution/ConditionEvaluator
instanceKlass org/junit/jupiter/api/extension/TestInstantiationAwareExtension
instanceKlass org/junit/jupiter/api/extension/Extension
instanceKlass org/junit/jupiter/api/extension/TestInstanceFactoryContext
instanceKlass org/junit/jupiter/engine/extension/ExtensionRegistrar
instanceKlass org/junit/platform/engine/TestSource
instanceKlass org/junit/jupiter/engine/descriptor/ResourceLockAware
instanceKlass java/lang/Class$AnnotationData
instanceKlass org/junit/platform/commons/annotation/Testable
instanceKlass org/apiguardian/api/API
instanceKlass java/lang/annotation/Documented
instanceKlass org/junit/platform/commons/util/AnnotationUtils
instanceKlass org/junit/platform/commons/support/AnnotationSupport
instanceKlass java/util/TimSort
instanceKlass java/util/Arrays$LegacyMergeSort
instanceKlass java/util/stream/SortedOps
instanceKlass org/assertj/core/data/TemporalOffset
instanceKlass org/junit/platform/commons/support/ModifierSupport
instanceKlass java/util/regex/Pattern$1
instanceKlass java/lang/invoke/MethodHandle$1
instanceKlass org/junit/platform/commons/function/Try
instanceKlass java/nio/file/FileVisitor
instanceKlass org/junit/platform/commons/support/scanning/DefaultClasspathScanner
instanceKlass org/junit/platform/commons/support/scanning/ClasspathScanner
instanceKlass org/junit/platform/commons/util/ClasspathScannerLoader
instanceKlass org/junit/platform/commons/util/ReflectionUtils
instanceKlass org/junit/platform/commons/support/ReflectionSupport
instanceKlass org/junit/platform/engine/discovery/ClasspathRootSelector
instanceKlass org/junit/platform/engine/discovery/ClasspathResourceSelector
instanceKlass org/junit/platform/engine/support/discovery/SelectorResolver$Resolution
instanceKlass org/junit/platform/engine/discovery/UniqueIdSelector
instanceKlass org/junit/platform/engine/support/discovery/SelectorResolver$Match
instanceKlass org/junit/platform/engine/support/discovery/EngineDiscoveryRequestResolution$DefaultContext
instanceKlass org/junit/platform/engine/support/discovery/SelectorResolver$Context
instanceKlass org/junit/platform/engine/support/discovery/EngineDiscoveryRequestResolution
instanceKlass org/junit/jupiter/api/MethodOrdererContext
instanceKlass org/junit/jupiter/api/ClassOrdererContext
instanceKlass org/junit/jupiter/engine/discovery/AbstractOrderingVisitor
instanceKlass org/junit/jupiter/engine/discovery/MethodFinder
instanceKlass org/junit/jupiter/engine/discovery/MethodSelectorResolver
instanceKlass org/junit/jupiter/engine/discovery/ClassSelectorResolver
instanceKlass org/junit/platform/engine/support/discovery/ClassContainerSelectorResolver
instanceKlass org/junit/platform/engine/CompositeFilter$1
instanceKlass org/junit/platform/engine/CompositeFilter
instanceKlass org/junit/platform/engine/discovery/PackageNameFilter
instanceKlass org/junit/platform/engine/discovery/ClassNameFilter
instanceKlass org/junit/platform/engine/DiscoveryFilter
instanceKlass org/junit/platform/engine/support/discovery/EngineDiscoveryRequestResolver$DefaultInitializationContext
instanceKlass org/junit/jupiter/engine/discovery/predicates/IsInnerClass
instanceKlass org/junit/jupiter/engine/discovery/predicates/IsNestedTestClass
instanceKlass org/junit/jupiter/engine/discovery/predicates/IsPotentialTestContainer
instanceKlass org/junit/jupiter/api/TestTemplate
instanceKlass org/junit/jupiter/api/TestFactory
instanceKlass org/junit/jupiter/api/Test
instanceKlass org/junit/jupiter/engine/discovery/predicates/IsTestableMethod
instanceKlass org/junit/jupiter/engine/discovery/predicates/IsTestClassWithTests
instanceKlass org/junit/platform/engine/support/discovery/EngineDiscoveryRequestResolver$Builder
instanceKlass org/junit/platform/engine/support/discovery/EngineDiscoveryRequestResolver$InitializationContext
instanceKlass org/junit/platform/engine/support/discovery/EngineDiscoveryRequestResolver
instanceKlass org/junit/platform/engine/TestDescriptor$Visitor
instanceKlass org/junit/platform/engine/support/discovery/SelectorResolver
instanceKlass org/junit/jupiter/engine/discovery/DiscoverySelectorResolver
instanceKlass org/junit/jupiter/api/extension/ExtensionContext
instanceKlass org/junit/jupiter/engine/extension/ExtensionRegistry
instanceKlass org/junit/platform/engine/support/descriptor/AbstractTestDescriptor
instanceKlass org/junit/platform/engine/support/hierarchical/Node
instanceKlass org/junit/jupiter/api/io/TempDirFactory
instanceKlass org/junit/jupiter/api/ClassOrderer
instanceKlass org/junit/jupiter/api/MethodOrderer
instanceKlass org/junit/jupiter/api/DisplayNameGenerator
instanceKlass org/junit/jupiter/engine/config/InstantiatingConfigurationParameterConverter
instanceKlass org/junit/jupiter/engine/config/EnumConfigurationParameterConverter
instanceKlass org/junit/jupiter/engine/config/DefaultJupiterConfiguration
instanceKlass org/junit/jupiter/engine/config/CachingJupiterConfiguration
instanceKlass org/junit/platform/engine/UniqueId$Segment
instanceKlass java/net/URLEncoder
instanceKlass java/lang/Character$CharacterCache
instanceKlass java/util/Formattable
instanceKlass java/util/Formatter$FixedString
instanceKlass java/util/Formatter$Flags
instanceKlass java/util/Formatter$FormatSpecifier
instanceKlass java/util/Formatter$FormatString
instanceKlass java/util/Formatter$Conversion
instanceKlass java/util/Formatter
instanceKlass org/junit/platform/engine/UniqueIdFormat
instanceKlass java/util/stream/MatchOps$BooleanTerminalSink
instanceKlass java/util/stream/MatchOps$MatchOp
instanceKlass java/util/stream/MatchOps
instanceKlass org/junit/platform/engine/FilterResult
instanceKlass org/junit/platform/launcher/core/EngineFilterer
instanceKlass org/junit/platform/engine/UniqueId
instanceKlass org/junit/platform/launcher/core/DefaultDiscoveryRequest
instanceKlass org/junit/platform/launcher/core/HierarchicalOutputDirectoryProvider
instanceKlass org/junit/platform/launcher/LauncherDiscoveryListener$1
instanceKlass org/junit/platform/engine/EngineDiscoveryListener$1
instanceKlass org/junit/platform/launcher/listeners/discovery/AbortOnFailureLauncherDiscoveryListener
instanceKlass org/junit/platform/engine/discovery/ClassSelector
instanceKlass org/junit/platform/engine/discovery/DiscoverySelectors
instanceKlass org/junit/platform/engine/DiscoverySelector
instanceKlass org/junit/platform/engine/reporting/OutputDirectoryProvider
instanceKlass org/junit/platform/launcher/LauncherDiscoveryRequest
instanceKlass org/junit/platform/launcher/core/LauncherDiscoveryRequestBuilder
instanceKlass com/example/meetingroom/config/MutableClockTest
instanceKlass org/jacoco/agent/rt/internal_0e20598/asm/ConstantDynamic
instanceKlass org/jacoco/agent/rt/internal_0e20598/core/internal/instr/CondyProbeArrayStrategy
instanceKlass org/apache/maven/surefire/api/util/DefaultScanResult
instanceKlass org/apache/maven/surefire/junitplatform/TestPlanScannerFilter
instanceKlass org/apache/maven/surefire/junitplatform/LauncherAdapter
instanceKlass org/junit/platform/launcher/listeners/UniqueIdTrackingListener
instanceKlass org/junit/platform/commons/util/ClassNamePatternFilterUtils
instanceKlass org/junit/platform/launcher/core/EngineIdValidator
instanceKlass org/junit/platform/launcher/core/EngineDiscoveryResultValidator
instanceKlass org/junit/platform/engine/EngineDiscoveryRequest
instanceKlass org/junit/platform/launcher/core/EngineDiscoveryOrchestrator
instanceKlass org/junit/platform/launcher/TestPlan$Visitor
instanceKlass org/junit/platform/engine/EngineExecutionListener
instanceKlass org/junit/platform/launcher/core/EngineExecutionOrchestrator
instanceKlass org/junit/platform/launcher/core/CompositeTestExecutionListener
instanceKlass org/junit/platform/launcher/LauncherDiscoveryListener
instanceKlass org/junit/platform/engine/EngineDiscoveryListener
instanceKlass org/junit/platform/launcher/listeners/discovery/LauncherDiscoveryListeners
instanceKlass org/junit/platform/launcher/core/LauncherListenerRegistry
instanceKlass org/junit/platform/launcher/TestPlan
instanceKlass org/junit/platform/launcher/core/DefaultLauncher
instanceKlass org/junit/platform/engine/support/hierarchical/EngineExecutionContext
instanceKlass org/junit/platform/engine/TestDescriptor
instanceKlass org/junit/jupiter/engine/config/JupiterConfiguration
instanceKlass org/junit/platform/engine/support/hierarchical/HierarchicalTestExecutorService
instanceKlass org/junit/platform/engine/support/hierarchical/HierarchicalTestEngine
instanceKlass org/junit/platform/engine/TestEngine
instanceKlass org/junit/platform/launcher/core/ServiceLoaderTestEngineRegistry
instanceKlass org/junit/platform/launcher/core/DelegatingLauncher
instanceKlass org/junit/platform/launcher/LauncherSessionListener$1
instanceKlass java/util/ServiceLoader$ProviderSpliterator
instanceKlass org/junit/platform/commons/util/ServiceLoaderUtils
instanceKlass org/junit/platform/launcher/core/ServiceLoaderRegistry
instanceKlass org/junit/platform/launcher/listeners/session/LauncherSessionListeners
instanceKlass org/junit/platform/launcher/core/ListenerRegistry
instanceKlass org/junit/platform/launcher/LauncherInterceptor$Invocation
instanceKlass java/util/stream/SliceOps
instanceKlass org/junit/platform/launcher/LauncherSessionListener
instanceKlass org/junit/platform/launcher/core/ClasspathAlignmentCheckingLauncherInterceptor
instanceKlass org/junit/platform/launcher/core/DefaultLauncherSession$1
instanceKlass org/junit/platform/launcher/LauncherInterceptor
instanceKlass org/junit/platform/launcher/core/DefaultLauncherSession
instanceKlass org/junit/platform/launcher/core/LauncherConfigurationParameters$ParameterProvider$3
instanceKlass org/junit/platform/commons/util/ClassLoaderUtils
instanceKlass java/util/regex/CharPredicates
instanceKlass org/junit/platform/commons/util/StringUtils$TwoPartSplitResult
instanceKlass org/junit/platform/commons/util/StringUtils
instanceKlass org/junit/platform/launcher/core/LauncherConfigurationParameters$ParameterProvider$2
instanceKlass org/junit/platform/launcher/core/LauncherConfigurationParameters$ParameterProvider
instanceKlass org/junit/platform/commons/util/CollectionUtils
instanceKlass org/junit/platform/launcher/core/LauncherConfigurationParameters$Builder
instanceKlass org/junit/platform/commons/logging/LoggerFactory$DelegatingLogger
instanceKlass org/junit/platform/commons/logging/Logger
instanceKlass org/junit/platform/commons/logging/LoggerFactory
instanceKlass org/junit/platform/launcher/core/LauncherConfigurationParameters
instanceKlass org/junit/platform/commons/util/Preconditions
instanceKlass org/junit/platform/launcher/core/DefaultLauncherConfig
instanceKlass org/junit/platform/launcher/core/LauncherConfig$Builder
instanceKlass org/junit/platform/launcher/core/LauncherConfig
instanceKlass org/junit/platform/engine/ConfigurationParameters
instanceKlass org/junit/platform/launcher/Launcher
instanceKlass org/junit/platform/launcher/core/LauncherFactory
instanceKlass org/junit/platform/launcher/LauncherSession
instanceKlass jdk/internal/logger/DefaultLoggerFinder$1
instanceKlass java/util/logging/Logger$SystemLoggerHelper$1
instanceKlass java/util/logging/Logger$SystemLoggerHelper
instanceKlass java/util/logging/LogManager$4
instanceKlass jdk/internal/logger/BootstrapLogger$BootstrapExecutors
instanceKlass jdk/internal/logger/BootstrapLogger$RedirectedLoggers
instanceKlass jdk/internal/logger/BootstrapLogger$DetectBackend$1
instanceKlass jdk/internal/logger/BootstrapLogger$DetectBackend
instanceKlass jdk/internal/logger/BootstrapLogger
instanceKlass sun/util/logging/PlatformLogger$ConfigurableBridge
instanceKlass sun/util/logging/PlatformLogger$Bridge
instanceKlass java/lang/System$Logger
instanceKlass java/util/stream/Streams
instanceKlass java/util/stream/Stream$Builder
instanceKlass java/util/stream/Streams$AbstractStreamBuilderImpl
instanceKlass java/util/ArrayList$ArrayListSpliterator
instanceKlass java/util/Hashtable$Enumerator
instanceKlass java/util/Collections$3
instanceKlass java/util/logging/LogManager$LoggerContext$1
instanceKlass java/util/logging/LogManager$VisitedLoggers
instanceKlass java/util/logging/LogManager$2
instanceKlass java/lang/System$LoggerFinder
instanceKlass java/util/logging/LogManager$LoggingProviderAccess
instanceKlass sun/util/logging/internal/LoggingProviderImpl$LogManagerAccess
instanceKlass java/util/Collections$SynchronizedMap
instanceKlass java/util/logging/LogManager$LogNode
instanceKlass java/util/logging/LogManager$LoggerContext
instanceKlass java/util/logging/LogManager$1
instanceKlass java/util/logging/Logger$ConfigurationData
instanceKlass java/util/logging/Logger$LoggerBundle
instanceKlass java/util/logging/Level
instanceKlass java/util/logging/Handler
instanceKlass java/util/logging/Logger
instanceKlass org/apache/maven/surefire/api/report/ConsoleOutputCapture
instanceKlass org/apache/maven/surefire/report/ClassMethodIndexer
instanceKlass org/apache/maven/surefire/api/report/TestSetReportEntry
instanceKlass org/apache/maven/surefire/api/report/StackTraceWriter
instanceKlass org/apache/maven/surefire/api/report/OutputReportEntry
instanceKlass org/apache/maven/surefire/junitplatform/RunListenerAdapter
instanceKlass org/apache/maven/surefire/report/RunModeSetter
instanceKlass org/junit/platform/launcher/TestExecutionListener
instanceKlass org/apache/maven/surefire/api/report/Stoppable
instanceKlass org/junit/platform/engine/ExecutionRequest
instanceKlass org/junit/platform/launcher/EngineFilter
instanceKlass org/apache/maven/surefire/junitplatform/TestMethodFilter
instanceKlass org/junit/platform/launcher/PostDiscoveryFilter
instanceKlass org/junit/platform/engine/Filter
instanceKlass org/junit/platform/launcher/TagFilter
instanceKlass org/apache/maven/surefire/junitplatform/LauncherSessionAdapter
instanceKlass org/apache/maven/surefire/junitplatform/CancellationTokenAdapter
instanceKlass org/apache/maven/surefire/junitplatform/LauncherSessionFactory
instanceKlass org/apache/maven/surefire/api/util/ScannerFilter
instanceKlass org/apache/maven/surefire/api/provider/AbstractProvider
instanceKlass org/apache/maven/surefire/api/provider/SurefireProvider
instanceKlass org/apache/maven/surefire/api/util/ScanResult
instanceKlass org/apache/maven/surefire/api/util/RunOrderCalculator
instanceKlass org/apache/maven/surefire/api/util/DirectoryScanner
instanceKlass org/apache/maven/surefire/api/booter/BaseProviderFactory
instanceKlass org/apache/maven/surefire/api/provider/ProviderParameters
instanceKlass org/apache/maven/surefire/booter/ForkedBooter$PingScheduler
instanceKlass org/apache/maven/surefire/booter/ForkedBooter$3
instanceKlass org/apache/maven/surefire/api/booter/BiProperty
instanceKlass org/apache/maven/surefire/booter/ForkedBooter$4
instanceKlass java/lang/ProcessHandleImpl$Info
instanceKlass java/util/concurrent/SynchronousQueue$TransferStack$SNode
instanceKlass java/util/concurrent/SynchronousQueue$Transferer
instanceKlass java/lang/ProcessHandleImpl
instanceKlass java/time/OffsetDateTime
instanceKlass java/time/ZonedDateTime
instanceKlass java/util/concurrent/ConcurrentLinkedQueue$Itr
instanceKlass java/time/chrono/ChronoZonedDateTime
instanceKlass org/apache/maven/surefire/booter/CommandReader$1
instanceKlass java/time/ZoneId
instanceKlass java/time/Clock
instanceKlass java/time/InstantSource
instanceKlass java/time/temporal/ValueRange
instanceKlass java/time/temporal/TemporalQuery
instanceKlass java/time/temporal/TemporalField
instanceKlass java/util/concurrent/CompletableFuture
instanceKlass org/apache/maven/surefire/api/booter/Command
instanceKlass java/util/concurrent/CompletionStage
instanceKlass java/time/Instant
instanceKlass java/time/temporal/TemporalAdjuster
instanceKlass java/time/temporal/Temporal
instanceKlass java/time/temporal/TemporalAccessor
instanceKlass java/lang/ProcessHandle$Info
instanceKlass java/lang/ProcessHandle
instanceKlass org/apache/maven/surefire/booter/stream/CommandDecoder$1
instanceKlass org/apache/maven/surefire/api/util/ReflectionUtils
instanceKlass org/apache/maven/surefire/booter/ProcessHandleChecker
instanceKlass org/apache/maven/surefire/api/stream/AbstractStreamDecoder$BufferedStream
instanceKlass org/apache/maven/surefire/booter/ProcessChecker
instanceKlass org/jacoco/agent/rt/internal_0e20598/core/internal/instr/InterfaceFieldProbeArrayStrategy
instanceKlass org/apache/maven/surefire/api/stream/AbstractStreamDecoder$Memento
instanceKlass java/util/concurrent/CountDownLatch
instanceKlass java/util/concurrent/atomic/AtomicReference
instanceKlass org/apache/maven/surefire/booter/CommandReader$CommandRunnable
instanceKlass java/util/concurrent/ConcurrentLinkedQueue$Node
instanceKlass org/apache/maven/surefire/booter/CommandReader
instanceKlass org/apache/maven/surefire/api/booter/ForkingRunListener
instanceKlass org/apache/maven/surefire/api/report/TestReportListener
instanceKlass org/apache/maven/surefire/api/report/TestOutputReceiver
instanceKlass org/apache/maven/surefire/api/report/RunListener
instanceKlass org/apache/maven/surefire/api/booter/ForkingReporterFactory
instanceKlass org/apache/maven/surefire/shared/utils/cli/ShutdownHookUtils
instanceKlass org/apache/maven/surefire/booter/ForkedBooter$8
instanceKlass org/apache/maven/surefire/api/stream/AbstractStreamDecoder$Segment
instanceKlass org/apache/maven/surefire/api/booter/Constants
instanceKlass org/apache/maven/surefire/api/util/internal/AbstractNoninterruptibleReadableChannel
instanceKlass org/jacoco/agent/rt/internal_0e20598/asm/Handle
instanceKlass org/apache/maven/surefire/api/stream/AbstractStreamDecoder
instanceKlass org/apache/maven/surefire/booter/spi/CommandChannelDecoder
instanceKlass java/util/concurrent/atomic/AtomicBoolean
instanceKlass org/apache/maven/surefire/api/report/ReportEntry
instanceKlass org/apache/maven/surefire/api/stream/AbstractStreamEncoder
instanceKlass java/util/concurrent/locks/AbstractQueuedSynchronizer$Node
instanceKlass java/util/concurrent/ForkJoinPool$ManagedBlocker
instanceKlass java/time/Duration
instanceKlass java/time/temporal/TemporalAmount
instanceKlass java/time/temporal/TemporalUnit
instanceKlass java/util/concurrent/TimeUnit$1
instanceKlass java/util/concurrent/Executors$RunnableAdapter
instanceKlass java/util/concurrent/FutureTask$WaitNode
instanceKlass java/util/concurrent/FutureTask
instanceKlass org/apache/maven/surefire/booter/spi/AbstractMasterProcessChannelProcessorFactory$1
instanceKlass org/apache/maven/surefire/api/util/internal/AbstractNoninterruptibleWritableChannel
instanceKlass org/apache/maven/surefire/api/util/internal/WritableBufferedByteChannel
instanceKlass org/apache/maven/surefire/api/util/internal/Channels
instanceKlass org/apache/maven/plugin/surefire/log/api/NullConsoleLogger
instanceKlass org/apache/maven/surefire/booter/ForkedNodeArg
instanceKlass java/nio/channels/AsynchronousByteChannel
instanceKlass java/nio/channels/AsynchronousChannel
instanceKlass java/net/SocketAddress
instanceKlass java/util/concurrent/locks/AbstractQueuedSynchronizer$ConditionObject
instanceKlass java/util/concurrent/locks/Condition
instanceKlass java/util/concurrent/RunnableScheduledFuture
instanceKlass java/util/concurrent/ScheduledFuture
instanceKlass java/util/concurrent/Delayed
instanceKlass java/util/concurrent/RunnableFuture
instanceKlass java/util/concurrent/Future
instanceKlass java/util/concurrent/BlockingQueue
instanceKlass java/util/concurrent/ThreadPoolExecutor$AbortPolicy
instanceKlass java/util/concurrent/RejectedExecutionHandler
instanceKlass java/util/concurrent/AbstractExecutorService
instanceKlass org/apache/maven/surefire/api/util/internal/DaemonThreadFactory$NamedThreadFactory
instanceKlass java/util/concurrent/Executors$DefaultThreadFactory
instanceKlass java/util/concurrent/Executors
instanceKlass org/apache/maven/surefire/api/util/internal/DaemonThreadFactory
instanceKlass org/apache/maven/surefire/api/booter/MasterProcessChannelDecoder
instanceKlass org/apache/maven/surefire/api/booter/MasterProcessChannelEncoder
instanceKlass org/apache/maven/surefire/booter/spi/AbstractMasterProcessChannelProcessorFactory
instanceKlass java/util/zip/ZipFile$ZipEntryIterator
instanceKlass jdk/internal/loader/URLClassPath$1
instanceKlass java/lang/CompoundEnumeration
instanceKlass jdk/internal/loader/BuiltinClassLoader$1
instanceKlass java/util/Spliterators$1Adapter
instanceKlass org/apache/maven/surefire/spi/MasterProcessChannelProcessorFactory
instanceKlass org/apache/maven/surefire/booter/StartupConfiguration
instanceKlass org/apache/maven/surefire/booter/Classpath
instanceKlass org/apache/maven/surefire/booter/AbstractPathConfiguration
instanceKlass org/apache/maven/surefire/booter/ClassLoaderConfiguration
instanceKlass sun/management/Util
instanceKlass java/util/Collections$2
instanceKlass sun/management/RuntimeImpl
instanceKlass java/util/stream/ReduceOps$2ReducingSink
instanceKlass java/util/HashMap$HashMapSpliterator
instanceKlass jdk/management/jfr/internal/FlightRecorderMXBeanProvider$SingleMBeanComponent
instanceKlass jdk/management/jfr/FlightRecorderMXBean
instanceKlass java/lang/management/DefaultPlatformMBeanProvider$11
instanceKlass java/lang/management/DefaultPlatformMBeanProvider$10
instanceKlass java/lang/management/DefaultPlatformMBeanProvider$9
instanceKlass java/util/logging/LogManager
instanceKlass sun/management/ManagementFactoryHelper$LoggingMXBeanAccess$1
instanceKlass sun/management/ManagementFactoryHelper$LoggingMXBeanAccess
instanceKlass java/lang/management/DefaultPlatformMBeanProvider$8
instanceKlass java/lang/management/DefaultPlatformMBeanProvider$7
instanceKlass java/lang/management/DefaultPlatformMBeanProvider$6
instanceKlass java/lang/management/DefaultPlatformMBeanProvider$5
instanceKlass java/lang/management/DefaultPlatformMBeanProvider$4
instanceKlass java/lang/management/DefaultPlatformMBeanProvider$3
instanceKlass java/lang/management/DefaultPlatformMBeanProvider$2
instanceKlass java/lang/management/DefaultPlatformMBeanProvider$1
instanceKlass java/util/Collections$EmptyEnumeration
instanceKlass com/sun/management/internal/PlatformMBeanProviderImpl$5
instanceKlass sun/management/VMManagementImpl
instanceKlass sun/management/VMManagement
instanceKlass sun/management/ManagementFactoryHelper
instanceKlass sun/management/NotificationEmitterSupport
instanceKlass javax/management/NotificationEmitter
instanceKlass javax/management/NotificationBroadcaster
instanceKlass com/sun/management/DiagnosticCommandMBean
instanceKlass javax/management/DynamicMBean
instanceKlass com/sun/management/internal/PlatformMBeanProviderImpl$4
instanceKlass com/sun/management/internal/PlatformMBeanProviderImpl$3
instanceKlass com/sun/management/internal/PlatformMBeanProviderImpl$2
instanceKlass java/util/Spliterators$ArraySpliterator
instanceKlass com/sun/management/internal/PlatformMBeanProviderImpl$1
instanceKlass sun/management/spi/PlatformMBeanProvider$PlatformComponent
instanceKlass java/util/ServiceLoader$ProviderImpl
instanceKlass java/util/ServiceLoader$Provider
instanceKlass java/util/ServiceLoader$1
instanceKlass java/util/concurrent/CopyOnWriteArrayList$COWIterator
instanceKlass java/util/ServiceLoader$3
instanceKlass java/util/ServiceLoader$2
instanceKlass java/util/ServiceLoader$LazyClassPathLookupIterator
instanceKlass java/util/ServiceLoader$ModuleServicesLookupIterator
instanceKlass java/util/ServiceLoader
instanceKlass sun/management/spi/PlatformMBeanProvider
instanceKlass sun/security/util/SecurityProperties
instanceKlass sun/security/util/FilePermCompat
instanceKlass java/io/FilePermission$1
instanceKlass jdk/internal/access/JavaIOFilePermissionAccess
instanceKlass java/lang/management/ManagementFactory$PlatformMBeanFinder$1
instanceKlass java/lang/management/ManagementFactory$PlatformMBeanFinder
instanceKlass java/lang/management/RuntimeMXBean
instanceKlass java/lang/management/PlatformManagedObject
instanceKlass java/lang/management/ManagementFactory
instanceKlass org/apache/maven/surefire/api/util/internal/DumpFileUtils
instanceKlass org/apache/maven/surefire/api/booter/DumpErrorSingleton
instanceKlass org/apache/maven/surefire/booter/ProviderConfiguration
instanceKlass org/apache/maven/surefire/api/report/ReporterConfiguration
instanceKlass org/apache/maven/surefire/api/testset/ResolvedTest$MethodMatcher
instanceKlass org/apache/maven/surefire/api/testset/ResolvedTest$ClassMatcher
instanceKlass org/apache/maven/surefire/api/testset/ResolvedTest
instanceKlass org/apache/maven/surefire/shared/utils/StringUtils
instanceKlass org/apache/maven/surefire/api/testset/IncludedExcludedPatterns
instanceKlass org/apache/maven/surefire/api/testset/TestListResolver
instanceKlass org/apache/maven/surefire/api/testset/GenericTestPattern
instanceKlass org/apache/maven/surefire/api/testset/TestFilter
instanceKlass org/jacoco/agent/rt/internal_0e20598/asm/tree/ParameterNode
instanceKlass org/apache/maven/surefire/api/testset/TestRequest
instanceKlass org/apache/maven/surefire/api/testset/TestArtifactInfo
instanceKlass org/apache/maven/surefire/api/testset/RunOrderParameters
instanceKlass org/apache/maven/surefire/api/util/RunOrder
instanceKlass org/apache/maven/surefire/api/testset/DirectoryScannerParameters
instanceKlass org/apache/maven/surefire/booter/TypeEncodedValue
instanceKlass org/apache/maven/surefire/booter/PropertiesWrapper
instanceKlass org/apache/maven/surefire/booter/KeyValueSource
instanceKlass java/util/Collections$SynchronizedCollection
instanceKlass java/util/Properties$EntrySet
instanceKlass org/apache/maven/surefire/booter/SystemPropertyManager
instanceKlass org/apache/maven/surefire/booter/BooterDeserializer
instanceKlass java/util/concurrent/Semaphore
instanceKlass org/jacoco/agent/rt/internal_0e20598/core/data/ExecutionData
instanceKlass org/apache/maven/plugin/surefire/log/api/ConsoleLogger
instanceKlass org/apache/maven/surefire/api/fork/ForkNodeArguments
instanceKlass java/util/concurrent/ScheduledExecutorService
instanceKlass java/util/concurrent/ExecutorService
instanceKlass java/util/concurrent/Executor
instanceKlass org/apache/maven/surefire/api/provider/CommandListener
instanceKlass org/apache/maven/surefire/api/provider/CommandChainReader
instanceKlass org/apache/maven/surefire/api/report/ReporterFactory
instanceKlass org/jacoco/agent/rt/internal_0e20598/core/internal/instr/NoneProbeArrayStrategy
instanceKlass org/apache/maven/surefire/booter/ForkedBooter
instanceKlass org/jacoco/agent/rt/internal_0e20598/asm/Handler
instanceKlass org/jacoco/agent/rt/internal_0e20598/asm/tree/TryCatchBlockNode
instanceKlass org/jacoco/agent/rt/internal_0e20598/core/internal/flow/FrameSnapshot
instanceKlass org/jacoco/agent/rt/internal_0e20598/core/internal/flow/IFrame
instanceKlass org/jacoco/agent/rt/internal_0e20598/core/internal/flow/LabelInfo
instanceKlass org/jacoco/agent/rt/internal_0e20598/asm/tree/LocalVariableNode
instanceKlass java/util/BitSet
instanceKlass org/jacoco/agent/rt/internal_0e20598/asm/tree/InsnList
instanceKlass org/jacoco/agent/rt/internal_0e20598/asm/tree/Util
instanceKlass org/jacoco/agent/rt/internal_0e20598/asm/tree/AbstractInsnNode
instanceKlass org/jacoco/agent/rt/internal_0e20598/asm/Label
instanceKlass org/jacoco/agent/rt/internal_0e20598/asm/Type
instanceKlass org/jacoco/agent/rt/internal_0e20598/asm/Frame
instanceKlass java/lang/Long$LongCache
instanceKlass org/jacoco/agent/rt/internal_0e20598/asm/Context
instanceKlass org/jacoco/agent/rt/internal_0e20598/core/internal/instr/IProbeInserter
instanceKlass org/jacoco/agent/rt/internal_0e20598/asm/Opcodes
instanceKlass org/jacoco/agent/rt/internal_0e20598/core/internal/instr/ClassFieldProbeArrayStrategy
instanceKlass org/jacoco/agent/rt/internal_0e20598/core/internal/instr/IProbeArrayStrategy
instanceKlass org/jacoco/agent/rt/internal_0e20598/core/internal/instr/ProbeArrayStrategyFactory
instanceKlass org/jacoco/agent/rt/internal_0e20598/asm/ClassReader
instanceKlass org/jacoco/agent/rt/internal_0e20598/core/internal/instr/InstrSupport
instanceKlass org/jacoco/agent/rt/internal_0e20598/core/internal/data/CRC64
instanceKlass sun/launcher/LauncherHelper
instanceKlass jdk/internal/vm/PostVMInitHook$1
instanceKlass jdk/internal/util/EnvUtils
instanceKlass jdk/internal/vm/PostVMInitHook$2
instanceKlass jdk/internal/vm/PostVMInitHook
instanceKlass org/jacoco/agent/rt/internal_0e20598/ClassFileDumper
instanceKlass java/util/regex/ASCII
instanceKlass org/jacoco/agent/rt/internal_0e20598/core/runtime/WildcardMatcher
instanceKlass org/jacoco/agent/rt/internal_0e20598/core/internal/instr/SignatureRemover
instanceKlass org/jacoco/agent/rt/internal_0e20598/core/internal/flow/IProbeIdGenerator
instanceKlass org/jacoco/agent/rt/internal_0e20598/core/instr/Instrumenter
instanceKlass org/jacoco/agent/rt/internal_0e20598/CoverageTransformer
instanceKlass jdk/internal/reflect/UnsafeFieldAccessorFactory
instanceKlass java/lang/$JaCoCo
instanceKlass org/jacoco/agent/rt/internal_0e20598/asm/Attribute
instanceKlass org/jacoco/agent/rt/internal_0e20598/asm/ByteVector
instanceKlass org/jacoco/agent/rt/internal_0e20598/asm/Symbol
instanceKlass org/jacoco/agent/rt/internal_0e20598/asm/SymbolTable
instanceKlass org/jacoco/agent/rt/internal_0e20598/asm/MethodVisitor
instanceKlass org/jacoco/agent/rt/internal_0e20598/asm/FieldVisitor
instanceKlass org/jacoco/agent/rt/internal_0e20598/asm/ModuleVisitor
instanceKlass org/jacoco/agent/rt/internal_0e20598/asm/AnnotationVisitor
instanceKlass org/jacoco/agent/rt/internal_0e20598/asm/RecordComponentVisitor
instanceKlass org/jacoco/agent/rt/internal_0e20598/asm/ClassVisitor
instanceKlass jdk/internal/vm/annotation/ForceInline
instanceKlass java/lang/annotation/Target
instanceKlass java/lang/reflect/Proxy$ProxyBuilder$1
instanceKlass jdk/internal/org/objectweb/asm/Edge
instanceKlass java/lang/reflect/ProxyGenerator$PrimitiveTypeInfo
instanceKlass java/util/StringJoiner
instanceKlass java/lang/reflect/ProxyGenerator$ProxyMethod
instanceKlass jdk/internal/module/Checks
instanceKlass java/lang/module/ModuleDescriptor$Builder
instanceKlass java/util/LinkedHashMap$LinkedHashIterator
instanceKlass java/lang/PublicMethods
instanceKlass java/lang/reflect/Proxy$ProxyBuilder
instanceKlass java/lang/reflect/Proxy
instanceKlass sun/reflect/annotation/AnnotationInvocationHandler
instanceKlass java/lang/reflect/InvocationHandler
instanceKlass sun/reflect/annotation/AnnotationParser$1
instanceKlass sun/reflect/annotation/ExceptionProxy
instanceKlass java/lang/annotation/Inherited
instanceKlass java/lang/annotation/Retention
instanceKlass sun/reflect/annotation/AnnotationType$1
instanceKlass sun/reflect/annotation/AnnotationType
instanceKlass java/lang/reflect/GenericArrayType
instanceKlass sun/reflect/generics/visitor/Reifier
instanceKlass sun/reflect/generics/visitor/TypeTreeVisitor
instanceKlass sun/reflect/generics/factory/CoreReflectionFactory
instanceKlass sun/reflect/generics/factory/GenericsFactory
instanceKlass sun/reflect/generics/scope/AbstractScope
instanceKlass sun/reflect/generics/scope/Scope
instanceKlass sun/reflect/generics/tree/ClassTypeSignature
instanceKlass sun/reflect/generics/tree/SimpleClassTypeSignature
instanceKlass sun/reflect/generics/tree/FieldTypeSignature
instanceKlass sun/reflect/generics/tree/BaseType
instanceKlass sun/reflect/generics/tree/TypeSignature
instanceKlass sun/reflect/generics/tree/ReturnType
instanceKlass sun/reflect/generics/tree/TypeArgument
instanceKlass sun/reflect/generics/tree/TypeTree
instanceKlass sun/reflect/generics/tree/Tree
instanceKlass sun/reflect/generics/parser/SignatureParser
instanceKlass org/jacoco/agent/rt/internal_0e20598/core/runtime/InjectedClassRuntime$Lookup
instanceKlass org/jacoco/agent/rt/internal_0e20598/core/internal/InputStreams
instanceKlass sun/net/www/MessageHeader
instanceKlass sun/net/www/protocol/jar/JarFileFactory
instanceKlass sun/net/www/protocol/jar/URLJarFile$URLJarFileCloseController
instanceKlass java/net/URLConnection
instanceKlass jdk/internal/jimage/ImageLocation
instanceKlass jdk/internal/jimage/decompressor/Decompressor
instanceKlass jdk/internal/jimage/ImageStringsReader
instanceKlass jdk/internal/jimage/ImageStrings
instanceKlass jdk/internal/jimage/ImageHeader
instanceKlass jdk/internal/jimage/NativeImageBuffer$1
instanceKlass jdk/internal/jimage/NativeImageBuffer
instanceKlass jdk/internal/jimage/BasicImageReader$1
instanceKlass jdk/internal/jimage/BasicImageReader
instanceKlass jdk/internal/jimage/ImageReader
instanceKlass jdk/internal/jimage/ImageReaderFactory$1
instanceKlass java/net/URI$Parser
instanceKlass java/nio/file/FileSystems$DefaultFileSystemHolder$1
instanceKlass java/nio/file/FileSystems$DefaultFileSystemHolder
instanceKlass java/nio/file/FileSystems
instanceKlass java/nio/file/Paths
instanceKlass jdk/internal/jimage/ImageReaderFactory
instanceKlass jdk/internal/module/SystemModuleFinders$SystemImage
instanceKlass jdk/internal/module/SystemModuleFinders$SystemModuleReader
instanceKlass java/lang/module/ModuleReader
instanceKlass jdk/internal/loader/BuiltinClassLoader$5
instanceKlass jdk/internal/loader/BuiltinClassLoader$2
instanceKlass jdk/internal/module/Resources
instanceKlass org/jacoco/agent/rt/internal_0e20598/core/runtime/InjectedClassRuntime$Lookup
instanceKlass java/util/Collections$1
instanceKlass java/util/AbstractMap$SimpleImmutableEntry
instanceKlass java/util/Collections$EmptyIterator
instanceKlass jdk/internal/org/objectweb/asm/ClassReader
instanceKlass jdk/internal/loader/BootLoader$PackageHelper
instanceKlass java/lang/instrument/ClassDefinition
instanceKlass java/lang/reflect/AnnotatedType
instanceKlass java/lang/reflect/TypeVariable
instanceKlass org/jacoco/agent/rt/internal_0e20598/AgentModule
instanceKlass java/lang/Shutdown$Lock
instanceKlass java/lang/Shutdown
instanceKlass java/lang/ApplicationShutdownHooks$1
instanceKlass java/lang/ApplicationShutdownHooks
instanceKlass java/io/FileOutputStream$1
instanceKlass java/nio/channels/spi/AbstractInterruptibleChannel$1
instanceKlass sun/nio/ch/Interruptible
instanceKlass sun/nio/ch/FileKey
instanceKlass sun/nio/ch/FileLockTable
instanceKlass sun/nio/ch/NativeThread
instanceKlass java/nio/channels/FileLock
instanceKlass sun/nio/ch/NativeDispatcher
instanceKlass sun/nio/ch/NativeThreadSet
instanceKlass sun/nio/ch/IOUtil
instanceKlass java/nio/file/attribute/FileAttribute
instanceKlass java/nio/channels/spi/AbstractInterruptibleChannel
instanceKlass java/nio/channels/InterruptibleChannel
instanceKlass java/nio/channels/ScatteringByteChannel
instanceKlass java/nio/channels/GatheringByteChannel
instanceKlass java/nio/channels/SeekableByteChannel
instanceKlass java/nio/channels/ByteChannel
instanceKlass java/nio/channels/WritableByteChannel
instanceKlass java/nio/channels/ReadableByteChannel
instanceKlass java/nio/channels/Channel
instanceKlass org/jacoco/agent/rt/internal_0e20598/output/FileOutput
instanceKlass org/jacoco/agent/rt/internal_0e20598/Agent$2
instanceKlass org/jacoco/agent/rt/internal_0e20598/core/runtime/AbstractRuntime
instanceKlass java/net/InetAddress$CachedLocalHost
instanceKlass java/util/concurrent/atomic/Striped64$1
instanceKlass jdk/internal/util/random/RandomSupport
instanceKlass java/util/Random
instanceKlass java/util/random/RandomGenerator
instanceKlass java/lang/invoke/VarHandle$AccessDescriptor
instanceKlass java/net/InetAddress$CachedAddresses
instanceKlass sun/net/InetAddressCachePolicy$2
instanceKlass java/security/Security$2
instanceKlass jdk/internal/access/JavaSecurityPropertiesAccess
instanceKlass java/util/concurrent/ConcurrentHashMap$MapEntry
instanceKlass java/io/FileInputStream$1
instanceKlass java/util/Properties$LineReader
instanceKlass java/security/Security$1
instanceKlass java/security/Security
instanceKlass sun/net/InetAddressCachePolicy$1
instanceKlass sun/net/InetAddressCachePolicy
instanceKlass java/net/Inet6Address$Inet6AddressHolder
instanceKlass java/net/InetAddress$NameServiceAddresses
instanceKlass java/net/InetAddress$Addresses
instanceKlass java/util/concurrent/ConcurrentSkipListMap$Iter
instanceKlass java/net/InetAddress$PlatformNameService
instanceKlass java/net/InetAddress$NameService
instanceKlass java/net/Inet6AddressImpl
instanceKlass java/net/InetAddressImpl
instanceKlass java/net/InetAddressImplFactory
instanceKlass java/util/concurrent/ConcurrentSkipListMap$Node
instanceKlass java/lang/invoke/VarForm
instanceKlass java/lang/invoke/VarHandleGuards
instanceKlass jdk/internal/util/Preconditions$1
instanceKlass java/lang/invoke/VarHandle$1
instanceKlass java/lang/ClassValue$Version
instanceKlass java/lang/ClassValue$Identity
instanceKlass java/lang/ClassValue
instanceKlass java/lang/invoke/VarHandles
instanceKlass java/util/concurrent/ConcurrentSkipListMap$Index
instanceKlass java/util/concurrent/ConcurrentNavigableMap
instanceKlass java/net/InetAddress$InetAddressHolder
instanceKlass java/net/InetAddress$1
instanceKlass jdk/internal/access/JavaNetInetAddressAccess
instanceKlass java/net/InetAddress
instanceKlass org/jacoco/agent/rt/internal_0e20598/core/data/ExecutionDataStore
instanceKlass org/jacoco/agent/rt/internal_0e20598/core/runtime/RuntimeData
instanceKlass org/jacoco/agent/rt/internal_0e20598/IExceptionLogger$1
instanceKlass org/jacoco/agent/rt/internal_0e20598/IExceptionLogger
instanceKlass java/util/concurrent/Callable
instanceKlass org/jacoco/agent/rt/internal_0e20598/output/IAgentOutput
instanceKlass org/jacoco/agent/rt/internal_0e20598/core/data/ISessionInfoVisitor
instanceKlass org/jacoco/agent/rt/internal_0e20598/core/data/IExecutionDataVisitor
instanceKlass org/jacoco/agent/rt/internal_0e20598/Agent
instanceKlass org/jacoco/agent/rt/IAgent
instanceKlass java/util/regex/IntHashSet
instanceKlass java/util/regex/Matcher
instanceKlass java/util/regex/MatchResult
instanceKlass java/util/regex/Pattern$TreeInfo
instanceKlass java/util/regex/Pattern$BitClass
instanceKlass java/util/regex/Pattern$BmpCharPredicate
instanceKlass java/util/regex/Pattern$CharPredicate
instanceKlass java/util/regex/Pattern$Node
instanceKlass java/util/regex/Pattern
instanceKlass org/jacoco/agent/rt/internal_0e20598/core/runtime/AgentOptions
instanceKlass org/jacoco/agent/rt/internal_0e20598/core/runtime/IRuntime
instanceKlass org/jacoco/agent/rt/internal_0e20598/core/runtime/IExecutionDataAccessorGenerator
instanceKlass java/lang/instrument/ClassFileTransformer
instanceKlass org/jacoco/agent/rt/internal_0e20598/PreMain
instanceKlass java/security/SecureClassLoader$DebugHolder
instanceKlass java/security/PermissionCollection
instanceKlass java/security/SecureClassLoader$1
instanceKlass java/security/SecureClassLoader$CodeSourceKey
instanceKlass java/util/zip/Checksum$1
instanceKlass java/util/zip/CRC32
instanceKlass java/util/zip/Checksum
instanceKlass sun/nio/ByteBuffered
instanceKlass java/lang/Package$VersionInfo
instanceKlass java/lang/NamedPackage
instanceKlass jdk/internal/loader/Resource
instanceKlass java/util/TreeMap$PrivateEntryIterator
instanceKlass java/util/TreeMap$Entry
instanceKlass java/util/NavigableMap
instanceKlass java/util/SortedMap
instanceKlass java/util/NavigableSet
instanceKlass java/util/SortedSet
instanceKlass java/util/LinkedList$Node
instanceKlass java/io/Reader
instanceKlass java/util/StringTokenizer
instanceKlass java/util/jar/Attributes$Name
instanceKlass java/util/jar/Attributes
instanceKlass java/security/CodeSigner
instanceKlass java/util/jar/JarVerifier
instanceKlass sun/security/action/GetIntegerAction
instanceKlass sun/security/util/Debug
instanceKlass sun/security/util/SignatureFileVerifier
instanceKlass java/util/zip/ZipFile$InflaterCleanupAction
instanceKlass java/util/zip/Inflater$InflaterZStreamRef
instanceKlass java/util/zip/Inflater
instanceKlass java/util/zip/ZipEntry
instanceKlass jdk/internal/util/jar/JarIndex
instanceKlass java/nio/Bits$1
instanceKlass jdk/internal/misc/VM$BufferPool
instanceKlass java/nio/Bits
instanceKlass sun/nio/ch/DirectBuffer
instanceKlass jdk/internal/perf/PerfCounter$CoreCounters
instanceKlass jdk/internal/perf/Perf
instanceKlass jdk/internal/perf/Perf$GetPerfAction
instanceKlass jdk/internal/perf/PerfCounter
instanceKlass java/nio/file/attribute/FileTime
instanceKlass java/util/zip/ZipUtils
instanceKlass java/util/zip/ZipFile$Source$End
instanceKlass java/io/RandomAccessFile$2
instanceKlass jdk/internal/access/JavaIORandomAccessFileAccess
instanceKlass java/io/RandomAccessFile
instanceKlass java/io/DataInput
instanceKlass java/io/DataOutput
instanceKlass sun/nio/fs/WindowsNativeDispatcher$CompletionStatus
instanceKlass sun/nio/fs/WindowsNativeDispatcher$AclInformation
instanceKlass sun/nio/fs/WindowsNativeDispatcher$Account
instanceKlass sun/nio/fs/WindowsNativeDispatcher$DiskFreeSpace
instanceKlass sun/nio/fs/WindowsNativeDispatcher$VolumeInformation
instanceKlass sun/nio/fs/WindowsNativeDispatcher$FirstStream
instanceKlass sun/nio/fs/WindowsNativeDispatcher$FirstFile
instanceKlass java/util/Enumeration
instanceKlass java/util/concurrent/ConcurrentHashMap$Traverser
instanceKlass java/util/concurrent/ConcurrentHashMap$CollectionView
instanceKlass sun/nio/fs/WindowsNativeDispatcher
instanceKlass sun/nio/fs/NativeBuffer$Deallocator
instanceKlass sun/nio/fs/NativeBuffer
instanceKlass java/lang/ThreadLocal$ThreadLocalMap
instanceKlass sun/nio/fs/NativeBuffers
instanceKlass sun/nio/fs/WindowsFileAttributes
instanceKlass java/nio/file/attribute/DosFileAttributes
instanceKlass sun/nio/fs/AbstractBasicFileAttributeView
instanceKlass sun/nio/fs/DynamicFileAttributeView
instanceKlass sun/nio/fs/WindowsFileAttributeViews
instanceKlass sun/nio/fs/Util
instanceKlass java/nio/file/attribute/BasicFileAttributeView
instanceKlass java/nio/file/attribute/FileAttributeView
instanceKlass java/nio/file/attribute/AttributeView
instanceKlass java/nio/file/Files
instanceKlass java/nio/file/CopyOption
instanceKlass java/nio/file/attribute/BasicFileAttributes
instanceKlass sun/nio/fs/WindowsPath
instanceKlass java/util/zip/ZipFile$Source$Key
instanceKlass sun/nio/fs/WindowsPathParser$Result
instanceKlass sun/nio/fs/WindowsPathParser
instanceKlass java/util/Arrays$ArrayItr
instanceKlass java/nio/file/FileSystem
instanceKlass java/nio/file/OpenOption
instanceKlass java/nio/file/spi/FileSystemProvider
instanceKlass sun/nio/fs/DefaultFileSystemProvider
instanceKlass java/util/zip/ZipFile$Source
instanceKlass java/util/zip/ZipCoder
instanceKlass java/util/zip/ZipFile$CleanableResource
instanceKlass java/lang/Runtime$Version
instanceKlass java/util/jar/JavaUtilJarAccessImpl
instanceKlass jdk/internal/access/JavaUtilJarAccess
instanceKlass jdk/internal/loader/FileURLMapper
instanceKlass jdk/internal/loader/URLClassPath$JarLoader$1
instanceKlass java/util/zip/ZipFile$1
instanceKlass jdk/internal/access/JavaUtilZipFileAccess
instanceKlass java/util/zip/ZipFile
instanceKlass java/util/zip/ZipConstants
instanceKlass jdk/internal/loader/URLClassPath$Loader
instanceKlass jdk/internal/loader/URLClassPath$3
instanceKlass java/security/PrivilegedExceptionAction
instanceKlass sun/util/locale/LocaleUtils
instanceKlass sun/util/locale/BaseLocale
instanceKlass java/util/Locale
instanceKlass sun/net/util/URLUtil
instanceKlass sun/instrument/TransformerManager$TransformerInfo
instanceKlass sun/instrument/TransformerManager
instanceKlass jdk/internal/loader/NativeLibraries$NativeLibraryImpl
instanceKlass jdk/internal/loader/NativeLibrary
instanceKlass java/util/ArrayDeque$DeqIterator
instanceKlass jdk/internal/loader/NativeLibraries$1
instanceKlass jdk/internal/loader/NativeLibraries$LibraryPaths
instanceKlass sun/instrument/InstrumentationImpl
instanceKlass java/lang/instrument/Instrumentation
instanceKlass java/lang/invoke/StringConcatFactory$3
instanceKlass java/lang/invoke/StringConcatFactory$2
instanceKlass java/lang/invoke/StringConcatFactory$1
instanceKlass java/lang/invoke/StringConcatFactory
instanceKlass jdk/internal/module/ModuleBootstrap$SafeModuleFinder
instanceKlass java/lang/ModuleLayer$Controller
instanceKlass java/util/concurrent/CopyOnWriteArrayList
instanceKlass jdk/internal/module/ServicesCatalog$ServiceProvider
instanceKlass jdk/internal/loader/AbstractClassLoaderValue$Memoizer
instanceKlass jdk/internal/module/ModuleLoaderMap$Modules
instanceKlass jdk/internal/module/ModuleLoaderMap$Mapper
instanceKlass jdk/internal/module/ModuleLoaderMap
instanceKlass java/lang/module/ResolvedModule
instanceKlass java/util/Collections$UnmodifiableCollection$1
instanceKlass java/lang/ModuleLayer
instanceKlass java/util/ImmutableCollections$ListItr
instanceKlass java/util/ListIterator
instanceKlass java/lang/module/ModuleFinder$1
instanceKlass java/nio/file/Path
instanceKlass java/nio/file/Watchable
instanceKlass java/lang/module/Resolver
instanceKlass java/lang/module/Configuration
instanceKlass java/util/ImmutableCollections$Set12$1
instanceKlass java/util/stream/FindOps$FindOp
instanceKlass java/util/stream/FindOps$FindSink
instanceKlass java/util/stream/FindOps
instanceKlass java/util/stream/Sink$ChainedReference
instanceKlass java/util/stream/ReduceOps$AccumulatingSink
instanceKlass java/util/stream/TerminalSink
instanceKlass java/util/stream/Sink
instanceKlass java/util/function/Consumer
instanceKlass java/util/stream/ReduceOps$Box
instanceKlass java/util/stream/ReduceOps$ReduceOp
instanceKlass java/util/stream/TerminalOp
instanceKlass java/util/stream/ReduceOps
instanceKlass java/util/function/BinaryOperator
instanceKlass java/util/function/BiFunction
instanceKlass java/util/function/BiConsumer
instanceKlass java/util/stream/Collectors$CollectorImpl
instanceKlass java/util/stream/Collector
instanceKlass java/util/Collections$UnmodifiableCollection
instanceKlass java/util/stream/Collectors
instanceKlass java/lang/ref/Cleaner$Cleanable
instanceKlass jdk/internal/ref/CleanerImpl
instanceKlass java/lang/ref/Cleaner$1
instanceKlass java/lang/ref/Cleaner
instanceKlass jdk/internal/ref/CleanerFactory$1
instanceKlass java/util/concurrent/ThreadFactory
instanceKlass jdk/internal/ref/CleanerFactory
instanceKlass java/lang/invoke/MethodHandles$Lookup$ClassDefiner
instanceKlass java/lang/invoke/MethodHandles$Lookup$ClassFile
instanceKlass jdk/internal/org/objectweb/asm/Handler
instanceKlass jdk/internal/org/objectweb/asm/Attribute
instanceKlass jdk/internal/org/objectweb/asm/FieldVisitor
instanceKlass java/util/ArrayList$Itr
instanceKlass java/lang/invoke/InvokerBytecodeGenerator$ClassData
instanceKlass jdk/internal/org/objectweb/asm/AnnotationVisitor
instanceKlass jdk/internal/org/objectweb/asm/Frame
instanceKlass jdk/internal/org/objectweb/asm/Label
instanceKlass jdk/internal/org/objectweb/asm/MethodVisitor
instanceKlass java/lang/invoke/LambdaFormBuffer
instanceKlass java/lang/invoke/LambdaFormEditor$TransformKey
instanceKlass java/lang/invoke/LambdaFormEditor
instanceKlass sun/invoke/util/Wrapper$1
instanceKlass java/lang/invoke/DelegatingMethodHandle$Holder
instanceKlass java/lang/invoke/DirectMethodHandle$2
instanceKlass sun/invoke/empty/Empty
instanceKlass sun/invoke/util/VerifyType
instanceKlass java/lang/invoke/ClassSpecializer$Factory
instanceKlass java/lang/invoke/ClassSpecializer$SpeciesData
instanceKlass java/lang/invoke/ClassSpecializer$1
instanceKlass java/util/function/Function
instanceKlass java/lang/invoke/ClassSpecializer
instanceKlass java/lang/invoke/InnerClassLambdaMetafactory$1
instanceKlass java/lang/invoke/LambdaProxyClassArchive
instanceKlass jdk/internal/org/objectweb/asm/ByteVector
instanceKlass jdk/internal/org/objectweb/asm/Symbol
instanceKlass jdk/internal/org/objectweb/asm/SymbolTable
instanceKlass jdk/internal/org/objectweb/asm/ClassVisitor
instanceKlass java/lang/invoke/InfoFromMemberName
instanceKlass java/lang/invoke/MethodHandleInfo
instanceKlass jdk/internal/org/objectweb/asm/ConstantDynamic
instanceKlass sun/invoke/util/BytecodeDescriptor
instanceKlass jdk/internal/org/objectweb/asm/Handle
instanceKlass sun/security/action/GetBooleanAction
instanceKlass jdk/internal/org/objectweb/asm/Type
instanceKlass java/lang/invoke/AbstractValidatingLambdaMetafactory
instanceKlass java/lang/invoke/MethodHandleImpl$1
instanceKlass jdk/internal/access/JavaLangInvokeAccess
instanceKlass java/lang/invoke/Invokers$Holder
instanceKlass java/lang/invoke/BootstrapMethodInvoker
instanceKlass java/util/function/Predicate
instanceKlass java/lang/WeakPairMap$Pair$Lookup
instanceKlass java/lang/WeakPairMap$Pair
instanceKlass java/lang/WeakPairMap
instanceKlass java/lang/Module$ReflectionData
instanceKlass java/lang/invoke/InvokerBytecodeGenerator$2
instanceKlass java/lang/invoke/InvokerBytecodeGenerator
instanceKlass java/lang/invoke/LambdaForm$Holder
instanceKlass java/lang/invoke/LambdaForm$Name
instanceKlass java/lang/reflect/Array
instanceKlass java/lang/invoke/Invokers
instanceKlass java/lang/invoke/MethodHandleImpl
instanceKlass sun/invoke/util/ValueConversions
instanceKlass java/lang/invoke/DirectMethodHandle$Holder
instanceKlass java/lang/invoke/LambdaForm$NamedFunction
instanceKlass sun/invoke/util/Wrapper$Format
instanceKlass java/lang/invoke/MethodTypeForm
instanceKlass java/lang/Void
instanceKlass java/lang/invoke/MethodType$ConcurrentWeakInternSet
instanceKlass java/lang/invoke/LambdaMetafactory
instanceKlass sun/reflect/annotation/AnnotationParser
instanceKlass java/lang/Class$3
instanceKlass java/lang/PublicMethods$Key
instanceKlass java/lang/PublicMethods$MethodList
instanceKlass java/util/EnumMap$1
instanceKlass java/util/stream/StreamOpFlag$MaskBuilder
instanceKlass java/util/stream/Stream
instanceKlass java/util/stream/BaseStream
instanceKlass java/util/stream/PipelineHelper
instanceKlass java/util/stream/StreamSupport
instanceKlass java/util/Spliterators$IteratorSpliterator
instanceKlass java/util/Spliterator$OfDouble
instanceKlass java/util/Spliterator$OfLong
instanceKlass java/util/Spliterator$OfInt
instanceKlass java/util/Spliterator$OfPrimitive
instanceKlass java/util/Spliterator
instanceKlass java/util/Spliterators$EmptySpliterator
instanceKlass java/util/Spliterators
instanceKlass jdk/internal/module/DefaultRoots
instanceKlass java/util/ImmutableCollections$SetN$SetNIterator
instanceKlass jdk/internal/loader/BuiltinClassLoader$LoadedModule
instanceKlass jdk/internal/loader/AbstractClassLoaderValue
instanceKlass jdk/internal/module/ServicesCatalog
instanceKlass jdk/internal/util/Preconditions
instanceKlass sun/net/util/IPAddressUtil
instanceKlass java/net/URLStreamHandler
instanceKlass java/util/HexFormat
instanceKlass sun/net/www/ParseUtil
instanceKlass java/net/URL$3
instanceKlass jdk/internal/access/JavaNetURLAccess
instanceKlass java/net/URL$DefaultFactory
instanceKlass java/net/URLStreamHandlerFactory
instanceKlass jdk/internal/loader/URLClassPath
instanceKlass java/security/Principal
instanceKlass java/security/ProtectionDomain$Key
instanceKlass java/security/ProtectionDomain$JavaSecurityAccessImpl
instanceKlass jdk/internal/access/JavaSecurityAccess
instanceKlass java/lang/ClassLoader$ParallelLoaders
instanceKlass java/security/cert/Certificate
instanceKlass jdk/internal/loader/ArchivedClassLoaders
instanceKlass java/util/Deque
instanceKlass java/util/Queue
instanceKlass jdk/internal/loader/ClassLoaderHelper
instanceKlass jdk/internal/loader/NativeLibraries
instanceKlass jdk/internal/loader/BootLoader
instanceKlass java/util/Optional
instanceKlass jdk/internal/module/SystemModuleFinders$SystemModuleFinder
instanceKlass java/lang/module/ModuleFinder
instanceKlass jdk/internal/module/SystemModuleFinders$3
instanceKlass jdk/internal/module/ModuleHashes$HashSupplier
instanceKlass jdk/internal/module/SystemModuleFinders$2
instanceKlass java/util/function/Supplier
instanceKlass java/lang/module/ModuleReference
instanceKlass jdk/internal/module/ModuleResolution
instanceKlass java/util/Collections$UnmodifiableMap
instanceKlass jdk/internal/module/ModuleHashes$Builder
instanceKlass jdk/internal/module/ModuleHashes
instanceKlass jdk/internal/module/ModuleTarget
instanceKlass java/lang/Enum
instanceKlass java/lang/module/ModuleDescriptor$Version
instanceKlass java/lang/module/ModuleDescriptor$Provides
instanceKlass java/lang/module/ModuleDescriptor$Opens
instanceKlass java/lang/module/ModuleDescriptor$Exports
instanceKlass java/lang/module/ModuleDescriptor$Requires
instanceKlass jdk/internal/module/Builder
instanceKlass jdk/internal/module/SystemModules$all
instanceKlass jdk/internal/module/SystemModules
instanceKlass jdk/internal/module/SystemModulesMap
instanceKlass java/net/URI$1
instanceKlass jdk/internal/access/JavaNetUriAccess
instanceKlass java/net/URI
instanceKlass jdk/internal/module/SystemModuleFinders
instanceKlass jdk/internal/module/ArchivedModuleGraph
instanceKlass jdk/internal/module/ArchivedBootLayer
instanceKlass jdk/internal/module/ModuleBootstrap$Counters
instanceKlass jdk/internal/module/ModulePatcher
instanceKlass jdk/internal/util/ArraysSupport
instanceKlass java/io/FileSystem
instanceKlass java/io/DefaultFileSystem
instanceKlass java/io/File
instanceKlass java/lang/module/ModuleDescriptor$1
instanceKlass jdk/internal/access/JavaLangModuleAccess
instanceKlass sun/invoke/util/VerifyAccess
instanceKlass java/lang/module/ModuleDescriptor
instanceKlass jdk/internal/module/ModuleBootstrap
instanceKlass java/lang/invoke/MethodHandleStatics
instanceKlass java/util/Collections
instanceKlass sun/io/Win32ErrorMode
instanceKlass jdk/internal/misc/OSEnvironment
instanceKlass jdk/internal/misc/Signal$NativeHandler
instanceKlass java/util/Hashtable$Entry
instanceKlass jdk/internal/misc/Signal
instanceKlass java/lang/Terminator$1
instanceKlass jdk/internal/misc/Signal$Handler
instanceKlass java/lang/Terminator
instanceKlass java/nio/charset/CoderResult
instanceKlass java/lang/Readable
instanceKlass java/nio/ByteOrder
instanceKlass java/nio/Buffer$1
instanceKlass jdk/internal/access/JavaNioAccess
instanceKlass jdk/internal/misc/ScopedMemoryAccess
instanceKlass sun/nio/cs/MS950$EncodeHolder
instanceKlass java/nio/charset/CharsetEncoder
instanceKlass sun/nio/cs/ArrayEncoder
instanceKlass sun/security/action/GetPropertyAction
instanceKlass java/io/Writer
instanceKlass java/io/OutputStream
instanceKlass java/io/Flushable
instanceKlass java/io/FileDescriptor$1
instanceKlass jdk/internal/access/JavaIOFileDescriptorAccess
instanceKlass java/io/FileDescriptor
instanceKlass jdk/internal/util/StaticProperty
instanceKlass java/util/HashMap$HashIterator
instanceKlass java/lang/Integer$IntegerCache
instanceKlass java/lang/CharacterData
instanceKlass java/lang/VersionProps
instanceKlass java/lang/StringConcatHelper
instanceKlass java/lang/StringCoding
instanceKlass java/nio/charset/CodingErrorAction
instanceKlass java/lang/StringUTF16
instanceKlass sun/nio/cs/DoubleByte
instanceKlass sun/nio/cs/MS950$DecodeHolder
instanceKlass java/nio/charset/CharsetDecoder
instanceKlass sun/nio/cs/ArrayDecoder
instanceKlass sun/nio/cs/DelegatableDecoder
instanceKlass java/lang/reflect/Modifier
instanceKlass java/lang/Class$1
instanceKlass java/lang/Class$Atomic
instanceKlass java/lang/Class$ReflectionData
instanceKlass java/nio/charset/StandardCharsets
instanceKlass sun/nio/cs/HistoricallyNamedCharset
instanceKlass java/util/Arrays
instanceKlass java/lang/ThreadLocal
instanceKlass java/nio/charset/spi/CharsetProvider
instanceKlass java/nio/charset/Charset
instanceKlass jdk/internal/misc/VM
instanceKlass jdk/internal/util/SystemProps$Raw
instanceKlass jdk/internal/util/SystemProps
instanceKlass java/lang/System$2
instanceKlass jdk/internal/access/JavaLangAccess
instanceKlass java/lang/ref/Reference$1
instanceKlass jdk/internal/access/JavaLangRefAccess
instanceKlass java/lang/ref/ReferenceQueue$Lock
instanceKlass java/lang/ref/ReferenceQueue
instanceKlass jdk/internal/reflect/ReflectionFactory
instanceKlass jdk/internal/reflect/ReflectionFactory$GetReflectionFactoryAction
instanceKlass java/security/PrivilegedAction
instanceKlass java/util/concurrent/locks/LockSupport
instanceKlass java/util/concurrent/ConcurrentHashMap$Node
instanceKlass java/util/concurrent/ConcurrentHashMap$CounterCell
instanceKlass java/util/concurrent/locks/ReentrantLock
instanceKlass java/util/concurrent/locks/Lock
instanceKlass java/lang/Runtime
instanceKlass java/util/HashMap$Node
instanceKlass java/util/KeyValueHolder
instanceKlass java/util/Map$Entry
instanceKlass java/util/ImmutableCollections$MapN$MapNIterator
instanceKlass java/lang/Math
instanceKlass jdk/internal/reflect/Reflection
instanceKlass java/lang/invoke/MethodHandles$Lookup
instanceKlass java/lang/StringLatin1
instanceKlass java/security/Permission
instanceKlass java/security/Guard
instanceKlass java/lang/invoke/MemberName$Factory
instanceKlass java/lang/invoke/MethodHandles
instanceKlass jdk/internal/access/SharedSecrets
instanceKlass java/lang/reflect/ReflectAccess
instanceKlass jdk/internal/access/JavaLangReflectAccess
instanceKlass java/util/ImmutableCollections
instanceKlass java/util/Objects
instanceKlass java/util/Set
instanceKlass jdk/internal/misc/CDS
instanceKlass java/lang/Module$ArchivedData
instanceKlass java/lang/String$CaseInsensitiveComparator
instanceKlass java/util/Comparator
instanceKlass java/io/ObjectStreamField
instanceKlass jdk/internal/vm/vector/VectorSupport$VectorPayload
instanceKlass jdk/internal/vm/vector/VectorSupport
instanceKlass java/lang/reflect/RecordComponent
instanceKlass java/util/Iterator
instanceKlass java/lang/Number
instanceKlass java/lang/Character
instanceKlass java/lang/Boolean
instanceKlass java/util/concurrent/locks/AbstractOwnableSynchronizer
instanceKlass java/lang/LiveStackFrame
instanceKlass java/lang/StackFrameInfo
instanceKlass java/lang/StackWalker$StackFrame
instanceKlass java/lang/StackStreamFactory$AbstractStackWalker
instanceKlass java/lang/StackWalker
instanceKlass java/nio/Buffer
instanceKlass java/lang/StackTraceElement
instanceKlass java/util/RandomAccess
instanceKlass java/util/List
instanceKlass java/util/AbstractCollection
instanceKlass java/util/Collection
instanceKlass java/lang/Iterable
instanceKlass java/util/concurrent/ConcurrentMap
instanceKlass java/util/AbstractMap
instanceKlass java/security/CodeSource
instanceKlass jdk/internal/loader/ClassLoaders
instanceKlass java/util/jar/Manifest
instanceKlass java/net/URL
instanceKlass java/io/InputStream
instanceKlass java/io/Closeable
instanceKlass java/lang/AutoCloseable
instanceKlass jdk/internal/module/Modules
instanceKlass jdk/internal/misc/Unsafe
instanceKlass jdk/internal/misc/UnsafeConstants
instanceKlass java/lang/AbstractStringBuilder
instanceKlass java/lang/Appendable
instanceKlass java/lang/AssertionStatusDirectives
instanceKlass java/lang/invoke/MethodHandleNatives$CallSiteContext
instanceKlass jdk/internal/invoke/NativeEntryPoint
instanceKlass java/lang/invoke/CallSite
instanceKlass java/lang/invoke/MethodType
instanceKlass java/lang/invoke/TypeDescriptor$OfMethod
instanceKlass java/lang/invoke/LambdaForm
instanceKlass java/lang/invoke/MethodHandleNatives
instanceKlass java/lang/invoke/ResolvedMethodName
instanceKlass java/lang/invoke/MemberName
instanceKlass java/lang/invoke/VarHandle
instanceKlass java/lang/invoke/MethodHandle
instanceKlass jdk/internal/reflect/CallerSensitive
instanceKlass java/lang/annotation/Annotation
instanceKlass jdk/internal/reflect/FieldAccessor
instanceKlass jdk/internal/reflect/ConstantPool
instanceKlass jdk/internal/reflect/ConstructorAccessor
instanceKlass jdk/internal/reflect/MethodAccessor
instanceKlass jdk/internal/reflect/MagicAccessorImpl
instanceKlass java/lang/reflect/Parameter
instanceKlass java/lang/reflect/Member
instanceKlass java/lang/reflect/AccessibleObject
instanceKlass java/lang/Module
instanceKlass java/util/Map
instanceKlass java/util/Dictionary
instanceKlass java/lang/ThreadGroup
instanceKlass java/lang/Thread$UncaughtExceptionHandler
instanceKlass java/lang/Thread
instanceKlass java/lang/Runnable
instanceKlass java/lang/ref/Reference
instanceKlass java/lang/Record
instanceKlass java/security/AccessController
instanceKlass java/security/AccessControlContext
instanceKlass java/security/ProtectionDomain
instanceKlass java/lang/SecurityManager
instanceKlass java/lang/Throwable
instanceKlass java/lang/System
instanceKlass java/lang/ClassLoader
instanceKlass java/lang/Cloneable
instanceKlass java/lang/Class
instanceKlass java/lang/invoke/TypeDescriptor$OfField
instanceKlass java/lang/invoke/TypeDescriptor
instanceKlass java/lang/reflect/Type
instanceKlass java/lang/reflect/GenericDeclaration
instanceKlass java/lang/reflect/AnnotatedElement
instanceKlass java/lang/String
instanceKlass java/lang/constant/ConstantDesc
instanceKlass java/lang/constant/Constable
instanceKlass java/lang/CharSequence
instanceKlass java/lang/Comparable
instanceKlass java/io/Serializable
ciInstanceKlass java/lang/Object 1 1 92 100 1 10 12 1 1 10 7 12 1 1 1 10 100 12 1 1 1 10 12 1 1 8 1 10 12 1 1 10 100 12 1 1 1 10 12 1 10 12 1 1 100 1 8 1 10 12 1 3 8 1 100 1 5 0 1 1 1 1 1 1 1 1 1 1 1 1 1 1 1 1 7 1 1 1 7 1 1 1 1 1 1 1 7 1 1 1 1 1 1 1
ciInstanceKlass java/lang/Class 1 1 1611 10 7 12 1 1 1 9 7 12 1 1 1 9 12 1 1 7 1 10 10 12 1 1 8 1 10 12 1 8 1 8 1 10 12 1 1 10 12 1 1 10 12 1 10 10 12 1 10 12 1 1 10 12 1 1 10 7 12 1 1 10 12 1 10 12 1 10 12 1 8 1 10 12 1 8 1 10 12 1 8 1 8 1 10 12 1 1 10 7 12 1 1 1 18 12 1 1 11 7 12 1 1 1 8 1 8 1 8 1 10 7 12 1 1 1 11 12 1 1 7 1 8 1 10 12 1 11 100 12 1 1 1 10 12 1 1 11 8 1 18 8 1 10 12 1 10 7 12 1 1 10 7 12 1 1 1 10 12 1 1 10 7 12 1 1 1 9 100 12 1 1 1 10 100 12 1 1 1 10 7 12 1 1 1 10 12 1 1 18 12 1 1 10 7 12 1 1 1 10 7 12 1 1 10 12 1 1 10 7 1 100 1 10 12 1 1 9 12 1 1 7 1 8 1 10 12 1 10 12 1 1 10 12 1 1 10 7 12 1 1 1 7 1 10 12 1 7 1 7 1 10 10 12 1 1 10 12 1 1 100 1 10 100 12 1 1 1 10 12 1 1 10 12 1 1 9 12 1 1 10 12 1 10 12 1 10 12 1 1 9 12 1 1 9 12 1 1 10 12 1 1 10 100 1 10 12 1 10 12 1 10 12 1 1 10 9 12 1 10 12 1 8 1 10 12 1 1 10 12 1 1 10 12 1 10 12 1 1 10 12 1 1 10 12 1 1 9 7 12 1 1 1 10 7 12 1 1 10 12 10 12 1 10 12 1 1 10 100 12 1 1 10 12 1 10 12 1 1 10 100 12 1 1 1 10 12 1 10 12 1 1 10 12 1 10 12 1 10 12 1 1 10 7 1 10 10 10 12 1 1 10 12 1 1 10 12 10 12 1 1 100 1 8 1 10 10 12 1 1 10 12 1 100 1 11 12 1 10 100 12 1 1 10 12 1 10 12 1 10 100 12 1 1 10 10 12 1 1 8 1 10 12 1 10 12 1 1 8 1 9 12 1 10 12 1 10 12 1 10 12 1 10 12 100 1 9 12 1 10 12 1 9 12 1 10 12 1 10 12 1 10 12 1 10 10 12 1 10 12 1 10 12 1 10 12 1 10 12 1 10 12 1 100 1 10 12 1 10 12 1 1 10 12 1 1 10 12 1 1 10 12 1 1 10 12 1 1 10 12 1 1 7 1 10 10 12 1 1 10 12 1 1 10 12 1 1 10 10 12 1 10 12 1 1 10 12 1 1 10 12 1 1 10 12 1 1 7 1 10 10 12 11 100 12 1 1 10 12 1 1 10 12 1 10 100 12 1 1 1 10 12 1 1 10 10 12 1 1 100 1 10 10 12 1 1 10 100 12 1 1 1 100 1 7 1 10 12 1 1 10 12 1 10 10 12 1 1 10 12 1 10 12 1 10 12 1 10 100 12 1 1 1 11 7 12 1 1 10 12 1 10 12 1 9 12 1 10 12 1 1 10 12 1 9 12 1 1 100 1 10 9 12 1 1 10 12 100 1 10 12 1 9 12 1 10 100 12 1 1 1 10 12 1 10 12 1 10 100 12 1 1 1 10 12 1 10 12 10 12 1 1 100 1 10 8 1 10 12 1 11 11 12 1 1 11 7 12 1 1 11 12 1 8 1 10 12 1 10 12 1 1 9 12 1 9 12 1 1 10 7 12 1 1 9 12 1 10 12 1 1 10 10 12 1 10 7 12 1 1 1 10 100 12 1 1 10 100 12 1 1 9 12 1 1 10 12 1 9 12 1 10 12 1 10 12 1 1 9 12 1 1 9 12 1 10 12 1 10 12 1 1 9 12 1 100 1 10 10 12 1 1 7 1 10 12 1 1 100 11 100 1 9 12 1 1 9 12 1 100 1 10 12 1 9 12 1 1 9 12 1 10 12 1 10 12 1 1 9 12 1 7 1 10 10 12 1 1 10 10 12 1 1 10 12 10 10 12 1 9 12 1 10 12 1 1 10 7 12 1 1 1 10 12 1 1 10 12 1 8 10 7 8 1 18 8 1 8 1 10 12 1 9 12 1 9 12 1 1 10 12 1 7 1 7 1 10 12 1 9 12 1 1 7 1 10 10 12 1 10 7 1 9 12 1 8 1 10 12 1 7 1 10 12 1 10 12 1 1 9 12 1 100 1 8 1 10 7 1 4 10 10 12 11 7 12 1 1 1 10 12 1 100 1 10 12 1 1 10 8 1 8 1 10 12 1 1 9 7 12 1 1 11 12 7 1 11 7 12 1 1 9 12 1 10 100 12 1 1 1 10 7 12 1 1 10 12 1 1 9 12 1 9 10 12 1 1 10 12 1 1 10 12 1 1 10 12 1 1 10 12 1 1 11 12 1 100 1 11 12 1 10 100 12 1 1 1 10 12 1 100 1 11 12 1 10 100 12 1 1 1 10 12 1 10 11 12 1 11 12 1 1 10 12 1 10 12 1 1 9 12 1 1 9 100 12 1 1 10 12 1 10 100 12 1 1 1 10 12 1 1 10 12 1 10 12 1 10 12 1 10 7 12 1 1 1 10 12 1 8 1 10 12 1 10 12 1 10 12 1 10 100 12 1 1 1 11 100 12 1 1 1 10 12 1 1 10 12 1 18 12 1 1 11 12 1 1 18 11 12 1 18 12 1 11 12 1 10 12 1 1 10 12 1 10 12 1 10 12 10 12 1 8 1 10 12 1 7 1 9 12 1 1 100 1 100 1 100 1 100 1 100 1 1 1 3 1 3 1 3 1 1 1 1 1 1 1 5 0 1 1 1 1 1 1 1 1 1 1 1 1 1 1 1 1 1 1 1 1 1 1 1 100 1 1 1 1 1 1 1 100 1 1 1 1 1 1 7 1 1 1 1 1 1 1 1 1 1 1 1 1 1 1 1 1 1 1 1 1 1 1 1 1 1 1 1 1 1 1 1 1 1 1 1 1 1 100 1 1 1 1 1 1 1 1 1 1 1 1 1 1 1 1 1 1 1 1 1 1 1 1 1 1 1 1 100 1 1 1 1 1 1 1 1 1 1 1 1 1 1 1 1 1 1 1 1 1 1 1 1 1 1 1 1 1 1 1 1 1 1 1 1 1 1 1 1 1 1 1 1 1 1 1 1 1 1 1 1 1 100 1 100 1 1 1 1 1 1 1 1 1 1 1 1 1 1 1 1 1 1 1 1 1 1 1 1 1 1 1 1 1 1 1 1 1 1 1 1 1 1 1 1 1 1 1 1 1 1 1 1 1 1 1 1 1 1 1 1 1 1 1 1 1 1 1 100 1 1 1 1 1 1 1 1 1 1 1 1 1 1 1 1 1 1 1 1 1 1 1 1 1 1 1 1 1 1 1 1 1 1 1 1 1 1 1 1 1 1 1 1 1 1 1 1 1 1 1 1 1 1 1 1 1 1 1 1 1 1 1 1 1 1 1 1 15 10 7 12 1 1 1 16 15 10 12 16 15 11 12 16 1 16 15 16 15 10 12 16 16 15 10 12 16 15 16 1 15 10 12 16 1 1 1 1 1 1 1 1 100 1 1 100 1 100 1 1 100 1 100 1 1
staticfield java/lang/Class EMPTY_CLASS_ARRAY [Ljava/lang/Class; 0 [Ljava/lang/Class;
staticfield java/lang/Class serialPersistentFields [Ljava/io/ObjectStreamField; 0 [Ljava/io/ObjectStreamField;
ciInstanceKlass java/io/Serializable 1 0 7 100 1 100 1 1 1
instanceKlass jdk/internal/vm/vector/VectorSupport$VectorShuffle
instanceKlass jdk/internal/vm/vector/VectorSupport$VectorMask
instanceKlass jdk/internal/vm/vector/VectorSupport$Vector
ciInstanceKlass jdk/internal/vm/vector/VectorSupport$VectorPayload 0 0 32 10 100 12 1 1 1 9 100 12 1 1 1 10 100 12 1 1 1 1 1 1 1 1 1 1 1 1 1 1 1 1
ciInstanceKlass jdk/internal/vm/vector/VectorSupport$VectorShuffle 0 0 28 10 100 12 1 1 1 100 1 1 1 1 1 1 1 1 1 1 1 1 1 1 1 100 1 1 1 1
ciInstanceKlass jdk/internal/vm/vector/VectorSupport$VectorMask 0 0 28 10 100 12 1 1 1 100 1 1 1 1 1 1 1 1 1 1 1 1 1 1 1 100 1 1 1 1
ciInstanceKlass jdk/internal/vm/vector/VectorSupport$Vector 0 0 28 10 100 12 1 1 1 100 1 1 1 1 1 1 1 1 1 1 1 1 1 1 1 100 1 1 1 1
ciInstanceKlass jdk/internal/vm/vector/VectorSupport 0 0 487 100 1 10 100 12 1 1 1 9 12 1 1 10 12 1 1 100 1 10 12 1 11 100 12 1 1 1 11 100 12 1 1 1 11 100 12 1 1 11 100 12 1 1 1 11 100 1 100 1 10 12 1 1 11 100 12 1 1 11 100 12 1 1 100 1 11 100 12 1 1 11 100 12 1 1 11 100 12 1 1 1 11 100 12 1 1 1 11 100 12 1 1 1 11 100 12 1 1 1 100 1 10 12 1 1 11 100 12 1 1 100 1 11 100 12 1 1 11 100 12 1 1 11 100 12 1 1 11 100 1 100 1 9 12 1 1 10 100 12 1 1 11 100 12 1 1 10 12 1 1 10 100 12 1 1 1 10 12 1 10 12 1 1 10 12 1 1 1 1 1 3 1 3 1 3 1 3 1 3 1 3 1 3 1 3 1 3 1 3 1 3 1 3 1 3 1 3 1 3 1 3 1 3 1 3 1 3 1 3 1 3 1 3 1 3 1 3 1 3 1 3 1 3 1 3 1 3 1 3 1 3 1 3 1 3 1 3 1 3 1 3 1 3 1 3 1 3 1 1 1 1 1 3 1 1 1 1 1 1 3 1 1 1 1 1 1 1 1 1 1 1 1 1 1 1 1 1 1 1 1 1 1 1 1 1 1 1 1 1 1 1 1 1 1 1 1 1 1 1 1 1 1 1 1 1 1 1 1 1 1 1 1 1 1 1 1 1 1 1 1 1 1 1 1 1 1 1 1 1 1 1 1 1 1 1 1 1 1 1 1 1 1 1 1 1 1 1 1 1 1 1 1 1 1 1 1 1 1 1 1 1 1 1 1 1 1 1 1 1 1 1 1 1 1 1 1 1 1 1 1 1 1 1 1 1 1 1 1 1 1 1 1 1 1 1 1 1 1 1 1 1 1 1 1 1 1 1 1 1 1 1 1 1 1 1 1 1 1 1 1 1 1 1 1 1 1 1 1 1 1 1 1 1 1 1 1 1 1 1 1 1 1 1 1 1 1 1 1 1 1 1 1 1 1 1 1 1 1 1 100 1 100 1 1 1 1 1 1 1 1 1 1 1 1 1 1 1 1 1 1 1 1 1 1 1 1
ciInstanceKlass java/lang/reflect/RecordComponent 0 0 196 10 100 12 1 1 1 9 100 12 1 1 1 9 12 1 1 9 12 1 10 12 1 1 10 12 1 1 10 100 12 1 1 1 10 12 1 1 9 12 1 1 10 12 1 1 10 12 1 1 10 12 1 10 100 12 1 1 10 100 12 1 1 9 12 1 1 10 100 12 1 1 1 11 100 12 1 1 1 10 9 100 12 1 1 1 10 100 12 1 1 1 9 12 1 1 10 100 12 1 1 1 10 12 1 1 11 100 12 1 1 10 100 12 1 1 100 1 9 12 1 9 12 1 1 9 12 1 10 100 12 1 1 1 10 12 1 1 10 12 1 1 100 1 10 10 12 1 10 12 1 1 8 1 10 12 1 10 12 1 9 12 1 100 1 1 1 1 1 1 1 1 1 1 1 1 1 1 1 1 1 1 1 1 1 1 100 1 1 1 1 1 1 100 1 1
ciInstanceKlass java/util/Iterator 1 1 53 100 1 8 1 10 12 1 1 10 7 12 1 1 1 11 7 12 1 1 1 11 12 1 1 11 7 12 1 1 1 100 1 1 1 1 1 1 1 1 1 1 1 1 1 1 1 1 1 1 1 1 1
ciInstanceKlass java/lang/System 1 1 803 10 100 12 1 1 1 9 7 12 1 1 1 10 12 1 10 12 1 1 10 12 1 1 10 12 1 9 12 1 1 10 7 12 1 1 1 11 100 12 1 1 1 10 100 12 1 1 1 10 12 1 1 10 12 1 1 100 1 8 1 10 12 1 10 100 12 1 1 1 10 100 12 1 1 1 18 12 1 1 10 100 12 1 1 1 100 1 10 12 1 1 10 100 12 1 1 1 10 12 1 10 7 12 1 1 1 9 100 12 1 1 1 10 100 12 1 1 1 11 7 12 1 1 1 10 12 1 1 10 100 12 1 1 1 100 1 10 10 12 1 1 8 1 10 12 1 8 1 10 12 1 9 12 1 1 8 1 10 7 12 1 1 1 10 12 1 1 100 1 8 1 10 9 12 1 1 8 1 10 12 1 1 10 100 12 1 1 1 8 1 10 12 1 100 1 10 12 1 8 1 10 12 1 10 12 1 1 100 1 10 12 10 12 1 9 12 1 1 9 12 1 1 10 7 12 1 1 1 10 7 12 1 1 1 10 12 1 1 10 12 1 10 12 1 10 7 12 1 1 1 10 12 1 100 1 100 1 8 1 10 12 1 10 12 1 1 7 1 10 12 1 100 1 8 1 10 10 12 1 100 1 8 1 10 8 1 10 100 12 1 1 8 1 10 12 100 1 8 1 10 10 12 1 1 10 100 12 1 1 1 100 1 18 12 1 100 1 9 100 12 1 1 1 10 12 1 100 1 10 12 1 1 10 12 1 1 10 7 12 1 1 1 10 12 1 1 10 12 1 10 12 1 10 12 1 1 10 12 1 7 1 10 12 1 10 12 1 100 1 10 12 1 10 7 12 1 1 1 100 1 8 1 10 9 12 1 9 12 1 10 12 1 10 100 12 1 1 10 12 1 10 12 1 1 8 1 10 12 1 1 8 1 11 12 1 10 12 11 12 1 1 11 7 12 1 1 1 11 7 12 1 1 11 12 1 1 7 1 11 12 1 10 12 1 8 1 10 12 1 1 8 1 8 1 8 1 8 1 11 12 1 10 12 1 10 12 1 10 12 1 10 7 12 1 1 8 1 7 1 9 7 12 1 1 1 10 12 1 7 1 9 12 10 9 12 7 1 10 12 8 1 10 12 1 1 8 1 10 7 12 1 1 10 12 1 10 7 12 1 1 1 10 12 1 1 10 7 12 1 1 1 10 12 10 7 12 1 1 1 9 12 1 1 100 1 8 1 10 12 1 1 10 7 12 1 1 1 7 1 10 12 1 1 8 1 10 8 1 8 1 8 1 8 1 10 10 7 12 1 1 10 12 1 1 10 12 1 1 10 12 1 1 10 12 1 10 100 12 1 1 1 10 100 1 8 1 10 10 10 12 1 1 10 12 1 1 8 1 10 12 1 8 1 10 12 1 10 12 1 1 7 1 10 10 12 1 10 12 1 9 12 1 1 1 3 1 3 1 1 1 1 1 1 1 1 1 1 1 1 100 1 1 100 1 1 1 1 1 1 1 1 1 1 1 100 1 100 1 1 1 1 1 1 1 1 1 1 1 1 1 1 1 1 1 1 1 1 1 1 1 1 1 1 1 1 1 1 1 1 1 1 1 1 1 1 1 1 1 1 1 1 1 1 1 1 1 1 1 1 1 1 1 1 1 1 100 1 1 1 1 1 1 1 1 1 1 1 1 1 1 1 1 1 1 1 1 1 1 1 1 1 1 1 1 1 1 1 1 1 100 1 1 15 10 100 12 1 1 1 16 15 10 12 1 1 16 15 10 12 16 1 1 1 1 1 1 1 100 1 100 1 1
staticfield java/lang/System in Ljava/io/InputStream; java/io/BufferedInputStream
staticfield java/lang/System out Ljava/io/PrintStream; org/apache/maven/surefire/api/report/ConsoleOutputCapture$ForwardingPrintStream
staticfield java/lang/System err Ljava/io/PrintStream; org/apache/maven/surefire/api/report/ConsoleOutputCapture$ForwardingPrintStream
instanceKlass org/jacoco/agent/rt/internal_0e20598/AgentModule$1
instanceKlass jdk/internal/reflect/DelegatingClassLoader
instanceKlass java/security/SecureClassLoader
ciInstanceKlass java/lang/ClassLoader 1 1 1098 9 7 12 1 1 1 10 7 12 1 1 1 9 12 1 1 10 7 12 1 1 1 7 1 10 12 1 1 10 12 1 1 9 12 1 1 10 12 1 1 100 1 10 12 1 10 12 1 1 10 7 12 1 1 1 100 1 8 1 10 12 1 10 7 12 1 1 1 10 100 12 1 10 7 1 10 7 1 7 1 7 1 10 12 1 10 12 1 9 12 1 1 10 10 7 12 1 1 1 9 12 1 1 9 12 1 9 12 1 1 9 12 1 9 12 1 1 9 12 1 1 7 1 10 12 1 9 12 1 1 10 12 1 1 10 7 12 1 1 1 9 12 1 9 12 1 1 9 12 1 10 12 1 1 9 12 10 12 1 1 7 1 10 8 1 10 12 1 1 10 12 1 10 7 1 7 1 10 12 1 1 10 7 12 1 1 1 8 1 10 12 1 10 12 1 10 12 1 1 10 12 1 1 10 12 1 1 10 12 1 1 10 12 1 1 10 12 1 7 1 10 12 1 10 100 12 1 1 1 10 12 1 1 10 12 1 10 12 1 10 12 1 10 12 1 10 12 1 1 10 10 12 1 10 12 1 10 100 12 1 1 10 12 1 1 10 12 1 1 10 12 1 100 1 10 12 1 100 1 10 12 1 10 100 12 1 1 1 10 10 12 1 1 10 12 1 1 100 1 8 1 10 8 1 10 12 1 10 12 1 100 1 8 1 10 12 1 1 10 12 1 1 10 10 12 1 1 10 12 1 1 10 12 1 1 10 7 1 10 12 1 1 10 12 1 1 10 12 1 1 10 12 1 1 10 12 1 1 10 12 1 1 10 12 1 10 7 12 1 1 1 10 12 1 10 12 1 10 12 1 1 10 12 1 10 12 1 10 12 1 10 12 1 1 10 12 1 10 12 1 1 8 1 9 12 1 10 12 1 1 8 1 8 1 10 7 12 1 1 100 1 10 10 12 10 12 1 10 12 1 10 12 1 10 12 1 1 10 7 12 1 1 10 12 1 10 7 1 7 1 10 12 1 1 10 12 1 10 7 1 10 12 1 100 1 18 12 1 10 100 12 1 1 1 10 100 12 1 1 1 10 7 12 1 1 10 12 1 1 10 12 1 10 12 1 1 7 1 10 12 1 10 12 1 1 10 7 12 1 1 10 12 1 8 1 100 1 10 10 12 1 9 12 1 10 7 12 1 1 10 12 1 100 1 8 1 10 12 1 10 8 1 8 1 10 12 1 1 10 12 1 1 10 12 1 1 10 100 12 1 1 1 100 1 100 1 10 12 1 1 100 1 100 1 10 100 12 1 1 10 12 1 10 12 1 1 10 12 1 10 12 1 1 10 12 1 1 9 100 12 1 1 1 10 12 1 1 10 12 1 10 12 1 10 12 1 1 10 12 1 8 1 10 12 1 7 1 18 12 1 1 10 12 1 1 10 12 1 10 12 1 10 12 1 8 1 10 12 1 10 12 1 18 12 1 11 100 12 1 1 1 100 1 10 12 1 1 10 12 1 10 11 12 1 1 10 18 10 12 1 1 11 100 12 1 18 12 1 11 12 1 1 10 12 10 12 1 1 10 12 1 1 100 1 8 1 10 10 12 1 8 1 8 1 10 100 12 1 1 10 12 1 100 1 10 10 12 1 8 1 8 1 8 1 10 12 1 10 12 1 1 10 12 1 10 100 12 1 1 1 11 100 12 1 1 7 1 10 11 10 12 1 10 12 1 10 12 1 1 9 7 12 1 1 9 12 1 1 9 12 9 12 1 9 12 1 9 12 1 8 10 12 1 1 10 7 12 1 1 1 10 12 1 1 10 12 1 1 10 12 1 10 10 12 1 11 12 1 1 10 100 12 1 1 1 100 1 10 12 1 10 12 1 10 12 1 1 1 1 1 1 1 1 1 1 1 1 1 1 1 1 1 1 1 1 1 1 1 1 1 1 1 1 100 1 1 1 1 1 1 1 1 1 1 1 1 1 1 1 1 1 1 1 1 1 100 1 1 1 1 1 1 1 1 1 1 100 1 1 1 1 1 1 1 1 1 1 1 1 1 1 1 1 1 1 1 1 1 1 1 1 1 1 1 1 1 1 1 1 1 1 1 1 1 1 1 1 1 100 1 1 1 1 1 1 1 1 1 1 1 1 1 1 1 1 1 1 100 1 1 1 1 1 1 1 1 1 1 1 1 1 1 1 1 1 1 1 1 1 1 1 1 1 1 1 1 1 1 1 1 1 1 1 1 1 1 1 1 1 1 1 1 1 1 1 1 1 1 1 100 1 1 1 1 1 1 1 1 1 1 1 1 1 1 1 1 1 1 1 1 1 1 1 1 1 1 1 1 1 1 1 1 1 1 1 1 1 1 1 1 1 1 1 1 1 1 15 10 7 12 1 1 1 16 1 15 10 12 16 1 16 15 10 12 16 1 16 1 15 10 12 16 15 10 12 16 15 10 12 16 1 1 100 1 100 1 1
staticfield java/lang/ClassLoader nocerts [Ljava/security/cert/Certificate; 0 [Ljava/security/cert/Certificate;
staticfield java/lang/ClassLoader $assertionsDisabled Z 1
ciInstanceKlass jdk/internal/reflect/DelegatingClassLoader 1 1 18 10 7 12 1 1 1 100 1 1 1 1 1 1 1 1 1 1
instanceKlass java/net/URLClassLoader
instanceKlass jdk/internal/loader/BuiltinClassLoader
ciInstanceKlass java/security/SecureClassLoader 1 1 102 10 7 12 1 1 1 7 1 10 12 1 9 7 12 1 1 1 10 12 1 10 12 1 10 12 1 1 10 12 1 1 10 12 1 7 1 10 7 1 10 12 1 7 1 10 12 1 11 7 12 1 1 1 7 1 11 12 1 10 12 1 1 1 1 1 1 1 1 1 1 1 1 1 1 1 1 1 1 1 1 1 1 1 1 1 1 1 1 1 1 1 1 1 1 1 1 100 1 1 1 1
instanceKlass jdk/internal/loader/ClassLoaders$BootClassLoader
instanceKlass jdk/internal/loader/ClassLoaders$PlatformClassLoader
instanceKlass jdk/internal/loader/ClassLoaders$AppClassLoader
ciInstanceKlass jdk/internal/loader/BuiltinClassLoader 1 1 737 9 7 12 1 1 1 10 7 12 1 1 1 10 7 12 1 1 1 9 12 1 1 9 12 1 1 7 1 10 12 1 9 12 1 10 12 1 9 12 1 10 7 12 1 1 1 10 7 12 1 1 1 10 7 12 1 1 1 11 7 12 1 1 1 100 1 100 1 10 10 12 1 1 8 1 10 12 1 10 12 7 1 10 12 1 10 12 1 1 11 7 12 1 1 1 11 7 12 1 1 1 11 12 1 1 7 1 8 1 8 1 10 9 12 1 1 10 7 12 1 1 11 12 1 1 10 12 1 1 10 12 1 1 10 12 1 1 10 7 12 1 1 1 10 12 1 10 100 12 1 1 1 10 12 1 1 11 7 12 1 1 1 10 7 12 1 1 100 1 10 7 12 1 1 1 10 12 1 100 1 8 1 10 12 1 1 10 8 1 10 12 1 1 10 12 1 1 10 12 1 1 11 7 12 1 1 11 12 1 7 1 10 11 12 1 1 11 10 12 1 1 7 1 10 12 1 10 7 12 1 10 12 1 7 1 10 12 1 10 7 12 1 1 1 100 1 10 12 1 1 11 12 1 100 1 100 1 10 12 1 10 12 1 1 100 1 100 1 10 12 1 10 12 1 18 12 1 1 10 12 1 10 12 1 1 18 100 1 10 7 12 1 1 1 7 1 10 10 12 1 1 10 12 1 1 10 12 1 1 10 12 1 9 12 1 1 100 1 10 10 12 1 1 10 12 1 1 10 12 1 10 12 10 12 1 1 10 12 1 1 10 12 1 1 10 12 1 10 12 1 1 18 12 1 7 1 10 12 1 1 10 12 1 10 12 1 1 10 12 1 100 1 10 12 1 7 1 10 12 1 10 7 12 1 1 1 10 12 1 11 12 1 7 1 10 12 1 7 1 100 1 10 12 1 10 12 1 11 12 1 1 10 12 1 1 10 12 1 1 10 12 1 1 10 12 1 1 10 12 1 10 12 1 10 12 1 10 12 1 8 1 10 12 1 1 10 7 12 1 1 10 12 1 100 1 8 1 8 1 10 10 12 1 8 1 8 1 10 7 12 1 1 1 11 7 12 1 1 1 9 7 12 1 1 1 10 7 12 1 1 1 9 12 1 9 12 1 9 12 1 9 12 1 9 12 1 9 12 1 10 7 12 1 1 1 8 1 10 12 1 7 1 10 12 1 1 10 12 1 7 1 10 11 12 1 1 10 12 10 12 1 10 12 1 100 1 10 12 1 10 12 1 10 10 12 1 10 7 12 1 1 8 1 10 7 12 1 1 10 12 1 1 1 1 1 1 1 1 1 1 1 1 1 1 1 1 1 1 1 1 1 1 1 1 1 1 1 1 1 1 1 1 1 1 1 1 1 1 1 1 1 1 1 1 1 1 1 1 1 1 1 1 1 1 1 1 100 1 1 1 1 1 1 1 1 1 1 1 1 1 1 1 1 1 1 100 1 100 1 1 1 1 1 1 1 1 1 1 1 1 1 1 1 1 1 1 1 1 1 1 1 1 1 1 1 1 1 1 1 1 1 1 1 1 1 1 1 1 1 1 1 1 1 1 1 1 1 1 1 100 1 1 15 10 100 12 1 1 1 16 15 10 12 16 15 10 12 16 15 10 12 16 1 1 1 100 1 1 1 1 1 100 1 100 1 1
staticfield jdk/internal/loader/BuiltinClassLoader packageToModule Ljava/util/Map; java/util/concurrent/ConcurrentHashMap
staticfield jdk/internal/loader/BuiltinClassLoader $assertionsDisabled Z 1
ciInstanceKlass java/security/AccessController 1 1 295 10 100 12 1 1 1 10 7 12 1 1 1 10 7 12 1 1 1 10 12 1 1 10 12 1 1 10 7 12 1 1 1 10 12 1 1 10 12 1 10 12 1 1 10 12 1 100 1 8 1 10 12 1 10 12 1 10 12 1 1 10 12 1 100 1 100 1 10 12 1 1 10 12 1 10 12 1 10 12 1 1 10 7 12 1 1 1 10 12 1 1 9 100 12 1 1 1 10 100 12 1 1 1 10 12 1 10 12 1 9 100 12 1 1 1 10 12 1 10 12 1 1 9 12 1 1 10 100 1 10 11 7 12 1 1 1 10 7 12 1 1 11 7 1 100 1 10 12 1 10 12 1 10 12 1 8 1 10 12 1 1 8 1 10 100 12 1 1 1 8 1 100 1 10 10 12 1 1 10 12 1 10 7 12 1 1 1 10 12 1 8 1 10 100 12 1 1 8 1 8 1 10 12 1 8 1 10 12 1 10 12 1 1 10 12 1 1 1 1 1 1 1 1 1 1 1 1 1 1 1 1 1 1 1 1 1 1 1 1 1 1 1 1 100 1 1 1 1 1 1 1 1 1 1 1 1 1 1 1 1 1 1 1 1 1 1 1 1 1 1 1 1 1 1 1 1 1 1 100 1 100 1 1 1 1 1 1 1 1 1 3 1 1 1
staticfield java/security/AccessController $assertionsDisabled Z 1
instanceKlass jdk/internal/reflect/GeneratedConstructorAccessor6
instanceKlass jdk/internal/reflect/GeneratedConstructorAccessor5
instanceKlass jdk/internal/reflect/GeneratedConstructorAccessor4
instanceKlass jdk/internal/reflect/GeneratedConstructorAccessor3
instanceKlass jdk/internal/reflect/GeneratedConstructorAccessor2
instanceKlass jdk/internal/reflect/SerializationConstructorAccessorImpl
instanceKlass jdk/internal/reflect/BootstrapConstructorAccessorImpl
instanceKlass jdk/internal/reflect/GeneratedConstructorAccessor1
instanceKlass jdk/internal/reflect/DelegatingConstructorAccessorImpl
instanceKlass jdk/internal/reflect/NativeConstructorAccessorImpl
ciInstanceKlass jdk/internal/reflect/ConstructorAccessorImpl 1 1 27 10 7 12 1 1 1 100 1 100 1 1 1 1 1 1 1 1 1 100 1 100 1 100 1 1 1
instanceKlass jdk/internal/reflect/FieldAccessorImpl
instanceKlass jdk/internal/reflect/ConstructorAccessorImpl
instanceKlass jdk/internal/reflect/MethodAccessorImpl
ciInstanceKlass jdk/internal/reflect/MagicAccessorImpl 1 1 16 10 7 12 1 1 1 100 1 1 1 1 1 1 1 1
instanceKlass jdk/internal/reflect/DelegatingMethodAccessorImpl
instanceKlass jdk/internal/reflect/NativeMethodAccessorImpl
ciInstanceKlass jdk/internal/reflect/MethodAccessorImpl 1 1 25 10 7 12 1 1 1 100 1 100 1 1 1 1 1 1 1 1 1 100 1 100 1 1 1
ciInstanceKlass java/lang/Module 1 1 959 10 7 12 1 1 1 9 7 12 1 1 1 10 7 12 1 1 1 9 12 1 9 12 1 1 9 12 1 1 10 12 1 1 10 12 1 10 12 1 1 10 7 12 1 1 1 7 1 10 7 12 1 1 1 10 12 1 1 11 7 12 1 1 1 10 12 1 1 10 7 12 1 1 1 10 12 1 1 10 7 12 1 1 1 9 100 12 1 1 1 10 100 12 1 1 1 10 12 1 8 1 10 7 12 1 1 1 10 7 12 1 1 1 9 12 1 1 9 12 1 1 10 12 1 9 12 1 1 11 12 1 9 7 12 1 1 10 7 12 1 1 1 10 100 12 1 1 1 10 12 1 1 100 1 100 1 10 10 12 1 1 8 1 10 12 1 10 12 10 12 1 10 12 1 1 10 12 1 1 10 12 1 1 9 7 12 1 1 1 10 12 1 1 10 12 1 1 9 12 1 10 12 1 10 12 1 9 12 1 1 11 7 12 1 1 10 12 1 1 9 12 1 9 12 1 10 12 1 10 12 1 100 1 8 1 10 10 12 1 1 10 12 1 8 1 10 12 1 1 8 1 8 1 10 12 1 1 10 12 1 10 12 1 1 18 12 1 1 10 12 1 1 11 12 1 9 12 1 11 12 10 100 12 1 1 100 1 8 1 10 7 1 11 12 1 1 10 12 1 10 12 1 10 12 1 1 11 12 1 1 11 7 12 1 1 11 12 1 1 9 12 1 11 12 1 10 12 1 1 10 12 1 1 9 12 1 10 12 10 7 12 1 1 10 7 12 1 1 10 7 1 18 12 1 1 11 100 12 1 1 1 18 12 1 11 12 1 1 10 100 12 1 1 1 11 12 1 1 10 7 12 1 1 4 7 1 11 12 1 7 1 7 1 10 10 7 12 1 1 1 10 11 7 12 1 8 1 10 10 12 1 1 10 7 12 1 1 10 12 1 10 12 1 7 1 10 12 1 10 11 12 1 1 10 12 10 12 1 1 9 12 1 100 1 10 10 12 1 1 11 100 1 10 12 1 1 11 12 1 10 10 12 1 11 10 12 1 1 10 12 1 1 10 12 1 1 10 7 12 1 1 10 12 1 10 12 1 1 10 10 12 1 1 10 12 1 18 12 1 11 12 1 18 12 1 10 12 1 10 12 1 10 12 7 1 10 12 1 10 12 1 10 12 1 9 12 1 7 1 10 10 10 10 12 1 10 12 1 10 12 1 10 12 1 1 10 12 1 1 10 12 1 9 12 1 18 12 1 1 10 100 12 1 1 1 100 1 8 1 10 12 1 1 10 12 1 1 10 100 12 1 1 100 1 10 12 1 1 100 1 8 1 100 1 10 100 1 100 1 3 10 12 1 100 1 10 12 1 10 12 1 1 10 12 1 1 100 1 10 12 1 10 12 1 1 100 1 100 1 10 12 8 1 10 12 1 1 10 12 1 1 10 100 12 1 1 10 12 1 1 10 12 1 10 12 10 12 1 1 100 1 10 10 12 1 1 10 100 12 1 1 1 100 1 8 1 10 12 1 1 10 100 12 1 1 8 1 10 12 1 8 1 10 12 1 10 12 10 12 1 8 1 10 10 100 12 1 1 7 1 10 10 12 1 10 7 12 1 1 9 12 1 9 12 1 9 12 1 9 12 1 10 12 11 12 1 10 12 1 100 1 1 1 1 1 1 1 1 1 1 1 1 1 1 1 1 100 1 1 1 1 1 1 1 1 1 1 1 1 1 1 1 1 1 1 1 1 1 1 1 1 1 1 1 1 1 1 1 1 1 1 1 1 1 1 1 1 1 1 1 1 1 1 1 1 1 1 1 1 1 1 1 1 1 1 1 1 1 1 1 1 1 1 1 1 1 1 1 1 1 1 1 1 1 1 1 1 1 1 1 100 100 1 1 1 1 1 1 1 1 1 1 1 1 1 1 1 1 1 1 1 1 1 1 1 1 1 1 1 1 1 1 1 1 1 1 100 1 100 1 100 1 1 1 1 1 1 1 1 1 1 1 1 1 1 1 1 1 1 1 1 1 1 1 1 1 1 1 1 15 10 7 12 1 1 1 16 15 10 12 16 16 15 10 12 16 16 15 10 16 1 15 10 12 16 1 15 10 12 16 1 16 15 10 12 16 1 1 1 1 1 1 1 100 1 100 1 1
staticfield java/lang/Module ALL_UNNAMED_MODULE Ljava/lang/Module; java/lang/Module
staticfield java/lang/Module ALL_UNNAMED_MODULE_SET Ljava/util/Set; java/util/ImmutableCollections$Set12
staticfield java/lang/Module EVERYONE_MODULE Ljava/lang/Module; java/lang/Module
staticfield java/lang/Module EVERYONE_SET Ljava/util/Set; java/util/ImmutableCollections$Set12
staticfield java/lang/Module $assertionsDisabled Z 1
instanceKlass org/jacoco/agent/rt/internal_0e20598/asm/tree/MethodNode$1
ciInstanceKlass java/util/ArrayList 1 1 492 10 7 12 1 1 1 7 1 9 7 12 1 1 1 9 12 1 100 1 100 1 10 8 1 10 12 1 1 10 12 1 10 12 1 1 10 12 1 9 12 1 11 7 12 1 1 1 9 12 1 1 10 12 1 1 100 10 7 12 1 1 1 9 12 1 10 12 1 10 12 1 1 10 7 12 1 1 1 10 7 12 1 1 1 10 12 1 1 10 12 1 1 10 12 1 1 10 12 1 10 12 1 1 100 1 100 1 10 12 1 10 7 12 1 1 1 10 7 12 1 1 10 12 1 10 12 10 12 1 1 10 12 1 1 10 12 1 1 7 1 10 12 1 1 10 12 1 1 10 12 1 100 1 10 11 12 1 1 11 7 12 1 1 1 11 12 1 10 12 1 10 12 1 10 12 1 1 100 1 10 12 1 1 10 10 12 1 1 10 12 1 8 1 8 1 8 1 8 1 10 12 1 1 10 12 1 1 11 12 1 100 1 10 100 12 1 1 10 12 1 10 12 1 1 10 100 12 1 1 10 12 1 10 100 12 1 1 1 11 100 12 1 1 1 10 12 1 100 1 8 1 10 7 1 10 12 1 7 1 10 12 1 10 12 1 1 7 1 10 12 1 10 12 1 1 11 7 12 1 1 7 1 10 12 1 10 12 1 1 11 100 12 1 1 10 12 1 1 10 12 1 1 10 12 1 1 10 12 1 1 11 100 12 1 1 10 12 1 1 100 1 100 1 100 1 1 1 1 5 0 1 3 1 1 1 1 1 1 1 1 1 1 1 1 1 1 1 1 1 1 1 1 1 1 1 1 1 1 1 1 1 1 1 1 1 1 1 1 1 1 1 1 1 1 1 1 1 1 1 1 1 1 1 1 1 1 1 1 1 1 1 1 1 1 1 1 1 1 1 1 1 1 1 1 1 1 1 1 1 1 1 1 1 1 1 1 1 1 1 1 1 1 1 1 1 1 1 1 100 1 1 1 1 100 1 1 1 1 1 1 1 1 1 1 1 1 1 1 1 1 1 1 1 1 1 1 1 1 1 1 1 1 1 100 1 1 1 1 1 1 1 1 1 1 1 1 1 1 1 1 1 1 100 1 100 1 1 1 1 1 1
staticfield java/util/ArrayList EMPTY_ELEMENTDATA [Ljava/lang/Object; 0 [Ljava/lang/Object;
staticfield java/util/ArrayList DEFAULTCAPACITY_EMPTY_ELEMENTDATA [Ljava/lang/Object; 0 [Ljava/lang/Object;
ciInstanceKlass java/util/concurrent/ConcurrentHashMap 1 1 1210 7 1 7 1 3 10 12 1 1 3 100 1 10 7 12 1 1 1 100 1 10 100 12 1 1 1 100 1 11 12 1 1 11 12 1 11 12 1 1 9 12 1 1 9 12 1 1 9 12 1 10 7 12 1 1 1 7 1 10 12 1 1 10 12 1 1 10 7 12 1 1 1 4 10 12 1 9 12 1 10 12 1 1 100 1 10 5 0 10 12 1 10 12 1 1 5 0 10 12 1 1 10 12 1 9 12 1 1 10 12 1 1 9 12 1 9 12 1 1 10 12 1 1 9 12 1 10 12 1 1 9 12 1 1 10 12 1 1 100 1 10 100 1 10 12 1 10 12 1 1 10 12 1 1 10 12 1 1 10 12 1 10 12 1 1 10 12 1 1 100 1 10 12 1 1 7 1 100 1 8 1 10 12 1 10 12 1 1 10 12 1 1 11 7 12 1 1 10 12 1 1 11 12 1 1 11 7 12 1 1 1 11 7 12 1 1 1 11 12 1 7 1 11 12 1 11 12 1 10 12 1 1 10 12 1 1 9 12 1 1 10 100 12 1 1 1 9 10 12 1 1 9 12 1 10 12 1 1 5 0 9 12 1 1 7 1 10 12 1 9 12 1 1 7 1 10 12 1 9 12 1 7 1 10 100 1 10 10 12 1 1 8 1 10 12 1 10 12 1 1 11 100 1 10 12 1 10 100 12 1 1 1 8 1 10 100 12 1 1 1 8 1 10 12 1 8 1 10 12 1 10 12 1 1 10 100 12 1 1 10 12 1 10 12 1 10 12 1 9 12 1 9 10 12 1 9 12 1 1 11 100 12 1 1 1 11 7 12 1 1 1 100 1 10 12 11 100 12 1 1 10 11 7 12 1 10 12 1 100 1 10 12 1 100 1 10 10 9 7 12 1 1 1 10 12 3 10 100 12 1 1 9 12 1 10 12 1 1 9 12 1 1 9 12 1 10 12 1 1 10 100 12 1 1 9 12 1 9 7 12 1 1 10 12 1 1 10 12 1 3 9 12 1 9 12 1 10 12 1 1 7 1 9 3 9 12 1 100 1 10 12 1 9 12 1 10 12 1 9 12 1 10 12 1 9 12 1 10 100 12 1 1 1 100 10 12 1 100 1 5 0 10 100 12 1 1 100 1 10 12 1 1 10 12 1 10 12 1 100 1 10 12 1 10 100 1 100 1 10 10 12 1 10 100 1 10 12 1 10 100 1 10 12 1 10 100 1 10 12 1 1 100 1 10 12 1 10 10 12 1 100 1 10 12 1 10 10 12 1 100 1 10 12 1 10 100 1 10 12 1 10 100 1 10 12 1 10 100 1 10 12 1 10 100 1 10 12 1 10 100 1 10 12 1 10 100 1 10 12 1 10 100 1 10 12 1 10 100 1 10 10 100 1 10 10 100 1 10 10 100 1 10 12 1 10 100 1 10 12 1 10 100 1 10 12 1 10 100 1 10 12 1 10 100 1 10 12 1 10 100 1 10 10 100 1 10 10 100 1 10 10 100 1 10 12 1 10 100 1 10 12 1 10 100 1 10 12 1 10 100 1 10 12 1 10 100 1 10 12 1 10 10 12 1 10 7 12 1 1 1 10 12 1 7 1 7 1 10 12 1 9 12 1 1 9 12 1 1 10 12 1 1 8 10 12 1 1 8 8 8 8 7 10 12 1 1 10 12 1 100 1 8 1 10 7 1 100 1 100 1 1 1 5 0 1 1 3 1 3 1 1 1 1 3 1 3 1 3 1 1 1 1 1 3 1 3 1 3 1 1 1 1 1 1 1 1 1 1 1 1 1 1 1 1 1 1 1 1 1 1 1 1 1 100 1 1 1 1 1 1 1 1 1 1 1 1 1 1 1 1 1 1 1 1 1 1 1 1 1 1 1 1 1 1 1 1 1 1 1 1 1 1 1 1 1 1 1 1 1 1 1 1 1 1 1 1 1 1 1 1 1 1 1 1 1 1 1 1 1 1 1 1 1 1 1 1 1 1 1 1 1 1 1 1 1 1 1 1 100 1 1 1 1 1 1 1 1 1 1 1 100 1 1 1 1 1 1 1 1 1 1 1 1 1 1 1 1 1 1 1 1 1 1 1 1 1 1 1 1 1 1 1 1 1 1 1 1 1 1 1 1 1 1 1 1 1 1 1 1 1 1 1 1 1 1 1 1 1 1 1 1 1 1 1 1 1 1 1 1 1 1 1 1 1 1 1 1 1 1 1 1 1 1 1 1 1 1 1 1 1 1 1 1 1 1 1 1 1 1 1 1 1 1 1 1 1 1 1 1 1 1 1 1 1 1 1 1 1 1 1 1 1 1 1 1 1 1 1 1 1 1 1 1 1 1 1 1 1 1 1 1 1 1 1 1 1 1 1 1 1 1 1 1 1 1 1 1 1 1 1 1 1 1 1 1 1 1 1 1 1 1 1 1 1 1 1 1 1 1 1 1 1 1 1 1 1 1 1 1 1 1 1 1 1 1 1 1 1 1 1 1 1 1 1 1 1 1 1 1 1 1 1 1 1 1 1 1 1 1 1 1 1 1 1 100 1 100 1 100 1 100 1 100 1 100 1 100 1 100 1 100 1 1 1 1 1 1 1 1 1 1 1 1 1 1 1 1 1 1 1 1 1 1 1 1 1 1 1 1 1 1 1 1 1 1 1 1 1 1 1 1 1 1 1 1 1 1 1 1 1 1 1 1 1 1 1 1 1 1
staticfield java/util/concurrent/ConcurrentHashMap NCPU I 6
staticfield java/util/concurrent/ConcurrentHashMap serialPersistentFields [Ljava/io/ObjectStreamField; 3 [Ljava/io/ObjectStreamField;
staticfield java/util/concurrent/ConcurrentHashMap U Ljdk/internal/misc/Unsafe; jdk/internal/misc/Unsafe
staticfield java/util/concurrent/ConcurrentHashMap SIZECTL J 20
staticfield java/util/concurrent/ConcurrentHashMap TRANSFERINDEX J 32
staticfield java/util/concurrent/ConcurrentHashMap BASECOUNT J 24
staticfield java/util/concurrent/ConcurrentHashMap CELLSBUSY J 36
staticfield java/util/concurrent/ConcurrentHashMap CELLVALUE J 144
staticfield java/util/concurrent/ConcurrentHashMap ABASE I 16
staticfield java/util/concurrent/ConcurrentHashMap ASHIFT I 2
ciInstanceKlass java/lang/String 1 1 1396 10 7 12 1 1 1 8 1 9 7 12 1 1 1 9 12 1 1 9 12 1 1 10 12 1 10 12 1 1 10 12 1 1 9 12 1 1 10 7 12 1 1 1 10 7 1 10 7 12 1 1 1 10 12 1 1 10 12 1 1 10 12 1 10 12 1 1 10 12 1 10 7 12 1 1 1 9 7 12 1 1 1 10 7 12 1 1 1 10 12 1 1 10 12 1 1 10 12 1 1 10 12 1 1 10 12 1 1 9 7 12 1 1 10 12 9 7 12 1 1 3 10 7 12 1 1 1 7 1 11 12 1 1 11 12 1 11 12 1 1 10 100 12 1 1 1 10 12 1 1 9 100 12 1 1 1 10 12 1 1 10 12 1 11 12 1 1 10 12 1 1 10 12 10 12 1 1 10 100 12 1 1 1 10 7 12 1 1 1 10 12 1 1 100 1 100 1 10 12 1 10 12 1 10 12 1 1 100 1 10 12 1 1 100 1 10 12 1 1 10 12 1 1 10 10 12 1 100 1 100 1 100 1 10 12 1 10 12 1 1 10 12 1 1 10 12 1 10 12 1 1 10 12 1 1 10 7 12 1 1 7 1 11 11 12 1 11 12 1 10 12 1 1 10 12 1 10 12 10 12 1 1 10 10 100 12 1 1 1 10 100 12 1 1 10 12 1 1 10 100 12 1 1 10 12 1 10 12 1 1 10 12 1 1 10 12 1 10 12 1 10 12 1 1 100 1 10 12 1 1 10 12 10 12 1 10 12 1 1 10 100 12 1 1 1 10 12 1 10 12 1 1 10 12 1 10 12 1 3 3 10 12 1 10 12 1 1 10 12 1 1 10 12 1 1 10 12 1 10 12 1 1 10 12 1 1 10 12 1 10 12 1 10 12 1 10 12 1 1 10 12 1 10 12 1 10 12 1 10 12 1 10 12 1 10 12 1 10 100 1 10 8 1 10 12 1 1 10 12 1 8 1 10 12 1 1 10 12 10 12 1 8 1 10 10 12 1 1 10 12 1 1 10 12 1 10 12 1 1 10 12 10 100 1 10 10 12 1 10 12 1 10 12 1 10 10 12 1 10 12 1 1 10 12 1 100 1 10 10 12 1 100 1 10 10 12 1 10 12 1 1 10 12 1 10 12 1 1 10 10 12 1 1 10 100 1 10 10 12 1 10 12 1 1 10 12 1 1 10 100 1 10 12 1 10 12 1 10 12 1 10 12 1 1 10 12 1 11 7 1 11 12 10 12 1 10 12 1 1 10 12 1 1 10 10 12 1 10 12 1 9 12 1 1 11 7 12 1 1 1 10 10 12 1 10 12 1 1 10 10 12 1 10 12 1 10 12 1 1 9 12 1 10 12 1 1 10 10 12 1 1 10 12 10 10 12 1 10 12 10 10 12 10 10 12 1 10 12 1 10 12 10 10 12 10 12 1 10 12 10 12 10 10 12 1 10 12 1 1 10 12 1 10 10 12 1 10 7 12 1 1 1 10 12 1 1 10 10 7 12 1 1 1 11 10 12 1 10 12 1 1 10 12 1 1 10 100 12 1 1 1 10 12 1 10 10 12 1 10 12 1 10 12 1 10 100 12 1 1 10 12 1 100 1 100 1 8 1 10 10 10 12 1 8 1 10 12 1 3 3 7 1 10 10 12 1 10 12 1 10 12 1 1 10 12 1 1 11 7 12 1 1 1 7 1 10 12 1 1 10 12 1 10 12 1 1 10 12 1 1 8 1 10 12 1 1 10 12 1 11 100 12 1 1 1 11 100 12 1 1 11 12 1 1 10 12 1 10 12 1 1 10 10 7 12 1 1 1 10 12 1 10 12 1 10 10 12 10 12 1 1 10 10 12 1 10 10 12 1 10 10 12 1 10 10 12 1 10 12 1 1 10 10 12 1 8 1 10 12 1 1 18 12 1 1 11 100 12 1 1 1 100 1 3 18 12 1 18 12 1 8 1 10 100 12 1 1 1 11 12 1 1 10 12 10 10 12 1 10 11 12 1 1 10 12 1 1 11 12 1 18 3 11 10 12 1 11 11 10 12 1 10 12 1 1 8 1 10 12 1 10 12 1 10 12 1 1 10 10 12 1 11 100 12 1 100 1 100 1 10 12 1 100 1 10 10 100 12 1 1 1 100 1 10 7 1 10 10 12 1 10 10 12 1 8 1 10 10 12 1 8 1 8 1 10 12 1 10 12 1 10 10 12 10 100 12 1 1 10 100 12 1 1 10 100 12 1 1 8 1 10 12 1 10 12 1 1 10 10 12 8 1 8 1 10 8 1 8 1 8 1 8 1 10 12 1 10 12 1 8 1 10 100 12 1 1 1 10 12 10 12 1 1 10 12 10 10 12 10 12 7 1 9 12 1 1 7 1 10 100 1 100 1 100 1 100 1 1 1 1 1 1 5 0 1 1 1 1 1 3 1 3 1 1 1 1 1 1 1 1 1 1 1 1 1 1 1 100 1 1 1 100 1 1 1 1 1 1 1 1 1 1 1 1 1 1 1 1 1 1 1 1 1 1 1 1 1 1 1 100 1 1 1 1 1 1 1 1 1 100 1 1 1 1 1 1 1 1 1 1 1 1 1 1 1 1 1 1 1 1 1 1 1 1 1 1 1 1 1 1 1 1 1 1 1 1 1 1 1 1 1 1 1 1 1 1 1 1 1 1 1 1 1 1 1 1 1 1 1 1 1 1 1 1 1 1 1 1 1 1 1 1 1 1 1 1 1 1 1 1 1 1 1 1 1 1 1 1 1 1 1 1 1 1 1 1 1 1 1 1 1 1 1 1 1 1 1 1 1 1 1 1 1 1 1 1 1 1 1 1 1 1 1 1 1 1 1 1 1 1 1 1 1 1 1 1 1 1 1 1 1 1 1 1 1 1 1 1 1 1 1 1 1 1 1 1 1 1 1 1 1 1 1 1 1 1 1 1 1 100 1 1 1 1 1 1 1 1 1 1 1 1 1 1 1 1 1 1 1 1 1 1 1 1 100 1 1 1 1 1 1 1 1 1 1 1 1 1 100 1 1 1 1 1 1 1 1 1 1 1 1 1 1 1 15 10 100 12 1 1 1 16 15 10 12 16 15 10 12 15 10 12 15 10 12 1 1 1 1 100 1 100 1 1 1
staticfield java/lang/String COMPACT_STRINGS Z 1
staticfield java/lang/String serialPersistentFields [Ljava/io/ObjectStreamField; 0 [Ljava/io/ObjectStreamField;
staticfield java/lang/String CASE_INSENSITIVE_ORDER Ljava/util/Comparator; java/lang/String$CaseInsensitiveComparator
ciInstanceKlass java/security/ProtectionDomain 1 1 324 10 7 12 1 1 1 9 7 12 1 1 1 7 1 10 9 12 1 1 9 12 1 1 9 12 1 1 10 7 12 1 1 7 1 9 12 1 9 12 1 1 7 1 9 12 1 1 9 12 1 10 100 12 1 1 10 100 12 1 1 1 10 12 1 1 10 12 1 9 12 1 9 100 12 1 1 10 12 1 1 10 100 1 10 12 1 1 8 1 100 1 8 1 10 12 1 10 10 100 12 1 1 1 10 12 1 1 8 1 11 8 1 10 12 1 8 1 8 1 10 12 1 1 10 12 1 10 12 1 1 10 12 1 8 1 10 12 1 8 1 8 1 10 100 12 1 1 1 9 100 12 1 1 1 10 12 1 1 9 100 12 1 1 1 10 100 12 1 1 1 100 1 100 1 10 12 1 10 100 12 1 1 1 10 100 1 10 12 1 10 12 1 1 11 100 12 1 1 11 12 1 100 1 11 100 12 1 1 1 10 12 1 10 11 12 1 1 11 12 1 1 10 12 1 10 7 12 1 1 10 100 12 1 1 11 12 1 10 12 8 1 8 1 10 7 12 1 1 1 7 1 10 10 7 12 1 1 1 1 1 1 1 1 1 1 100 1 1 100 1 1 1 1 1 1 1 1 1 1 1 1 1 1 1 1 1 1 1 1 1 1 1 1 1 1 1 1 1 1 1 1 1 1 1 1 1 1 1 1 1 1 100 1 1 1 1 1 100 1 1 1 1 1
staticfield java/security/ProtectionDomain filePermCompatInPD Z 0
ciInstanceKlass java/security/CodeSource 1 1 395 10 7 12 1 1 1 9 7 12 1 1 1 9 12 1 1 9 12 1 1 9 12 1 1 10 7 12 1 1 1 9 12 1 1 10 100 12 1 1 10 100 10 100 12 1 1 1 10 100 12 1 1 1 10 12 1 1 100 1 10 10 100 12 1 1 1 10 100 12 1 1 1 10 12 1 1 10 12 1 100 1 10 12 1 1 10 12 1 1 10 12 1 1 10 12 1 10 10 10 12 1 1 10 100 12 1 1 1 10 12 1 10 12 1 10 12 1 8 1 10 12 1 10 12 1 10 12 1 1 10 12 1 8 1 10 12 1 1 10 100 1 10 10 12 1 1 8 1 10 12 1 10 12 1 10 12 1 8 1 8 1 9 12 1 1 100 1 8 1 10 12 1 10 12 1 1 8 1 10 12 1 8 1 8 1 8 1 10 100 12 1 1 10 12 1 1 10 12 1 10 12 1 1 10 12 1 1 10 12 1 1 100 1 100 1 10 12 1 10 12 10 12 1 1 10 100 12 1 1 10 12 1 100 1 10 12 10 8 1 10 12 1 10 12 1 10 12 1 1 100 1 10 12 1 1 100 1 100 1 8 1 8 1 10 10 12 1 1 10 100 12 1 1 1 100 1 10 12 10 12 1 1 11 100 12 1 1 10 10 12 1 11 10 12 1 8 1 100 1 10 12 1 10 12 1 1 10 12 1 11 12 1 1 11 100 1 1 1 1 5 0 1 1 1 1 1 1 1 1 1 1 1 1 1 1 1 1 1 1 1 1 1 1 1 1 1 1 1 1 1 1 1 1 1 1 1 1 1 1 1 1 1 1 1 1 1 1 1 1 1 1 1 1 1 1 1 1 1 1 1 1 1 1 1 1 1 100 1 1 1 1 1 1 1
ciInstanceKlass java/lang/StringBuilder 1 1 409 10 7 12 1 1 1 10 12 1 10 12 1 10 12 1 1 10 7 12 1 1 1 10 7 12 1 1 1 10 12 1 10 12 1 10 12 1 10 12 1 10 12 1 10 12 1 10 12 1 10 12 1 10 12 1 10 12 1 10 12 1 10 12 1 10 12 1 10 12 1 1 10 12 1 10 12 1 1 10 12 1 1 10 12 1 10 12 1 10 12 1 10 12 1 10 12 1 10 12 1 10 12 1 10 12 10 12 1 10 12 1 10 12 1 10 12 1 1 10 12 1 10 12 1 10 12 10 12 1 1 10 12 1 1 9 12 1 1 9 12 1 1 10 7 12 1 1 1 10 100 1 10 100 12 1 1 1 10 12 1 10 12 1 1 10 12 1 1 10 10 12 1 1 10 100 12 1 1 10 12 1 10 12 1 1 100 1 100 1 8 1 10 10 12 1 1 10 12 1 1 10 12 1 10 12 1 10 12 1 10 12 1 10 12 1 10 12 1 10 12 1 10 12 1 10 12 1 10 12 1 10 12 1 10 12 1 10 12 1 10 12 1 10 12 1 1 10 12 1 1 10 12 1 10 12 1 10 12 1 10 12 10 12 10 12 1 10 12 1 10 12 1 10 12 10 12 1 10 12 1 10 12 1 10 12 1 10 12 1 10 12 1 10 12 1 10 12 1 10 12 1 1 10 12 1 10 12 1 1 10 12 1 10 12 1 1 10 12 1 10 12 1 1 10 12 1 10 12 1 10 12 1 10 10 12 1 10 12 1 100 1 100 1 100 1 1 1 1 5 0 1 1 1 1 1 1 1 1 1 1 1 1 1 1 1 1 1 1 1 1 1 1 1 1 1 1 1 1 1 1 1 1 1 1 1 1 1 1 1 1 1 1 1 100 1 1 1 100 1 1 1 1 1 1 1 1 1 1
ciInstanceKlass jdk/internal/loader/ClassLoaders 1 1 183 10 100 12 1 1 1 10 7 12 1 1 1 10 12 1 1 10 100 12 1 1 1 9 7 12 1 1 1 9 12 1 1 9 12 1 1 7 1 11 100 12 1 1 1 100 1 11 12 1 1 11 12 1 1 10 100 12 1 1 1 10 100 12 1 1 1 100 1 100 1 10 7 12 1 1 1 9 12 1 1 10 12 1 1 7 1 10 12 1 1 10 12 1 7 1 8 1 10 7 12 1 1 1 10 12 1 1 7 1 10 12 1 10 12 1 10 12 1 8 1 10 7 12 1 1 8 1 8 1 10 12 1 7 1 10 12 1 10 12 1 10 12 1 1 1 1 1 1 1 1 1 1 1 1 1 1 1 1 1 1 1 1 100 1 1 1 1 1 1 1 1 1 1 1 1 1 1 1 1 1 1 1
staticfield jdk/internal/loader/ClassLoaders JLA Ljdk/internal/access/JavaLangAccess; java/lang/System$2
staticfield jdk/internal/loader/ClassLoaders BOOT_LOADER Ljdk/internal/loader/ClassLoaders$BootClassLoader; jdk/internal/loader/ClassLoaders$BootClassLoader
staticfield jdk/internal/loader/ClassLoaders PLATFORM_LOADER Ljdk/internal/loader/ClassLoaders$PlatformClassLoader; jdk/internal/loader/ClassLoaders$PlatformClassLoader
staticfield jdk/internal/loader/ClassLoaders APP_LOADER Ljdk/internal/loader/ClassLoaders$AppClassLoader; jdk/internal/loader/ClassLoaders$AppClassLoader
ciInstanceKlass jdk/internal/misc/Unsafe 1 1 1285 10 7 12 1 1 1 9 7 12 1 1 1 9 12 1 1 10 12 1 1 10 7 12 1 1 1 10 12 1 1 10 12 1 1 10 12 1 1 10 12 1 1 10 12 1 1 10 12 1 1 10 12 1 1 10 12 1 1 10 12 1 1 10 12 1 1 10 12 1 1 10 12 1 1 10 12 1 1 10 12 1 10 12 1 100 1 10 10 12 1 1 10 12 1 1 5 0 10 12 1 1 10 12 1 1 10 7 12 1 1 1 10 12 1 1 10 12 1 10 12 1 10 12 1 1 10 12 1 1 10 12 1 10 12 1 100 1 100 1 10 8 1 10 12 1 1 10 12 1 8 1 10 12 1 1 10 12 1 10 12 1 10 12 1 1 10 12 1 10 12 1 1 10 12 1 1 10 12 1 10 12 1 10 12 1 10 12 1 1 10 12 1 10 12 1 10 12 1 1 10 12 1 5 0 5 0 5 0 10 12 1 10 12 1 10 12 1 10 12 1 10 12 1 10 12 1 10 12 1 10 12 1 10 12 1 1 10 12 1 10 12 1 100 1 8 1 10 100 1 10 10 12 1 1 10 12 1 1 10 12 1 10 12 1 1 10 12 1 1 10 12 1 10 12 1 1 10 12 1 9 7 12 1 1 9 12 1 100 1 10 10 12 1 1 8 1 10 8 1 8 1 10 12 1 1 9 7 12 1 1 1 9 100 1 9 7 1 9 100 1 9 9 100 1 9 7 1 9 100 1 10 12 1 1 10 12 1 1 10 12 1 1 10 12 1 1 5 0 5 0 9 12 1 1 10 12 1 10 12 1 10 12 1 1 10 12 1 1 10 12 1 8 1 3 10 12 1 1 10 12 1 1 10 12 1 10 12 1 1 10 12 1 1 10 12 1 10 12 1 10 12 1 10 12 1 10 12 1 10 12 1 1 10 12 1 1 10 12 1 10 12 1 10 12 1 10 12 1 10 12 1 10 12 1 1 10 12 1 1 10 12 1 10 12 1 10 12 1 10 12 1 10 12 1 10 12 1 1 10 12 1 1 10 12 1 1 10 12 1 1 10 12 1 10 12 1 10 12 1 10 12 1 10 12 1 10 12 1 10 12 1 1 10 12 1 1 10 12 1 10 12 1 10 12 1 10 12 1 10 12 1 10 12 1 10 12 1 1 10 12 1 1 10 12 1 10 12 1 10 12 1 10 12 1 10 12 1 10 12 1 10 12 1 10 12 1 1 10 12 1 10 12 1 10 12 1 10 12 1 10 12 1 1 10 12 1 10 12 1 10 12 1 10 12 1 10 12 1 10 12 1 10 12 1 10 12 1 1 10 12 1 10 12 1 10 12 1 10 12 1 10 12 1 10 12 1 1 10 12 1 10 12 1 10 12 1 1 10 12 1 10 12 1 10 12 1 10 12 1 10 12 1 10 12 1 10 12 1 10 12 1 10 12 1 10 12 1 10 12 1 10 12 1 10 12 1 10 12 1 10 12 1 10 12 1 10 12 1 10 12 1 10 12 1 10 12 1 10 12 1 10 12 1 100 1 10 100 1 10 9 12 1 5 0 10 12 1 1 5 0 10 12 1 5 0 10 12 1 10 12 1 10 12 1 1 10 12 1 1 10 12 1 10 12 1 10 12 1 10 12 1 1 10 12 1 10 12 1 10 12 1 10 12 1 10 12 1 1 10 12 1 10 12 1 10 12 1 10 12 1 1 10 12 1 10 12 1 10 12 1 1 10 12 1 10 12 1 10 12 1 10 12 1 1 10 12 1 10 10 12 1 1 10 12 1 10 12 1 1 10 12 1 10 12 5 0 5 0 5 0 10 12 1 1 10 12 1 10 12 1 10 12 10 100 12 1 1 8 1 100 1 11 12 1 1 8 1 11 12 1 1 10 100 12 1 1 10 12 1 10 12 1 10 12 1 10 12 1 10 12 1 1 10 12 1 10 12 1 10 12 1 10 12 1 10 12 1 10 12 1 10 7 1 10 12 1 9 12 1 7 1 9 12 1 7 1 9 12 1 7 1 9 12 1 7 1 9 12 1 7 1 9 12 1 7 1 9 12 1 7 1 9 12 1 7 1 9 12 1 10 12 1 9 12 1 9 12 1 9 12 1 9 12 1 9 12 1 9 12 1 9 12 1 9 12 1 9 12 1 9 12 1 1 1 3 1 1 1 1 1 1 1 1 1 1 1 1 1 1 1 1 1 1 1 1 1 1 1 1 1 1 1 1 1 1 1 1 1 1 1 1 1 1 1 1 1 1 1 1 1 1 1 1 1 1 1 1 1 1 1 1 1 1 1 1 1 1 1 1 1 1 1 1 1 1 1 1 1 1 1 1 1 1 1 1 1 1 1 1 1 1 1 1 1 100 1 1 1 1 1 1 1 1 1 1 1 1 1 1 1 1 1 1 1 1 1 1 1 1 1 1 1 1 1 1 1 1 1 1 1 1 1 1 1 1 1 1 1 1 1 1 1 1 1 1 1 1 1 1 1 1 1 1 1 1 1 1 1 1 1 1 1 1 1 1 1 1 1 1 1 1 1 1 1 1 1 1 1 1 1 1 1 1 1 1 1 1 1 1 1 1 1 1 1 1 1 1 1 1 1 1 1 1 1 1 1 1 1 1 1 1 1 1 1 1 1 1 1 1 1 1 1 1 1 1 1 1 1 1 1 1 1 1 1 1 1 1 1 1 1 1 1 1 1 1 1 1 1 1 1 1 1 1 1 1 1 1 1 1 1 1 1 1 1 1 1 1 1 1 1 1 1 1 1 1 1 1 1 1 1 1 1 1 1 1 1 1 1 1 1 1 1 1 1 1 1 1 1 1 1 1 1 3 1 1 1 1 1 1 1 1 1 1 1 1 1 1 1 1 1 1 1 1 1
staticfield jdk/internal/misc/Unsafe theUnsafe Ljdk/internal/misc/Unsafe; jdk/internal/misc/Unsafe
staticfield jdk/internal/misc/Unsafe ARRAY_BOOLEAN_BASE_OFFSET I 16
staticfield jdk/internal/misc/Unsafe ARRAY_BYTE_BASE_OFFSET I 16
staticfield jdk/internal/misc/Unsafe ARRAY_SHORT_BASE_OFFSET I 16
staticfield jdk/internal/misc/Unsafe ARRAY_CHAR_BASE_OFFSET I 16
staticfield jdk/internal/misc/Unsafe ARRAY_INT_BASE_OFFSET I 16
staticfield jdk/internal/misc/Unsafe ARRAY_LONG_BASE_OFFSET I 16
staticfield jdk/internal/misc/Unsafe ARRAY_FLOAT_BASE_OFFSET I 16
staticfield jdk/internal/misc/Unsafe ARRAY_DOUBLE_BASE_OFFSET I 16
staticfield jdk/internal/misc/Unsafe ARRAY_OBJECT_BASE_OFFSET I 16
staticfield jdk/internal/misc/Unsafe ARRAY_BOOLEAN_INDEX_SCALE I 1
staticfield jdk/internal/misc/Unsafe ARRAY_BYTE_INDEX_SCALE I 1
staticfield jdk/internal/misc/Unsafe ARRAY_SHORT_INDEX_SCALE I 2
staticfield jdk/internal/misc/Unsafe ARRAY_CHAR_INDEX_SCALE I 2
staticfield jdk/internal/misc/Unsafe ARRAY_INT_INDEX_SCALE I 4
staticfield jdk/internal/misc/Unsafe ARRAY_LONG_INDEX_SCALE I 8
staticfield jdk/internal/misc/Unsafe ARRAY_FLOAT_INDEX_SCALE I 4
staticfield jdk/internal/misc/Unsafe ARRAY_DOUBLE_INDEX_SCALE I 8
staticfield jdk/internal/misc/Unsafe ARRAY_OBJECT_INDEX_SCALE I 4
staticfield jdk/internal/misc/Unsafe ADDRESS_SIZE I 8
ciInstanceKlass java/util/Map 1 1 259 11 7 12 1 1 1 11 12 1 1 10 100 12 1 1 11 12 1 1 11 7 12 1 1 1 11 100 12 1 1 1 11 12 1 1 7 1 11 12 1 11 12 1 100 1 100 1 10 12 1 1 11 100 12 1 1 1 11 100 12 1 1 1 11 12 1 11 12 1 10 12 1 1 11 12 1 11 100 12 1 9 7 12 1 1 1 100 1 10 12 7 1 7 1 10 12 1 7 1 10 7 1 11 12 1 1 7 1 11 12 1 1 1 1 1 1 1 1 1 1 1 1 1 1 1 1 1 1 1 1 1 1 1 1 1 1 1 1 1 1 1 1 1 1 1 1 1 1 1 1 1 1 1 1 1 1 1 1 1 1 1 1 1 1 1 1 1 1 1 1 1 1 1 1 1 1 1 1 1 1 1 1 1 1 1 1 1 1 1 1 1 1 1 1 1 1 1 1 1 1 1 1 1 1 1 1 1 1 1 1 1 1 1 1 1 1 1 1 1 1 1 1 1 1 1 1 1 1 1 1 1 1 1 1 1 1 1 1 1 100 1 1 1 1 1 1 1 1 1 1 1 1 1 1 1 1 1 1
ciInstanceKlass java/lang/ThreadGroup 1 1 293 10 7 12 1 1 1 9 7 12 1 1 1 8 1 9 12 1 1 7 1 9 12 1 9 12 1 1 10 12 1 1 10 12 1 1 10 12 1 10 12 1 1 10 12 1 9 12 1 1 10 12 1 1 10 12 1 9 12 1 10 100 12 1 1 1 9 12 1 9 12 1 1 10 7 12 1 1 1 100 10 12 1 1 10 7 12 1 1 1 10 100 12 1 9 12 1 10 12 1 1 10 12 1 1 9 12 1 1 10 12 1 1 10 12 1 10 12 1 10 12 1 1 10 12 1 1 10 12 1 10 12 1 10 10 12 1 10 12 1 10 100 1 10 10 12 1 10 12 1 10 12 1 7 10 12 1 9 12 1 1 10 12 1 1 8 1 10 100 12 1 1 1 10 12 1 1 10 12 1 1 10 12 1 1 11 100 1 100 1 9 12 1 100 1 10 8 1 10 12 1 1 10 12 1 1 8 1 10 12 1 10 100 12 1 1 1 10 12 1 1 10 100 1 8 1 10 8 1 10 12 1 8 1 1 1 1 1 1 1 1 1 1 1 1 1 1 1 1 1 3 1 1 1 1 1 1 1 1 1 1 1 1 1 1 1 1 1 1 1 1 1 1 1 1 1 1 1 1 1 1 1 1 1 1 1 1 1 1 1 1 1 1
ciInstanceKlass java/util/Properties 1 1 651 10 7 12 1 1 1 100 1 10 7 12 1 1 7 1 10 12 1 9 12 1 1 9 12 1 1 9 12 1 1 10 7 12 1 1 1 10 12 1 1 8 1 10 7 12 1 1 1 7 1 10 12 1 10 12 1 1 8 1 10 12 1 7 1 10 12 10 12 1 1 9 12 1 1 10 12 1 1 7 1 10 12 1 10 12 1 10 12 1 1 100 1 8 1 10 12 1 10 12 1 10 12 1 1 10 12 1 100 1 3 10 10 100 12 1 1 1 10 12 1 10 12 1 1 8 1 10 12 1 10 12 1 1 8 1 10 100 12 1 1 10 12 1 1 10 12 1 10 12 1 1 100 1 10 12 1 10 12 1 1 100 1 9 100 12 1 1 1 10 12 1 10 12 1 1 100 1 10 10 10 12 1 1 11 7 12 1 1 1 11 7 12 1 1 1 11 12 1 1 7 1 11 12 1 11 12 1 10 12 1 1 8 1 10 12 1 10 12 1 100 1 10 10 12 1 1 10 100 12 1 1 9 100 12 1 1 10 12 1 1 10 100 12 1 1 1 100 1 100 1 100 1 10 8 1 8 1 10 12 1 10 12 1 10 12 1 1 10 10 12 1 1 10 12 1 1 7 1 10 10 12 1 11 7 12 1 1 10 7 12 1 1 1 8 1 10 100 12 1 1 11 8 1 10 100 1 11 10 12 1 10 12 1 10 12 1 10 12 1 1 10 12 1 1 10 12 1 1 10 12 1 10 12 1 10 10 12 1 10 12 1 10 12 1 10 10 12 1 1 10 12 1 1 7 1 10 10 12 1 10 12 1 10 12 1 10 12 1 10 12 1 1 10 12 1 1 10 12 1 10 12 1 10 12 1 1 10 12 10 12 1 1 10 12 1 1 10 12 1 10 12 1 1 10 12 1 1 10 12 100 1 10 11 100 12 1 1 4 11 10 12 1 1 10 100 12 1 1 11 12 1 10 12 1 1 10 100 12 1 1 10 12 1 100 1 8 1 10 12 1 10 10 100 12 1 1 1 100 1 6 0 10 12 1 1 11 100 12 1 1 1 10 12 1 10 12 1 1 1 1 1 5 0 1 1 1 1 1 1 1 1 1 1 1 1 1 1 1 1 1 1 1 1 1 1 1 1 1 1 1 1 1 1 1 1 1 1 1 1 1 1 1 1 100 1 1 1 1 1 1 1 1 1 1 1 1 1 1 1 1 1 1 1 1 100 1 1 1 1 1 1 1 100 1 100 1 1 1 1 100 1 1 1 1 1 1 1 1 1 1 1 1 1 1 1 1 1 1 1 1 1 1 1 1 1 1 1 1 1 1 1 1 1 1 1 1 1 1 1 1 1 1 1 1 1 1 1 1 1 1 1 1 1 1 1 1 1 1 1 1 1 1 1 1 1 1 1 1 1 1 1 1 1 1 1 1 100 1 1 1 1 1 1 1 1 1 100 1 1 1
staticfield java/util/Properties UNSAFE Ljdk/internal/misc/Unsafe; jdk/internal/misc/Unsafe
instanceKlass java/util/Hashtable
ciInstanceKlass java/util/Dictionary 1 1 36 10 7 12 1 1 1 100 1 1 1 1 1 1 1 1 1 1 1 1 1 1 1 1 1 1 1 1 1 1 1 1 1 1 1 1
instanceKlass java/util/Properties
ciInstanceKlass java/util/Hashtable 1 1 512 100 1 10 7 12 1 1 1 9 7 12 1 1 1 100 1 100 1 10 8 1 10 12 1 1 10 12 1 10 12 1 1 10 12 1 10 7 12 1 1 1 8 1 10 12 1 9 12 1 1 7 1 9 12 1 1 4 10 7 12 1 1 1 9 12 1 4 10 12 1 11 100 12 1 1 1 10 12 1 1 10 12 1 1 9 12 1 10 12 1 1 100 1 10 9 12 1 1 10 7 12 1 1 1 9 12 1 1 10 12 1 10 12 1 3 9 12 1 9 12 1 3 10 12 1 10 12 1 10 12 1 1 11 12 1 1 11 100 12 1 1 1 11 100 12 1 1 1 11 12 1 100 1 11 12 1 11 12 1 10 12 1 1 10 12 1 1 10 12 1 9 12 1 1 9 12 9 12 1 1 10 100 1 100 1 10 12 1 10 8 1 10 10 12 1 8 1 10 8 1 10 100 12 1 1 1 7 1 10 12 1 10 12 1 100 1 10 12 1 10 12 1 1 100 1 10 100 1 10 10 12 1 1 11 12 1 1 11 12 1 100 1 10 10 10 100 12 1 1 11 100 12 1 1 1 100 1 10 11 100 12 1 1 11 100 12 1 10 12 1 10 12 1 1 10 100 12 1 1 10 12 1 1 10 12 1 1 10 12 1 1 10 100 12 1 1 1 8 10 100 12 1 1 100 1 8 1 10 4 10 12 4 10 12 1 8 1 10 12 10 100 12 1 1 1 100 1 11 100 12 1 1 1 10 100 12 1 1 1 10 12 1 10 12 1 1 10 100 1 100 1 1 1 1 1 1 5 0 1 1 1 1 1 3 1 3 1 3 1 1 1 1 1 1 1 1 1 1 1 1 1 1 1 1 1 1 1 1 1 1 1 1 1 100 1 1 1 1 1 1 1 1 1 1 1 1 1 1 1 1 1 1 1 1 1 1 1 1 1 1 1 1 1 100 1 1 1 1 1 1 1 1 1 1 1 1 1 1 1 1 1 1 1 1 1 1 1 1 1 1 1 1 1 1 1 1 1 1 1 1 1 1 1 1 1 1 1 1 1 1 1 1 1 1 1 1 1 1 1 1 1 1 100 1 1 1 100 1 1 1 1 1 100 1 1 1 1 1 1 1 1 1 1 1 1 1 1 1 1 1 1
instanceKlass java/io/ObjectInputStream
instanceKlass org/apache/maven/surefire/api/util/internal/Channels$2
instanceKlass java/util/zip/ZipFile$ZipFileInputStream
instanceKlass java/io/FilterInputStream
instanceKlass java/io/FileInputStream
instanceKlass java/io/ByteArrayInputStream
ciInstanceKlass java/io/InputStream 1 1 184 100 1 10 7 12 1 1 1 100 1 10 10 7 12 1 1 1 10 7 12 1 1 1 10 12 1 100 1 3 10 12 1 1 100 1 8 1 10 12 1 10 7 12 1 1 1 3 100 1 8 1 10 10 7 12 1 1 1 7 1 10 11 7 12 1 1 1 10 12 1 1 11 12 1 1 11 7 12 1 1 1 11 12 1 1 7 1 10 7 12 1 1 1 5 0 10 12 1 10 12 1 1 100 1 10 8 1 10 8 1 8 1 10 12 1 1 10 100 12 1 1 1 100 1 1 1 1 3 1 3 1 1 1 1 1 1 1 1 1 1 1 1 1 1 1 1 1 1 1 1 1 1 1 1 1 1 1 1 1 1 1 1 1 1 1 1 1 1 1 1 1 1 1 1 1 1 1 1 1 1 1 1 1
ciInstanceKlass java/io/ByteArrayInputStream 1 1 96 10 7 12 1 1 1 9 7 12 1 1 1 9 12 1 1 9 12 1 9 12 1 10 100 12 1 1 1 10 7 12 1 1 1 10 7 12 1 1 1 10 100 12 1 1 1 10 12 1 1 10 100 12 1 1 1 1 1 1 1 1 1 1 1 1 1 1 1 1 1 1 1 1 1 1 1 1 1 1 1 100 1 1 1 1 1 1 1 1 1 1 1 1 1 1
instanceKlass java/util/logging/LogManager$Cleaner
instanceKlass org/jacoco/agent/rt/internal_0e20598/Agent$1
instanceKlass jdk/internal/misc/InnocuousThread
instanceKlass java/lang/ref/Finalizer$FinalizerThread
instanceKlass java/lang/ref/Reference$ReferenceHandler
ciInstanceKlass java/lang/Thread 1 1 612 9 7 12 1 1 1 9 12 1 1 10 12 1 1 9 12 1 1 9 12 1 1 100 1 8 1 10 12 1 1 3 8 1 100 1 5 0 10 12 1 1 10 7 12 1 1 9 12 1 1 9 12 1 9 12 1 1 9 12 1 100 1 8 1 10 9 12 1 1 10 7 12 1 1 1 10 100 12 1 1 1 10 10 7 12 1 1 10 12 1 1 10 12 1 1 9 100 12 1 1 1 10 12 1 1 10 12 1 9 12 1 1 10 12 1 1 10 12 1 1 9 12 1 10 12 1 1 9 12 1 1 10 7 12 1 1 1 9 12 1 1 9 12 1 1 10 12 1 1 10 100 12 1 1 1 9 12 1 10 12 1 1 9 12 1 100 1 10 7 1 10 8 1 10 12 1 1 10 12 1 10 12 1 10 12 1 1 10 12 1 10 12 1 9 12 1 100 1 10 10 12 1 1 10 12 1 10 12 1 100 1 11 7 12 1 1 9 100 12 1 1 1 10 12 1 10 12 1 10 12 9 12 1 1 10 9 12 1 10 12 1 100 1 10 10 12 1 1 9 12 1 10 12 1 11 100 12 1 1 10 12 1 9 12 1 10 12 1 10 12 1 10 10 12 1 10 12 1 10 12 1 10 12 1 10 12 1 1 100 1 10 10 12 1 10 12 1 10 12 1 9 100 12 1 1 1 10 12 1 1 10 12 1 100 1 8 1 10 10 12 1 10 12 8 1 10 12 1 8 1 10 8 1 8 1 10 100 12 1 1 10 100 12 1 1 1 100 1 8 1 10 9 12 1 9 12 1 1 10 12 1 1 10 10 12 1 1 9 12 1 10 12 1 1 100 1 10 12 11 100 12 1 1 1 9 100 12 1 1 1 9 12 1 1 10 12 1 1 100 1 10 12 1 11 100 12 1 1 1 100 1 10 12 1 10 12 1 1 11 12 1 10 12 1 100 1 10 12 1 10 12 1 1 10 7 12 1 1 1 8 1 9 12 1 10 12 1 1 11 100 12 1 1 1 10 100 12 1 1 1 11 12 1 10 12 1 7 1 1 1 1 3 1 3 1 3 1 1 1 1 1 1 1 1 1 1 1 1 1 1 1 1 1 1 1 100 1 1 1 1 1 1 1 1 1 1 1 1 100 1 100 1 1 1 1 1 1 1 1 1 1 1 1 1 1 1 1 1 1 1 1 1 1 1 1 1 1 1 1 1 1 1 1 1 1 1 1 1 1 1 1 1 1 1 100 100 1 1 1 1 1 1 1 1 1 100 1 1 1 1 1 1 1 1 1 1 1 1 1 1 1 1 1 1 1 1 1 1 1 1 1 1 1 1 100 1 1 1 1 1 1 100 1 1 100 1 1 1 1 1 1
staticfield java/lang/Thread EMPTY_STACK_TRACE [Ljava/lang/StackTraceElement; 0 [Ljava/lang/StackTraceElement;
ciMethod java/lang/System arraycopy (Ljava/lang/Object;ILjava/lang/Object;II)V 512 0 256 0 -1
ciInstanceKlass java/lang/StringLatin1 1 1 380 7 1 10 100 12 1 1 1 100 1 10 12 1 10 7 12 1 1 1 10 100 12 1 1 1 10 12 1 10 7 12 1 1 1 10 12 1 1 10 7 12 1 1 1 10 12 1 1 10 12 1 1 10 10 12 1 10 12 1 1 10 9 7 12 1 1 1 10 12 1 1 10 7 12 1 1 1 10 12 10 12 1 1 10 12 1 1 10 12 1 1 10 7 12 1 1 1 10 12 1 10 12 1 1 9 12 1 1 100 1 10 10 100 12 1 1 1 10 7 12 1 1 1 10 12 1 10 12 1 100 1 100 1 8 1 10 12 1 8 1 10 12 100 1 10 10 10 7 12 1 1 1 8 1 8 1 8 1 10 12 1 1 10 100 12 1 1 10 12 1 10 12 1 1 10 12 1 1 10 12 1 1 10 12 1 10 12 10 12 10 12 1 10 12 10 10 12 1 10 12 1 10 12 1 10 100 12 1 1 1 10 100 12 1 1 1 10 12 1 1 10 12 1 1 10 10 7 12 1 1 1 1 1 1 1 1 1 1 1 1 1 1 1 1 1 1 1 1 1 1 1 1 1 1 1 1 1 1 1 1 1 1 1 1 1 1 1 1 1 1 1 1 1 1 1 1 1 1 1 1 100 1 1 1 1 1 1 1 1 1 1 1 1 1 1 1 1 1 1 1 1 1 1 1 1 1 1 1 1 1 1 1 1 1 1 1 1 1 1 1 1 1 1 1 1 100 1 1 1 1 1 1 1 1 1 1 1 1 1 1 1 1 1 1 1 1 1 100 1 1 1 1 1 1 1 1 1 1 1 1 1 1 1 1 1 1 1 1 1 1 1 1 1 1 100 1 1 1 1
staticfield java/lang/StringLatin1 $assertionsDisabled Z 1
ciMethod java/lang/StringLatin1 equals ([B[B)Z 592 500 7681 0 -1
ciInstanceKlass java/lang/StringUTF16 1 1 598 100 1 7 1 10 100 12 1 1 1 100 1 10 7 1 3 100 1 100 1 10 8 1 10 12 1 1 10 12 1 8 1 10 12 1 1 10 12 1 9 12 1 1 10 12 1 1 100 1 8 1 10 12 1 9 12 1 1 9 12 1 10 10 12 1 1 10 12 1 1 10 7 12 1 1 1 10 12 1 10 12 1 1 10 12 1 1 10 12 1 1 10 12 1 1 10 12 1 10 12 1 1 10 12 1 1 10 12 1 1 10 12 1 1 10 12 1 10 12 1 10 12 1 1 10 12 1 100 1 10 12 1 10 10 12 1 1 10 12 1 10 12 1 1 10 12 1 10 100 12 1 1 1 10 100 12 1 1 1 10 12 10 12 1 1 10 12 1 10 12 1 1 10 12 1 1 10 12 1 10 12 1 10 12 1 3 10 12 1 1 10 12 1 10 12 1 10 12 1 10 12 1 10 12 1 10 12 1 1 9 12 1 10 12 1 10 12 1 10 12 1 10 12 1 10 12 1 10 10 12 10 12 10 10 100 12 1 1 1 10 100 12 1 1 1 10 12 1 10 12 1 100 1 8 1 8 1 10 12 1 1 100 1 10 10 100 12 1 1 1 10 100 12 1 1 8 1 8 1 8 1 10 12 1 1 10 12 1 1 10 12 10 12 1 10 100 12 1 1 10 12 1 1 10 12 1 1 10 12 1 10 12 10 12 10 12 1 10 12 10 12 1 10 12 1 10 12 1 10 12 1 10 12 1 10 100 12 1 1 1 10 100 12 1 1 1 10 12 1 1 10 12 1 1 11 100 12 1 1 10 12 1 10 12 1 10 12 1 1 9 12 1 1 9 12 1 5 0 5 0 10 12 1 10 12 10 12 10 7 12 1 1 1 10 12 1 1 1 1 1 1 1 1 1 1 1 1 1 1 1 1 1 1 1 1 1 1 1 1 1 1 1 1 1 1 1 100 1 1 1 1 1 1 1 1 1 1 1 1 1 1 1 1 1 1 1 1 1 1 1 1 1 1 1 1 1 1 1 1 1 1 1 1 1 1 1 1 1 1 1 1 1 1 1 1 1 1 1 1 1 1 1 1 1 1 1 1 1 1 1 1 1 1 1 1 1 1 1 1 1 1 1 1 1 1 1 1 1 1 100 1 1 1 1 1 1 1 1 1 1 1 1 1 1 1 1 1 100 1 1 1 1 1 1 1 1 1 1 1 1 1 1 1 1 1 1 1 1 1 1 1 1 1 1 1 1 1 1 1 1 1 1 1 1 1 1 1 1 1 1 1 1 1 1 1 1 1 1 1 1 1 1 1 1 1 1 1 1 1 100 1 100 1 1 1 1 1
staticfield java/lang/StringUTF16 HI_BYTE_SHIFT I 0
staticfield java/lang/StringUTF16 LO_BYTE_SHIFT I 8
staticfield java/lang/StringUTF16 $assertionsDisabled Z 1
ciMethod java/lang/StringUTF16 compress ([CI[BII)I 230 6226 2004 0 -1
ciMethod java/lang/StringUTF16 compress ([CII)[B 264 0 4083 0 0
ciMethod java/lang/StringUTF16 toBytes ([CII)[B 0 0 2 0 -1
instanceKlass java/lang/Exception
instanceKlass java/lang/Error
ciInstanceKlass java/lang/Throwable 1 1 393 10 7 12 1 1 1 9 7 12 1 1 1 9 12 1 1 9 12 1 9 12 1 1 9 12 1 10 12 1 1 9 12 1 1 10 12 1 1 10 12 1 100 1 100 1 10 8 1 10 12 1 1 8 1 10 100 12 1 1 10 10 12 1 100 1 8 1 10 10 12 1 1 10 7 12 1 1 10 12 1 8 1 9 100 12 1 1 1 10 12 1 1 100 1 10 12 10 12 1 100 1 10 10 7 12 1 1 1 11 100 12 1 1 1 10 100 12 1 1 1 10 12 1 1 10 12 1 1 8 1 10 12 1 10 12 1 1 8 1 8 1 10 12 1 1 10 12 1 8 1 8 1 9 12 1 1 10 100 12 1 1 100 1 10 11 12 1 8 1 8 1 10 7 12 1 1 8 1 10 12 1 8 1 100 1 10 12 1 9 12 1 1 10 12 1 10 100 12 1 9 12 1 1 10 12 1 1 100 1 8 1 10 12 1 10 100 12 1 1 10 12 1 1 100 1 10 100 12 1 1 1 10 12 1 11 100 12 1 1 1 11 100 12 1 1 1 11 12 1 8 1 10 12 1 1 8 1 10 10 9 100 12 1 1 1 8 1 10 12 1 1 10 100 1 8 1 10 11 12 1 1 8 1 9 12 1 10 100 12 1 1 11 9 12 1 1 11 12 1 1 100 10 12 1 10 12 1 1 100 1 1 1 1 5 0 1 1 1 1 1 1 1 1 1 1 1 1 1 100 1 1 1 1 1 1 1 1 1 1 1 1 1 1 1 1 1 1 1 1 1 1 1 1 1 1 1 1 1 1 1 1 1 1 1 1 1 1 1 1 1 1 100 1 100 1 1 1 1 1 1 1 1 1 1 1 1 1 1 1 1 1 1
staticfield java/lang/Throwable UNASSIGNED_STACK [Ljava/lang/StackTraceElement; 0 [Ljava/lang/StackTraceElement;
staticfield java/lang/Throwable SUPPRESSED_SENTINEL Ljava/util/List; java/util/Collections$EmptyList
staticfield java/lang/Throwable EMPTY_THROWABLE_ARRAY [Ljava/lang/Throwable; 0 [Ljava/lang/Throwable;
staticfield java/lang/Throwable $assertionsDisabled Z 1
instanceKlass java/sql/SQLException
instanceKlass java/lang/CloneNotSupportedException
instanceKlass org/apache/maven/surefire/api/testset/TestSetFailedException
instanceKlass org/apache/maven/surefire/api/stream/AbstractStreamDecoder$MalformedFrameException
instanceKlass org/apache/maven/surefire/api/stream/MalformedChannelException
instanceKlass java/util/concurrent/ExecutionException
instanceKlass java/net/URISyntaxException
instanceKlass org/apache/maven/surefire/booter/SurefireExecutionException
instanceKlass java/lang/instrument/IllegalClassFormatException
instanceKlass java/lang/instrument/UnmodifiableClassException
instanceKlass java/lang/InterruptedException
instanceKlass java/io/IOException
instanceKlass java/lang/ReflectiveOperationException
instanceKlass java/lang/RuntimeException
ciInstanceKlass java/lang/Exception 1 1 40 10 7 12 1 1 1 10 12 1 10 12 1 10 12 1 10 12 1 100 1 1 1 1 5 0 1 1 1 1 1 1 1 1 1 1 1 1 1 1
instanceKlass java/lang/reflect/InvocationTargetException
instanceKlass java/lang/IllegalAccessException
instanceKlass java/lang/InstantiationException
instanceKlass java/lang/NoSuchFieldException
instanceKlass java/lang/NoSuchMethodException
instanceKlass java/lang/ClassNotFoundException
ciInstanceKlass java/lang/ReflectiveOperationException 1 1 34 10 7 12 1 1 1 10 12 1 10 12 1 10 12 1 100 1 1 1 1 5 0 1 1 1 1 1 1 1 1 1 1 1
instanceKlass java/time/DateTimeException
instanceKlass org/opentest4j/IncompleteExecutionException
instanceKlass java/util/NoSuchElementException
instanceKlass java/lang/reflect/UndeclaredThrowableException
instanceKlass org/junit/platform/commons/JUnitException
instanceKlass java/io/UncheckedIOException
instanceKlass org/apache/maven/surefire/api/util/SurefireReflectionException
instanceKlass org/jacoco/agent/rt/internal_0e20598/asm/tree/UnsupportedClassVersionException
instanceKlass java/lang/IndexOutOfBoundsException
instanceKlass java/lang/TypeNotPresentException
instanceKlass java/lang/UnsupportedOperationException
instanceKlass java/lang/SecurityException
instanceKlass java/lang/IllegalStateException
instanceKlass java/lang/IllegalArgumentException
instanceKlass java/lang/ArithmeticException
instanceKlass java/lang/NullPointerException
instanceKlass java/lang/IllegalMonitorStateException
instanceKlass java/lang/ArrayStoreException
instanceKlass java/lang/ClassCastException
ciInstanceKlass java/lang/RuntimeException 1 1 40 10 100 12 1 1 1 10 12 1 10 12 1 10 12 1 10 12 1 100 1 1 1 1 5 0 1 1 1 1 1 1 1 1 1 1 1 1 1 1
ciInstanceKlass java/lang/IllegalArgumentException 1 1 35 10 100 12 1 1 1 10 12 1 10 12 1 10 12 1 100 1 1 1 1 5 0 1 1 1 1 1 1 1 1 1 1 1 1
instanceKlass java/lang/AssertionError
instanceKlass java/lang/VirtualMachineError
instanceKlass java/lang/LinkageError
instanceKlass java/lang/ThreadDeath
ciInstanceKlass java/lang/Error 1 1 40 10 7 12 1 1 1 10 12 1 10 12 1 10 12 1 10 12 1 100 1 1 1 1 5 0 1 1 1 1 1 1 1 1 1 1 1 1 1 1
instanceKlass java/lang/StackOverflowError
instanceKlass java/lang/OutOfMemoryError
instanceKlass java/lang/InternalError
ciInstanceKlass java/lang/VirtualMachineError 1 1 34 10 7 12 1 1 1 10 12 1 10 12 1 10 12 1 100 1 1 1 1 5 0 1 1 1 1 1 1 1 1 1 1 1
ciInstanceKlass java/lang/StackOverflowError 1 1 26 10 100 12 1 1 1 10 12 1 100 1 1 1 1 5 0 1 1 1 1 1 1 1 1 1
instanceKlass java/lang/IncompatibleClassChangeError
instanceKlass java/lang/BootstrapMethodError
instanceKlass java/lang/NoClassDefFoundError
ciInstanceKlass java/lang/LinkageError 1 1 31 10 7 12 1 1 1 10 12 1 10 12 1 100 1 1 1 1 5 0 1 1 1 1 1 1 1 1 1 1 1
ciInstanceKlass java/lang/ArrayStoreException 1 1 26 10 100 12 1 1 1 10 12 1 100 1 1 1 1 5 0 1 1 1 1 1 1 1 1 1
ciInstanceKlass java/lang/ThreadDeath 0 0 21 10 100 12 1 1 1 100 1 1 1 1 5 0 1 1 1 1 1 1 1
ciInstanceKlass java/lang/StackTraceElement 0 0 224 10 100 12 1 1 1 10 100 12 1 1 9 12 1 1 9 12 1 1 9 12 1 9 12 1 8 1 10 100 12 1 1 1 100 1 9 12 1 8 1 9 12 1 9 12 1 9 12 1 1 8 1 10 12 1 1 10 12 1 100 1 10 10 12 1 1 8 1 10 12 1 1 10 12 1 8 1 8 1 8 1 10 12 1 8 1 8 1 10 12 1 8 1 8 1 10 12 1 1 10 12 1 10 12 1 1 10 12 1 9 12 1 1 10 100 12 1 1 1 10 12 1 1 100 1 10 12 1 1 10 100 12 1 1 10 100 12 1 1 1 10 100 12 1 1 10 100 12 1 1 10 10 12 1 1 10 12 1 10 12 1 1 100 1 1 1 1 1 3 1 3 1 1 5 0 1 1 1 1 1 1 1 1 1 1 1 1 1 1 1 1 1 1 1 1 1 1 1 1 1 1 100 1 100 1 1 1 1 1 1 1 1 1 1 100 1 1 1 1 1 1 1 1
instanceKlass java/util/IdentityHashMap$Values
instanceKlass java/util/AbstractQueue
instanceKlass java/util/LinkedHashMap$LinkedValues
instanceKlass java/util/HashMap$Values
instanceKlass java/util/ArrayDeque
instanceKlass java/util/AbstractSet
instanceKlass java/util/ImmutableCollections$AbstractImmutableCollection
instanceKlass java/util/AbstractList
ciInstanceKlass java/util/AbstractCollection 1 1 160 10 7 12 1 1 1 10 7 12 1 1 1 10 12 1 1 11 7 12 1 1 1 11 12 1 1 10 12 1 1 10 100 12 1 1 1 10 12 1 1 10 12 1 1 10 7 12 1 1 10 7 12 1 1 1 7 1 10 100 12 1 1 1 10 100 12 1 1 1 100 1 10 11 12 1 11 7 1 10 12 1 10 12 1 10 100 12 1 1 1 11 8 1 100 1 10 10 12 1 1 8 1 10 12 1 10 12 1 1 1 1 1 1 1 1 1 1 1 1 1 1 1 1 1 1 1 1 1 1 1 1 1 1 1 1 1 1 1 1 1 1 1 1 1 1 1 1 1 1 1 1 1 1 1 1 1 1 1 1
ciInstanceKlass java/lang/Boolean 1 1 151 10 7 12 1 1 1 9 7 12 1 1 1 10 12 1 1 10 12 1 8 1 10 7 12 1 1 9 12 1 1 9 12 1 8 1 10 12 1 1 10 12 1 1 10 7 12 1 1 1 100 1 100 1 10 12 1 1 9 100 12 1 1 9 12 10 100 12 1 1 1 10 12 1 1 8 1 10 7 12 1 1 1 9 12 1 1 100 1 100 1 100 1 1 1 1 1 1 5 0 1 1 1 1 1 1 1 1 1 1 3 1 1 1 1 1 1 1 1 1 1 1 1 1 1 1 1 1 1 1 1 100 1 1 1 1 1 1 1 1 1 1 100 1 1 1 1 1 1 1 1
staticfield java/lang/Boolean TRUE Ljava/lang/Boolean; java/lang/Boolean
staticfield java/lang/Boolean FALSE Ljava/lang/Boolean; java/lang/Boolean
staticfield java/lang/Boolean TYPE Ljava/lang/Class; java/lang/Class
instanceKlass java/util/concurrent/locks/AbstractQueuedSynchronizer
ciInstanceKlass java/util/concurrent/locks/AbstractOwnableSynchronizer 1 1 32 10 7 12 1 1 1 9 7 12 1 1 1 100 1 1 1 1 5 0 1 1 1 1 1 1 1 1 1 1 1 1
instanceKlass java/lang/LiveStackFrameInfo
ciInstanceKlass java/lang/StackFrameInfo 0 0 132 10 100 12 1 1 1 9 100 12 1 1 1 9 100 1 9 12 1 1 11 100 12 1 1 1 9 12 1 1 11 12 1 1 10 12 1 1 10 100 12 1 1 1 10 12 1 11 12 1 11 12 1 1 11 12 1 10 12 1 1 9 12 1 1 10 12 1 1 10 100 12 1 1 10 12 1 1 11 12 1 1 10 12 1 9 12 1 1 10 12 1 1 100 1 8 1 10 12 1 10 100 12 1 1 1 100 1 1 1 1 1 1 1 1 1 1 1 1 1 1 1 1 1 1 100 1 1 1 1 1 1
ciInstanceKlass java/lang/LiveStackFrameInfo 0 0 97 10 100 12 1 1 1 9 100 12 1 1 1 9 12 1 9 12 1 9 12 1 9 12 1 1 100 1 10 12 1 1 10 12 1 8 1 10 12 1 1 8 1 8 1 8 1 10 100 1 10 12 1 100 1 10 12 1 100 1 100 1 1 1 3 1 3 1 1 1 1 1 1 1 1 1 1 1 1 1 1 1 1 1 1 1 1 1 1 1 1 1 1 1 100 1 1
ciInstanceKlass java/lang/Character 1 1 576 7 1 100 1 100 1 9 12 1 1 8 1 9 12 1 1 100 1 9 12 1 1 10 100 12 1 1 1 10 100 12 1 1 1 10 100 12 1 1 1 10 7 12 1 1 1 9 7 12 1 1 1 10 12 1 10 12 1 1 10 12 1 1 10 100 12 1 1 10 12 1 1 3 3 3 3 3 10 12 1 1 10 12 1 3 11 7 12 1 1 1 11 12 1 1 10 12 1 1 10 12 1 1 100 1 10 10 12 1 3 10 12 1 1 10 12 1 10 12 1 1 100 1 8 1 10 12 1 1 10 12 1 10 12 1 10 12 1 10 12 1 10 12 1 1 10 12 1 10 7 12 1 1 10 10 12 1 10 10 12 1 10 12 1 1 10 12 1 10 10 12 1 10 12 1 10 12 1 10 12 1 10 12 1 10 12 1 10 12 1 10 12 10 10 12 10 10 12 1 10 10 12 1 10 10 12 1 10 10 12 1 10 10 12 1 10 10 12 1 10 10 12 1 1 10 10 12 1 10 5 0 10 12 1 10 12 1 10 10 12 1 10 10 12 1 1 10 10 12 1 10 10 12 1 9 12 1 1 100 1 10 10 12 1 10 12 1 1 3 10 100 12 1 1 1 10 12 1 10 100 12 1 1 100 1 10 10 12 1 1 10 12 1 1 10 12 1 1 8 1 10 12 1 9 100 12 1 1 1 10 12 1 10 10 12 1 10 12 1 1 10 12 1 10 10 12 1 1 10 10 12 1 1 100 1 8 1 10 12 1 1 10 7 12 1 1 1 8 1 10 12 1 1 9 12 1 1 100 1 100 1 100 1 1 1 1 3 1 3 1 3 1 3 1 1 1 1 1 3 1 1 3 1 3 1 3 1 3 1 3 1 3 1 3 1 3 1 3 1 3 1 3 1 3 1 3 1 3 1 3 1 3 1 3 1 3 1 3 1 3 1 3 1 3 1 3 1 3 1 3 1 3 1 3 1 3 1 1 1 1 1 1 1 1 1 1 1 1 1 1 1 1 1 1 1 3 1 1 1 1 1 1 1 3 1 1 3 1 1 1 1 1 3 1 1 5 0 1 1 1 1 1 1 1 1 1 1 1 1 1 1 1 1 1 1 1 1 1 1 1 1 1 1 1 1 1 1 1 1 1 1 1 1 1 1 1 1 1 1 1 1 1 1 1 1 1 1 1 1 1 1 1 1 1 1 1 1 1 1 1 1 1 1 1 1 1 1 1 1 1 1 1 1 1 1 1 1 1 1 1 1 1 1 1 1 1 100 1 100 1 1 1 1 1 1
staticfield java/lang/Character TYPE Ljava/lang/Class; java/lang/Class
staticfield java/lang/Character $assertionsDisabled Z 1
ciInstanceKlass java/lang/Float 1 1 223 7 1 100 1 10 100 12 1 1 1 10 100 12 1 1 1 4 100 1 10 12 1 1 10 12 1 1 8 1 8 1 10 100 12 1 1 1 10 12 1 1 10 12 1 1 10 4 4 4 10 7 12 1 1 9 12 1 1 10 12 1 1 10 12 1 10 12 1 10 12 1 1 10 12 1 10 12 1 3 10 12 1 1 10 12 1 1 10 12 1 10 100 12 1 1 1 10 12 1 1 10 12 1 1 8 1 10 7 12 1 1 1 9 12 1 1 100 1 100 1 100 1 1 1 1 1 4 1 1 1 4 1 1 3 1 3 1 3 1 3 1 1 1 1 5 0 1 1 1 1 1 1 1 1 1 1 100 1 1 1 1 1 1 1 1 1 1 1 1 1 3 1 1 1 1 1 1 1 1 1 1 1 1 1 1 1 1 1 1 1 1 1 1 1 1 1 1 1 1 1 1 1 1 1 1 1 1 1 1 100 1 1 1 1 1 1 1 100 1 100 1 1
staticfield java/lang/Float TYPE Ljava/lang/Class; java/lang/Class
instanceKlass java/math/BigDecimal
instanceKlass java/math/BigInteger
instanceKlass java/util/concurrent/atomic/Striped64
instanceKlass java/util/concurrent/atomic/AtomicLong
instanceKlass java/util/concurrent/atomic/AtomicInteger
instanceKlass java/lang/Long
instanceKlass java/lang/Integer
instanceKlass java/lang/Short
instanceKlass java/lang/Byte
instanceKlass java/lang/Double
instanceKlass java/lang/Float
ciInstanceKlass java/lang/Number 1 1 37 10 7 12 1 1 1 10 100 12 1 1 1 100 1 1 1 1 5 0 1 1 1 1 1 1 1 1 1 1 1 1 1 1 1 1 1
ciMethod java/lang/Float intBitsToFloat (I)F 0 0 1 0 -1
ciMethod java/lang/Float valueOf (F)Ljava/lang/Float; 2 0 1 0 -1
ciInstanceKlass java/lang/Double 1 1 285 7 1 100 1 10 100 12 1 1 1 10 12 1 1 10 12 1 100 1 10 12 1 1 10 100 12 1 1 1 6 0 8 1 10 12 1 1 8 1 10 12 1 1 8 1 6 0 10 12 1 1 100 1 5 0 5 0 8 1 8 1 10 100 12 1 1 1 10 100 12 1 1 1 8 1 10 12 1 1 8 1 8 1 8 1 10 12 1 1 10 12 1 10 12 1 1 10 12 1 10 12 1 10 12 1 1 10 12 1 10 6 0 6 0 6 0 10 7 12 1 1 9 12 1 1 10 12 1 10 12 1 10 12 1 10 12 1 5 0 10 12 1 1 10 12 1 10 12 1 10 100 12 1 1 1 10 12 1 1 10 12 1 1 8 1 10 7 12 1 1 1 9 12 1 1 100 1 100 1 100 1 1 1 1 1 6 0 1 1 1 6 0 1 1 3 1 3 1 3 1 3 1 1 1 1 5 0 1 1 1 1 1 1 1 1 1 1 1 1 1 1 1 1 100 1 1 1 1 1 1 1 1 1 1 1 1 3 1 1 1 1 1 1 1 1 1 1 1 1 1 1 1 1 1 1 1 1 1 1 1 1 1 1 1 1 1 1 1 1 1 1 100 1 1 1 1 1 1 1 100 1 100 1 1
staticfield java/lang/Double TYPE Ljava/lang/Class; java/lang/Class
ciMethod java/lang/Double longBitsToDouble (J)D 4 0 2 0 -1
ciMethod java/lang/Double valueOf (D)Ljava/lang/Double; 2 0 1 0 -1
ciInstanceKlass java/lang/Byte 1 1 215 7 1 100 1 10 100 12 1 1 1 9 12 1 1 8 1 9 12 1 1 100 1 10 12 1 1 10 12 1 1 10 100 12 1 1 1 10 100 12 1 1 1 9 100 12 1 1 1 10 12 1 1 100 1 100 1 10 12 1 1 8 1 10 12 1 1 8 1 10 12 1 10 12 1 10 12 1 10 12 1 1 10 12 1 10 12 1 10 12 1 1 10 8 1 8 1 10 7 1 9 12 1 1 10 12 1 10 12 1 1 10 12 1 1 10 12 1 1 10 12 1 5 0 10 12 1 1 8 1 10 7 12 1 1 1 9 12 1 1 100 1 100 1 1 1 3 1 3 1 1 1 1 3 1 3 1 1 5 0 1 1 1 1 1 1 1 1 1 1 1 1 1 1 1 1 1 1 1 1 1 1 1 1 1 1 1 1 1 1 1 1 1 1 1 1 1 1 1 1 1 1 1 1 1 1 1 1 1 1 1 1 1 1 1
staticfield java/lang/Byte TYPE Ljava/lang/Class; java/lang/Class
ciInstanceKlass java/lang/Short 1 1 224 7 1 100 1 100 1 10 100 12 1 1 1 10 12 1 1 100 1 100 1 10 12 1 1 8 1 10 12 1 1 8 1 10 12 1 10 12 1 10 12 1 10 12 1 1 10 12 1 1 10 12 1 9 12 1 1 8 1 9 12 1 1 100 1 10 12 1 1 10 12 1 10 100 12 1 1 1 10 100 12 1 1 1 9 100 12 1 1 1 10 12 1 10 12 1 1 10 8 1 8 1 10 100 1 9 12 1 1 10 12 1 10 12 1 1 10 12 1 1 10 12 1 1 10 12 1 3 3 5 0 10 12 1 1 8 1 10 7 12 1 1 1 9 12 1 1 100 1 100 1 1 1 3 1 3 1 1 1 1 3 1 3 1 1 5 0 1 1 1 1 1 1 1 1 1 1 1 1 1 1 1 1 1 1 1 1 1 1 1 1 1 1 1 3 1 1 1 1 1 1 1 1 1 1 1 1 1 1 1 1 1 1 1 1 1 1 1 1 1 1 1 1 1
staticfield java/lang/Short TYPE Ljava/lang/Class; java/lang/Class
ciInstanceKlass java/lang/Integer 1 1 445 7 1 100 1 7 1 7 1 10 12 1 1 9 12 1 1 9 12 1 1 10 100 12 1 1 1 10 12 1 1 10 100 12 1 1 1 10 10 12 1 1 10 100 12 1 1 1 10 12 1 10 12 1 1 10 7 12 1 1 1 10 12 1 1 10 12 1 1 10 12 1 10 12 1 10 12 1 1 10 10 12 1 9 12 1 1 9 12 1 100 1 8 1 10 12 1 100 1 10 12 1 8 1 10 12 1 1 10 12 1 8 1 10 12 1 8 1 10 12 1 1 3 10 12 1 1 3 10 12 1 1 10 12 1 1 10 7 12 1 1 1 11 7 1 100 1 10 11 10 12 1 1 8 1 10 12 1 1 8 1 100 1 10 12 1 1 10 12 1 1 5 0 8 1 10 12 1 10 12 1 10 12 1 10 12 1 1 7 1 9 12 1 1 9 12 1 1 10 12 1 10 7 1 9 12 1 10 12 1 10 12 1 10 12 1 1 10 7 12 1 1 1 100 1 100 1 10 12 1 1 10 12 1 1 8 1 8 1 10 12 1 1 8 1 8 1 8 1 8 1 8 1 8 1 10 12 1 10 12 1 10 12 1 5 0 3 3 3 3 10 12 1 3 10 12 1 10 100 12 1 1 1 10 12 1 1 10 12 1 1 8 1 10 7 12 1 1 1 9 12 1 1 3 3 3 3 3 3 9 12 1 1 100 1 100 1 100 1 1 1 1 1 1 1 3 1 3 1 1 5 0 1 1 1 1 1 1 1 1 1 100 1 1 1 1 1 1 1 1 1 1 1 1 1 1 1 1 1 1 1 1 1 1 1 1 1 1 1 1 1 1 1 1 1 1 1 1 1 1 1 3 1 1 1 1 1 1 1 1 1 1 1 1 1 1 1 1 100 1 1 1 1 1 1 1 1 1 1 1 1 1 1 1 1 1 1 1 1 1 1 1 1 1 1 1 1 1 1 1 100 1 1 1 1 1 1 1 1 1 100 1 100 1 1
staticfield java/lang/Integer TYPE Ljava/lang/Class; java/lang/Class
staticfield java/lang/Integer digits [C 36
staticfield java/lang/Integer DigitTens [B 100
staticfield java/lang/Integer DigitOnes [B 100
staticfield java/lang/Integer sizeTable [I 10
ciMethod java/lang/Integer valueOf (I)Ljava/lang/Integer; 1024 0 3572 0 -1
ciInstanceKlass java/lang/Long 1 1 506 7 1 100 1 7 1 7 1 10 12 1 1 9 12 1 1 9 100 12 1 1 1 10 100 12 1 1 1 10 12 1 1 10 100 12 1 1 1 10 10 12 10 12 1 10 12 1 10 12 1 5 0 5 0 100 1 10 12 1 1 10 12 1 1 10 12 1 10 12 1 10 12 1 10 12 1 1 10 100 12 1 1 10 12 1 10 12 1 1 10 12 1 1 10 12 1 1 10 12 1 1 10 100 12 1 1 1 10 12 1 1 10 12 1 10 12 1 10 12 1 10 12 1 1 10 10 12 1 5 0 5 0 9 12 1 1 9 12 1 5 0 100 1 8 1 10 12 1 8 1 10 12 1 8 1 8 1 10 12 1 1 5 0 10 12 1 1 5 0 10 12 1 1 10 12 1 1 10 100 12 1 1 1 11 100 1 100 1 10 11 10 12 1 1 8 1 10 12 1 1 8 1 100 1 10 12 1 1 10 12 1 8 1 8 1 11 12 1 1 10 12 1 10 12 1 10 12 1 5 0 5 0 9 7 12 1 1 1 10 12 1 10 12 1 1 8 1 8 1 10 12 1 1 8 1 8 1 8 1 8 1 8 1 8 1 10 12 1 10 12 1 10 12 1 1 10 7 1 9 12 1 1 10 12 1 10 12 1 1 10 100 12 1 1 1 100 1 100 1 10 12 1 1 10 12 1 1 5 0 10 12 1 10 12 1 5 0 5 0 5 0 10 12 1 1 5 0 5 0 10 12 1 10 12 1 10 100 12 1 1 1 10 12 1 1 10 12 1 1 8 1 10 7 12 1 1 1 9 12 1 1 100 1 100 1 100 1 1 1 1 5 0 1 1 1 1 3 1 3 1 5 0 1 1 1 1 1 1 1 1 1 100 1 1 1 1 1 1 1 1 1 1 1 1 1 1 1 1 1 1 1 1 1 1 1 1 1 1 1 1 1 1 1 1 1 1 1 1 1 1 1 1 1 1 1 1 1 1 1 1 1 1 1 1 1 1 3 1 1 1 1 1 1 1 1 1 1 1 1 1 1 1 100 1 1 1 1 1 1 1 1 1 1 1 1 1 1 1 1 1 1 1 1 1 1 1 1 1 1 1 100 1 1 1 1 1 1 1 1 1 100 1 100 1 1
staticfield java/lang/Long TYPE Ljava/lang/Class; java/lang/Class
instanceKlass java/lang/ref/PhantomReference
instanceKlass java/lang/ref/FinalReference
instanceKlass java/lang/ref/WeakReference
instanceKlass java/lang/ref/SoftReference
ciInstanceKlass java/lang/ref/Reference 1 1 195 9 7 12 1 1 1 9 7 12 1 1 10 12 1 1 10 12 1 1 9 12 1 1 10 12 1 1 9 12 1 1 9 12 1 1 7 1 10 12 1 10 7 12 1 1 10 12 1 10 12 1 1 10 12 1 9 12 1 10 12 1 1 10 12 1 10 12 1 9 12 1 100 1 100 1 10 12 1 9 12 1 9 12 1 100 1 10 10 12 1 10 10 7 12 1 1 10 7 12 1 1 1 10 12 1 1 10 7 12 1 1 7 1 8 1 10 12 1 10 12 1 1 10 12 1 1 10 12 1 7 1 10 10 7 12 1 1 1 1 1 1 1 1 1 1 1 1 1 1 1 1 1 1 1 100 1 1 1 100 1 1 1 1 1 1 1 1 1 1 1 1 1 1 1 1 1 1 1 1 1 1 1 1 1 1 1 1 1 1 1 1 1 1 1
staticfield java/lang/ref/Reference processPendingLock Ljava/lang/Object; java/lang/Object
staticfield java/lang/ref/Reference $assertionsDisabled Z 1
instanceKlass java/io/ClassCache$CacheRef
instanceKlass java/lang/invoke/LambdaFormEditor$Transform
ciInstanceKlass java/lang/ref/SoftReference 1 1 47 10 7 12 1 1 1 9 7 12 1 1 1 9 12 1 10 12 1 10 12 1 1 1 1 1 1 1 1 1 1 1 1 1 1 1 1 1 1 1 1 100 1 1 1 1 1
ciMethod java/lang/Long valueOf (J)Ljava/lang/Long; 1642 0 621 0 -1
instanceKlass java/util/logging/LogManager$LoggerWeakRef
instanceKlass java/util/logging/Level$KnownLevel
instanceKlass java/lang/WeakPairMap$WeakRefPeer
instanceKlass sun/nio/ch/FileLockTable$FileLockReference
instanceKlass java/lang/ClassValue$Entry
instanceKlass java/lang/ThreadLocal$ThreadLocalMap$Entry
instanceKlass java/lang/invoke/MethodType$ConcurrentWeakInternSet$WeakEntry
instanceKlass java/util/WeakHashMap$Entry
ciInstanceKlass java/lang/ref/WeakReference 1 1 31 10 7 12 1 1 1 10 12 1 100 1 1 1 1 1 1 1 1 1 1 1 1 1 1 1 1 1 1 1 1
instanceKlass java/lang/ref/Finalizer
ciInstanceKlass java/lang/ref/FinalReference 1 1 47 10 100 12 1 1 1 10 100 12 1 1 1 10 12 1 1 100 1 8 1 10 12 1 1 1 1 1 1 1 1 1 1 1 1 1 1 1 1 1 1 1 1 1 1 1 1
ciInstanceKlass java/lang/ref/Finalizer 1 1 152 9 7 12 1 1 1 10 100 12 1 1 1 9 12 1 1 9 12 1 1 9 12 1 9 12 1 10 12 1 10 12 1 1 9 12 1 1 100 1 10 12 1 100 1 11 100 12 1 1 100 1 10 12 1 100 1 10 12 1 10 100 12 1 1 1 10 100 12 1 1 1 100 1 10 10 12 1 10 7 12 1 1 1 7 1 10 7 1 10 10 7 12 1 1 1 10 12 1 1 10 7 12 1 1 7 1 10 12 1 10 12 1 1 10 12 1 1 10 12 1 1 1 1 1 1 1 1 1 1 1 1 1 1 1 1 1 1 1 1 1 1 1 1 1 1 1 1 1 1 1 1
staticfield java/lang/ref/Finalizer lock Ljava/lang/Object; java/lang/Object
staticfield java/lang/ref/Finalizer $assertionsDisabled Z 1
instanceKlass jdk/internal/ref/PhantomCleanable
instanceKlass jdk/internal/ref/Cleaner
ciInstanceKlass java/lang/ref/PhantomReference 1 1 39 10 100 12 1 1 1 10 7 12 1 1 1 1 1 1 1 1 1 1 1 1 1 1 1 1 1 1 1 1 1 1 1 1 1 1 1 1 1
instanceKlass java/lang/reflect/Executable
instanceKlass java/lang/reflect/Field
ciInstanceKlass java/lang/reflect/AccessibleObject 1 1 398 10 7 12 1 1 1 9 100 12 1 1 1 10 100 12 1 1 1 10 7 12 1 1 10 7 12 1 1 1 10 7 12 1 1 1 10 12 1 1 10 12 1 1 9 12 1 1 100 1 10 7 12 1 1 1 11 12 1 100 1 10 12 1 7 1 100 1 10 12 1 10 12 1 1 7 1 10 100 12 1 1 1 10 12 1 1 100 1 10 12 1 1 100 1 10 10 10 7 12 1 1 1 10 12 1 1 10 12 1 10 12 1 10 12 1 1 10 12 1 8 1 100 1 10 10 12 1 1 8 1 10 12 1 10 12 1 8 1 8 1 8 1 8 1 8 1 8 1 100 1 10 12 1 10 12 1 9 12 1 1 10 12 1 1 10 12 1 10 11 100 1 100 1 8 1 10 10 12 1 10 12 1 1 8 1 10 12 1 8 1 10 12 1 1 10 100 1 8 1 10 11 7 12 1 1 10 12 1 1 10 12 1 1 10 12 1 1 9 12 1 1 100 1 10 12 1 7 1 10 12 1 10 12 1 1 10 100 1 10 12 1 10 12 10 12 1 10 12 1 1 10 12 1 10 12 1 1 10 12 1 9 12 1 10 100 12 1 1 8 1 10 100 12 1 1 1 8 1 10 100 12 1 1 1 9 12 1 100 1 10 7 1 10 10 7 12 1 1 1 7 1 10 10 7 12 1 1 1 7 1 9 12 1 1 1 1 1 1 1 1 1 1 1 1 1 1 1 1 1 1 1 1 1 1 1 1 1 1 1 1 1 1 1 1 1 1 1 1 1 1 1 1 1 1 1 1 1 1 1 1 1 1 1 1 1 1 1 1 1 1 1 1 1 1 1 1 1 1 1 1 1 1 1 1 1 1 1 1 1 1 1 1 1 1 1 1 1
staticfield java/lang/reflect/AccessibleObject reflectionFactory Ljdk/internal/reflect/ReflectionFactory; jdk/internal/reflect/ReflectionFactory
instanceKlass java/lang/reflect/Constructor
instanceKlass java/lang/reflect/Method
ciInstanceKlass java/lang/reflect/Executable 1 1 548 10 7 12 1 1 1 10 7 12 1 1 1 10 7 12 1 1 1 11 7 12 1 1 1 10 7 12 1 1 1 10 12 1 1 10 7 12 1 1 1 10 100 12 1 1 1 10 12 1 8 1 10 10 12 1 1 10 12 1 1 10 100 12 1 1 1 18 12 1 1 11 100 12 1 1 1 8 1 8 1 8 1 10 100 12 1 1 1 11 12 1 1 100 1 8 1 8 1 10 12 1 100 1 8 1 10 12 1 8 1 11 100 12 1 1 1 100 1 10 12 1 1 11 12 1 8 1 18 8 1 10 12 1 10 12 1 1 18 8 1 10 12 1 100 1 10 12 1 10 12 1 11 100 12 1 1 10 12 1 1 8 1 8 1 10 12 1 1 10 12 1 1 10 10 12 1 100 1 10 10 12 1 10 12 1 1 10 100 12 1 1 10 12 1 10 12 1 10 12 1 1 10 7 12 1 1 10 12 1 10 12 1 10 7 12 1 1 1 10 12 1 8 1 10 12 1 10 12 1 3 100 1 8 1 10 12 1 10 12 1 10 10 12 1 10 12 1 1 8 1 8 1 8 1 9 12 1 10 12 1 100 1 8 1 9 12 1 10 12 1 10 12 1 1 10 12 1 1 10 12 1 10 12 10 12 1 100 1 10 12 1 10 12 1 1 100 1 10 100 12 1 1 1 7 1 10 7 12 1 1 1 10 12 1 1 11 7 12 1 1 10 7 12 1 1 10 100 12 1 1 1 10 12 1 1 9 12 1 10 12 1 1 10 12 1 10 12 1 1 9 100 12 1 1 1 10 100 12 1 1 1 10 12 1 10 12 1 1 9 12 1 10 10 10 10 100 12 1 1 1 10 12 1 9 12 1 10 12 1 1 9 12 1 100 1 100 1 1 1 1 1 1 1 1 1 1 1 1 1 1 1 1 1 1 1 1 1 1 1 1 1 1 1 1 1 1 1 1 1 1 100 1 1 1 1 1 1 1 1 100 1 1 1 1 1 1 1 1 1 1 1 1 100 1 1 1 1 1 1 1 1 1 1 1 1 1 1 1 1 1 1 1 1 1 1 1 1 1 1 1 1 1 1 1 1 1 1 1 1 1 1 1 1 1 100 1 1 1 1 1 1 1 1 1 1 1 1 1 1 1 1 1 1 1 1 1 100 1 100 1 1 15 10 100 12 1 1 1 16 15 16 1 16 1 15 10 12 16 1 100 1 1 100 1 100 1 1
ciInstanceKlass java/lang/reflect/Constructor 1 1 429 10 100 12 1 1 1 10 100 12 1 1 9 7 12 1 1 1 10 12 1 1 10 12 1 1 10 100 12 1 1 9 12 1 1 10 7 12 1 1 1 9 12 1 1 9 12 1 1 9 12 1 9 12 1 1 9 12 1 9 12 1 1 9 12 1 1 9 12 1 100 1 8 1 10 12 1 10 12 1 9 12 1 1 10 7 12 1 1 10 7 12 1 1 1 10 12 1 1 10 12 1 1 10 12 1 7 1 100 1 8 1 10 10 12 1 10 12 1 10 12 1 1 10 12 1 1 100 1 10 7 12 1 1 10 12 1 1 10 12 1 10 12 1 1 10 100 12 1 1 1 10 100 12 1 1 10 12 1 1 10 12 1 10 100 12 1 1 1 8 1 10 10 12 1 100 1 8 1 10 12 1 10 12 1 1 10 12 1 1 10 12 1 10 12 1 10 12 1 1 10 12 1 1 9 12 1 1 10 12 1 1 10 12 1 1 10 12 1 8 1 10 12 1 1 11 7 12 1 1 1 10 12 1 1 10 12 1 10 12 1 9 12 1 1 10 7 12 1 1 1 10 12 1 1 10 12 1 1 10 12 1 1 10 12 1 1 10 12 1 9 100 12 1 1 10 12 1 10 12 1 10 12 1 100 1 8 1 10 10 12 1 1 10 12 1 10 10 12 1 1 10 12 1 1 10 100 12 1 1 1 11 100 12 1 1 1 10 12 1 1 9 100 12 1 1 1 10 100 12 1 1 1 10 12 1 1 1 1 1 1 1 1 1 1 1 1 1 1 1 1 1 1 1 1 1 1 1 1 1 1 1 1 1 1 1 1 1 1 1 1 1 1 1 1 1 1 1 1 1 1 1 1 1 1 1 100 1 100 1 100 1 100 1 1 1 1 1 1 1 1 1 1 1 1 1 1 1 1 1 1 1 1 1 1 1 1 1 1 1 1 1 1 1 1 1 100 1 1
ciInstanceKlass java/lang/reflect/Method 1 1 446 9 7 12 1 1 1 10 100 12 1 1 1 10 100 12 1 1 9 12 1 1 10 12 1 1 10 12 1 1 10 100 12 1 1 10 7 12 1 1 1 9 12 1 1 9 12 1 9 12 1 1 9 12 1 9 12 1 9 12 1 1 9 12 1 9 12 1 1 9 12 1 9 12 1 9 12 1 1 100 1 8 1 10 12 1 10 12 1 9 12 1 1 8 1 10 7 12 1 1 10 7 12 1 1 1 10 12 1 1 10 12 1 1 10 12 1 10 12 1 1 10 12 1 1 100 1 10 12 1 1 10 12 10 7 12 1 1 10 12 1 1 10 12 1 10 12 1 10 12 1 10 7 12 1 1 1 10 12 1 1 10 7 1 10 7 12 1 1 1 10 7 12 1 1 10 12 1 1 10 12 1 1 10 12 1 10 7 12 1 1 1 10 12 1 10 8 1 10 12 1 10 12 1 7 1 8 1 8 1 8 1 10 12 1 10 12 1 1 10 12 1 1 10 10 12 1 1 10 12 1 11 100 1 9 12 1 1 10 12 1 1 10 12 1 10 12 1 1 10 12 1 1 11 7 12 1 1 1 10 12 1 10 12 1 10 12 1 10 12 1 10 12 1 9 12 1 1 10 7 12 1 1 1 10 12 1 1 10 7 12 1 1 1 10 7 12 1 1 1 10 7 12 1 1 1 11 7 12 1 1 1 10 7 12 1 1 1 7 1 100 1 100 1 10 12 1 10 12 1 1 10 12 1 100 1 8 1 10 12 1 10 10 12 1 1 10 12 1 1 10 12 1 1 10 12 1 1 8 1 10 12 1 1 1 1 1 1 1 1 1 1 1 1 1 1 1 1 1 1 1 1 1 1 1 1 1 1 1 1 1 1 1 1 1 1 1 1 1 1 1 1 1 1 1 1 1 1 1 1 1 1 1 1 1 100 1 100 1 100 1 1 1 1 1 1 1 1 1 1 1 1 1 1 1 1 1 1 1 1 1 1 1 1 1 1
ciInstanceKlass java/lang/reflect/Field 1 1 437 9 7 12 1 1 1 10 12 1 1 10 100 12 1 1 1 10 100 12 1 1 9 12 1 1 10 12 1 1 10 12 1 1 10 100 12 1 1 10 7 12 1 1 1 9 12 1 1 9 12 1 9 12 1 9 12 1 1 9 12 1 1 9 12 1 9 12 1 1 9 12 1 1 100 1 8 1 10 12 1 10 12 1 9 12 1 1 9 12 1 10 12 1 10 7 12 1 1 10 12 1 1 10 12 1 1 10 12 1 10 12 1 1 7 1 10 12 1 1 10 12 1 1 10 12 1 1 10 12 1 10 12 1 10 7 1 10 100 12 1 1 100 1 10 8 1 10 12 1 1 10 12 1 1 8 1 10 12 10 12 1 8 1 8 1 10 11 100 1 9 12 1 10 12 1 1 10 12 1 1 11 7 12 1 1 1 11 12 1 1 11 12 1 1 11 12 1 1 11 12 1 1 11 12 1 1 11 12 1 1 11 12 1 1 11 12 1 1 11 12 1 1 11 12 1 1 11 12 1 1 11 12 1 1 11 12 1 1 11 12 1 1 11 12 1 1 11 12 1 1 11 12 1 1 10 12 1 10 100 12 1 1 10 12 1 10 12 1 1 10 12 9 12 1 1 10 7 12 1 1 1 10 12 1 1 10 7 12 1 1 10 12 1 1 11 7 1 10 12 1 100 1 10 100 12 1 1 1 10 7 12 1 1 1 9 12 1 10 7 12 1 1 1 11 7 12 1 1 1 10 12 1 1 10 12 1 1 9 100 12 1 1 1 10 100 12 1 1 1 10 12 1 1 100 1 1 1 1 1 1 1 1 1 1 1 1 1 1 1 1 1 1 1 1 1 1 1 1 1 1 1 1 1 1 1 1 1 1 1 100 1 1 1 1 1 1 1 1 1 1 1 1 1 1 1 1 1 1 1 1 1 1 1 1 1 1 1 1 1 1 1 1 1 1 100 1 1 1 1 1 1 1 1 100 1 1
ciInstanceKlass java/lang/reflect/Parameter 0 0 226 10 100 12 1 1 1 9 100 12 1 1 1 9 12 1 1 9 12 1 1 9 12 1 10 12 1 1 10 12 1 1 10 100 12 1 1 1 100 1 10 10 12 1 1 11 100 12 1 1 1 10 12 1 10 100 12 1 1 1 10 12 1 1 10 12 1 10 12 1 8 1 8 1 10 100 12 1 1 1 10 12 1 10 12 10 12 1 8 1 10 12 1 9 12 1 1 10 12 1 1 9 12 1 1 10 12 1 1 10 12 1 1 10 12 1 1 10 12 1 10 10 12 1 10 100 12 1 1 1 10 12 1 1 11 100 12 1 1 10 100 12 1 1 100 1 10 100 12 1 1 1 10 12 1 1 10 12 1 1 10 12 1 1 10 12 1 1 9 12 1 100 1 10 11 12 1 1 11 12 1 1 100 1 1 1 1 1 1 1 1 1 1 1 1 1 1 1 1 1 1 1 1 1 1 1 1 1 1 1 1 1 1 1 1 1 1 1 1 1 1 100 1 1 1 1
ciInstanceKlass java/lang/StringBuffer 0 0 470 10 100 12 1 1 1 10 12 1 10 12 1 10 12 1 1 9 100 12 1 1 1 10 12 1 1 10 12 1 10 12 1 1 9 12 1 1 10 12 1 10 12 1 1 10 12 1 1 10 12 1 10 12 1 1 10 12 1 10 12 1 1 10 12 1 1 10 100 12 1 1 1 10 12 1 1 10 12 1 10 12 1 10 12 1 10 12 1 10 12 1 10 12 1 10 12 1 10 12 1 10 12 1 10 12 1 10 12 1 10 12 1 10 12 1 10 12 1 1 10 12 1 10 12 1 1 10 12 1 1 10 10 12 1 1 10 12 1 10 12 1 10 12 1 10 12 1 10 12 1 10 12 1 10 12 10 12 1 10 12 1 10 12 1 10 12 1 1 10 12 1 10 12 1 10 10 12 1 1 10 12 1 1 9 12 1 1 10 100 12 1 1 1 10 100 1 10 10 100 12 1 1 1 10 10 12 1 10 8 10 100 12 1 1 1 8 10 12 1 8 1 10 12 1 10 12 1 10 100 12 1 1 1 10 100 12 1 1 1 100 1 10 12 100 1 8 1 10 10 12 1 1 10 12 1 1 10 12 1 1 10 12 1 10 12 1 10 12 1 10 12 1 10 12 1 10 12 1 10 12 1 10 12 1 10 12 1 10 12 1 10 12 1 10 12 1 10 12 1 10 12 1 10 12 1 10 12 1 10 12 10 12 10 12 1 10 12 1 10 12 1 10 12 10 12 1 10 12 1 10 12 1 10 12 1 10 12 1 10 12 1 10 12 1 10 12 1 10 12 1 10 12 1 10 12 1 100 1 10 12 1 9 100 12 1 1 1 9 100 1 9 12 1 1 100 1 100 1 100 1 1 1 1 5 0 1 1 1 1 1 1 1 1 1 1 1 1 1 1 1 1 1 1 1 1 1 1 1 1 1 1 1 1 1 1 1 1 1 1 1 1 1 1 1 1 1 1 1 1 1 1 1 1 1 1 1 1 1 1 1 1 1 1 1 1 100 1 1 1 1 1 100 1 1 1 1 1 1 1 1 1 1 1 1 1 1 1 1 1
instanceKlass java/lang/StringBuilder
instanceKlass java/lang/StringBuffer
ciInstanceKlass java/lang/AbstractStringBuilder 1 1 547 7 1 7 1 10 7 12 1 1 1 9 7 12 1 1 1 9 12 1 9 12 1 1 9 12 1 1 10 100 12 1 1 1 10 12 1 1 3 3 10 12 1 10 12 1 1 11 7 1 100 1 100 1 10 8 1 10 12 1 10 12 1 10 12 1 1 10 12 1 10 12 1 10 12 1 9 12 1 1 10 12 1 1 10 7 12 1 1 1 10 10 12 1 10 12 1 10 12 1 1 10 12 1 1 10 7 12 1 1 1 10 7 12 1 1 1 100 1 8 1 10 10 12 1 1 100 1 10 12 10 12 1 1 10 10 12 1 1 10 12 1 1 10 12 1 1 10 12 1 1 100 1 10 10 12 1 10 100 12 1 1 1 10 12 1 1 10 12 1 10 12 1 1 10 10 12 1 1 10 12 10 12 1 10 12 1 1 10 12 1 1 10 12 1 1 10 12 1 10 10 12 1 1 10 12 1 10 12 1 1 8 1 10 12 1 1 10 12 1 10 12 1 10 12 1 10 12 1 10 12 1 10 12 1 10 7 12 1 1 10 12 1 10 12 1 10 100 12 1 1 1 10 12 1 10 12 1 10 12 1 10 12 1 10 12 1 1 10 12 1 10 12 1 1 10 12 1 1 10 10 7 12 1 1 1 10 12 1 10 12 1 10 12 1 1 10 12 1 10 12 1 10 12 1 10 12 1 10 12 1 10 12 1 10 12 1 10 12 1 10 12 1 1 10 12 1 10 12 1 10 12 10 12 1 1 18 12 1 1 100 1 10 100 12 1 1 1 18 10 12 1 1 10 12 1 10 12 1 1 11 12 1 10 12 1 10 12 1 10 10 12 1 10 8 1 8 1 8 1 10 10 100 1 10 12 1 100 1 10 100 1 10 100 1 1 1 3 1 1 1 1 1 1 1 1 1 1 100 1 1 1 1 1 1 1 1 1 1 1 1 1 1 1 1 1 1 1 1 1 1 1 1 1 1 1 1 1 1 1 1 1 1 1 1 1 1 1 1 1 1 1 1 1 1 1 1 1 1 1 1 1 1 1 1 1 1 1 1 1 1 1 1 1 1 1 1 1 1 1 1 1 1 1 1 1 1 1 1 1 1 1 1 1 1 1 1 1 1 1 1 1 1 1 1 1 100 1 1 100 1 1 1 1 1 100 1 1 1 1 1 1 15 10 100 12 1 1 1 16 1 15 10 12 16 15 10 12 1 1 1 1 100 1 100 1 1
staticfield java/lang/AbstractStringBuilder EMPTYVALUE [B 0
ciInstanceKlass java/lang/SecurityManager 0 0 576 10 100 12 1 1 1 9 100 12 1 1 1 10 100 12 1 1 1 100 1 8 1 10 12 1 10 12 1 1 10 100 12 1 1 1 10 100 1 10 100 1 10 9 100 12 1 1 1 10 100 12 1 1 1 10 12 1 1 10 100 12 1 1 100 1 8 1 10 9 12 1 1 9 12 1 8 1 9 12 1 100 1 10 8 1 10 12 1 1 10 12 1 10 12 1 1 100 1 10 10 12 1 1 100 1 8 1 10 12 1 8 1 8 1 8 1 8 1 8 1 8 1 10 12 1 8 1 8 1 8 1 8 1 8 1 10 100 12 1 1 1 10 12 1 1 8 1 100 1 8 1 10 8 1 8 1 8 1 8 1 8 1 10 100 12 1 1 8 1 100 1 8 1 8 1 10 8 1 10 12 1 100 1 8 1 10 10 12 1 1 10 12 1 10 12 1 10 12 1 10 100 12 1 1 1 10 12 1 10 100 12 1 1 11 100 12 1 1 1 18 12 1 1 11 100 12 1 1 1 18 12 1 1 11 12 1 1 18 18 11 12 1 18 12 1 11 12 1 1 9 12 1 1 9 12 1 9 12 1 9 12 1 100 1 10 100 12 1 1 10 12 1 10 12 1 18 12 1 18 10 100 12 1 1 1 18 12 1 10 12 1 18 18 8 1 10 12 1 9 12 1 1 11 100 12 1 1 1 8 1 100 1 10 12 1 10 12 1 1 10 12 1 1 9 12 1 1 10 12 1 10 12 1 1 8 1 100 1 10 9 12 1 8 1 10 12 1 8 1 100 1 10 10 100 12 1 1 10 100 1 9 100 12 1 1 1 11 12 1 1 10 12 1 11 12 1 10 12 1 100 1 10 10 12 1 1 10 12 1 1 1 1 1 1 1 1 1 1 1 100 1 1 1 1 1 1 1 1 1 1 1 1 1 1 1 1 1 1 1 1 1 1 1 1 1 1 1 1 1 1 1 1 1 1 1 1 1 1 1 1 1 1 1 1 1 1 1 1 1 1 1 1 1 1 1 1 3 1 1 1 1 1 1 1 1 1 1 100 1 1 1 1 1 1 1 1 1 1 1 1 1 1 1 1 1 1 1 1 1 1 1 1 1 1 1 1 1 1 1 1 1 1 1 1 1 1 15 10 100 12 1 1 1 16 15 10 100 12 1 1 1 16 1 16 15 10 12 16 1 15 10 12 16 15 11 100 1 16 1 16 1 15 10 12 16 15 10 12 16 15 10 12 1 16 1 15 11 12 1 15 10 12 16 15 10 16 1 1 1 1 100 1 100 1 1
ciInstanceKlass java/security/AccessControlContext 1 1 373 9 7 12 1 1 1 9 12 1 1 10 100 12 1 1 1 8 1 10 100 12 1 1 1 10 7 12 1 1 1 9 12 1 9 12 1 1 9 12 1 1 10 7 12 1 1 100 1 10 12 1 11 100 12 1 1 1 11 12 1 11 12 1 11 12 1 1 100 1 11 12 1 1 10 12 1 10 100 12 1 1 1 9 100 12 1 1 1 10 100 12 1 1 1 11 100 12 1 1 1 10 7 1 100 1 8 1 10 12 1 10 12 1 1 7 1 10 7 12 1 1 1 9 12 1 9 12 1 9 12 1 9 12 1 1 9 12 1 1 9 12 1 9 12 1 10 7 12 1 1 1 9 12 1 10 12 1 1 10 12 1 1 8 1 10 12 1 1 10 12 1 1 10 100 12 1 1 1 100 1 10 10 12 1 1 10 100 12 1 1 1 10 8 1 10 100 12 1 1 8 1 10 100 12 1 1 8 1 8 1 10 12 1 8 1 10 12 1 8 1 10 12 1 10 12 1 10 12 1 1 8 1 8 1 100 1 10 12 1 10 12 1 1 100 1 10 12 1 8 1 10 12 1 10 12 1 10 8 1 10 12 1 1 10 12 1 1 10 12 1 1 10 12 1 1 10 12 1 10 12 1 10 12 1 10 12 1 1 10 10 10 12 1 1 1 1 1 1 1 1 1 1 1 1 1 1 1 1 1 1 1 1 1 1 1 1 100 1 1 1 1 1 1 1 1 1 1 1 1 1 1 1 1 1 1 1 1 1 1 1 1 1 1 1 1 1 1 1 1 1 1 1 1 1 1 1 1 1 1 1 1 1 1 1 1 1 1 1 1 3 1 1
ciInstanceKlass java/net/URL 1 1 743 10 7 12 1 1 1 10 12 1 10 7 12 1 1 9 12 1 1 9 12 1 10 7 12 1 1 1 10 12 1 1 10 12 1 1 9 12 1 1 10 7 12 1 1 1 8 1 10 12 1 1 100 1 10 10 12 1 1 8 1 10 12 1 1 9 12 1 100 1 8 1 10 12 1 10 12 1 8 1 9 12 1 10 12 1 1 9 12 1 10 12 1 10 12 1 9 12 1 9 12 1 8 1 9 12 1 10 12 1 1 8 1 9 12 1 1 10 12 1 1 10 7 12 1 1 1 8 1 10 12 1 7 1 10 12 1 10 12 1 10 12 1 10 12 1 1 10 12 1 1 8 1 10 12 1 1 10 12 1 8 1 9 12 1 8 1 10 12 1 10 7 12 1 1 1 100 1 10 12 1 10 12 1 1 10 7 12 1 1 1 100 1 8 1 10 10 12 1 8 1 10 12 1 1 10 12 1 10 12 1 10 12 1 10 12 1 10 12 1 8 1 10 12 1 10 10 7 12 1 1 1 10 12 1 9 100 12 1 1 1 10 100 12 1 1 1 9 12 1 1 10 12 1 10 100 12 1 1 1 100 1 100 1 10 12 1 10 12 1 10 12 1 10 12 1 10 12 1 10 12 10 10 10 12 1 100 1 10 12 1 10 12 1 1 8 1 9 100 12 1 1 1 10 100 12 1 1 1 10 12 1 1 9 100 12 1 1 1 10 12 1 1 100 1 10 12 1 10 12 1 10 10 12 1 1 10 12 1 1 10 12 1 10 12 1 10 12 1 10 7 12 1 1 1 10 12 1 1 10 12 1 9 12 1 1 9 12 1 1 100 1 8 1 10 10 12 1 9 12 1 1 10 7 12 1 1 8 1 10 100 12 1 1 8 1 10 12 1 1 10 12 1 8 1 8 1 10 7 12 1 1 1 100 1 10 100 12 1 1 1 10 12 1 10 12 1 100 1 10 9 12 1 1 10 7 12 1 1 8 1 10 12 1 1 100 1 10 10 100 12 1 1 1 8 9 100 12 1 1 1 10 12 1 10 12 1 10 12 1 10 12 1 10 100 12 1 1 11 7 12 1 1 10 12 1 10 12 1 9 12 1 10 12 1 1 10 100 12 1 1 10 100 12 1 1 1 8 10 100 12 1 1 100 1 10 8 8 10 12 1 8 8 8 100 1 10 12 1 9 12 1 1 10 12 1 10 12 1 1 10 12 1 10 12 10 12 1 1 10 12 1 1 10 10 10 12 1 10 12 1 10 12 1 10 12 1 10 12 1 10 10 12 1 100 1 8 1 10 10 10 12 1 1 10 12 1 10 12 1 1 8 1 7 1 10 10 10 7 1 10 12 1 9 7 12 1 1 1 9 12 1 1 7 1 10 10 7 12 1 1 1 100 1 1 1 1 1 5 0 1 1 1 1 1 1 1 1 1 1 1 1 1 1 1 1 1 1 1 1 1 1 1 1 1 1 1 1 1 1 1 1 1 1 1 1 1 1 1 100 1 1 1 1 1 1 1 1 1 1 1 1 1 1 1 1 1 1 1 1 1 1 1 1 1 1 1 1 1 1 1 1 1 1 1 1 1 100 1 1 1 1 1 1 1 1 1 1 1 1 1 1 1 1 100 1 1 1 1 1 1 1 1 1 1 1 1 1 1 1 1 1 1
staticfield java/net/URL defaultFactory Ljava/net/URLStreamHandlerFactory; java/net/URL$DefaultFactory
staticfield java/net/URL streamHandlerLock Ljava/lang/Object; java/lang/Object
staticfield java/net/URL serialPersistentFields [Ljava/io/ObjectStreamField; 7 [Ljava/io/ObjectStreamField;
ciInstanceKlass java/util/jar/Manifest 1 1 336 10 7 12 1 1 1 7 1 10 9 7 12 1 1 1 7 1 10 9 12 1 1 9 12 1 1 10 12 1 10 12 1 1 10 12 1 1 10 12 1 1 10 12 1 1 11 7 1 11 12 1 1 10 12 1 1 10 100 12 1 1 1 100 1 100 1 10 8 1 10 12 1 1 10 12 1 1 10 12 1 10 12 1 11 100 1 10 12 1 10 12 1 1 11 12 1 1 10 12 1 11 12 1 1 11 100 12 1 1 1 11 100 12 1 1 11 12 1 1 100 1 10 12 1 8 1 11 12 1 100 1 10 12 1 1 11 12 1 10 12 1 10 12 1 10 100 12 1 1 1 8 1 10 12 1 1 10 9 100 12 1 1 1 10 12 1 1 10 100 12 1 10 12 1 10 12 1 9 100 12 1 1 1 8 1 10 12 1 8 1 8 1 7 1 10 12 1 10 12 1 10 12 1 1 100 1 8 1 10 12 1 1 8 1 10 10 12 1 1 8 1 10 12 1 1 10 100 12 1 1 1 10 12 1 10 11 12 1 1 10 12 1 10 100 12 1 1 1 10 12 1 1 10 12 1 1 11 10 12 1 11 10 12 1 100 1 1 1 1 1 1 1 1 1 1 1 1 1 1 1 1 1 1 1 1 1 1 1 1 1 1 1 1 1 1 1 1 1 1 1 1 1 1 1 1 1 1 1 100 1 1 1 1 1 1 1 1 1 1 1 1 1 1 100 1 1 1 1 1 1 1 1 1 1 1
instanceKlass org/apache/maven/surefire/api/util/internal/ImmutableMap
instanceKlass java/util/Collections$SingletonMap
instanceKlass java/util/concurrent/ConcurrentSkipListMap
instanceKlass java/util/TreeMap
instanceKlass java/util/IdentityHashMap
instanceKlass java/util/EnumMap
instanceKlass java/util/WeakHashMap
instanceKlass java/util/Collections$EmptyMap
instanceKlass sun/util/PreHashedMap
instanceKlass java/util/HashMap
instanceKlass java/util/ImmutableCollections$AbstractImmutableMap
instanceKlass java/util/concurrent/ConcurrentHashMap
ciInstanceKlass java/util/AbstractMap 1 1 192 10 7 12 1 1 1 10 7 12 1 1 1 11 100 12 1 1 1 10 11 12 1 1 11 100 12 1 1 1 11 12 1 1 100 1 11 12 1 10 12 1 1 11 12 1 100 1 10 11 12 1 11 100 1 10 12 1 1 11 12 1 9 12 1 1 100 1 10 12 1 9 12 1 1 100 1 10 11 11 12 1 1 11 12 1 100 1 100 1 11 12 1 8 1 100 1 10 10 12 1 1 8 1 10 12 1 10 12 1 1 10 12 1 1 1 1 1 1 1 1 1 1 1 1 1 1 1 1 1 1 1 1 1 1 1 1 1 1 1 1 1 1 1 1 1 1 1 1 1 1 1 1 100 1 1 1 1 1 1 1 1 1 1 1 1 1 1 1 1 100 1 1 1 1 1 1 1 1 1 100 1 100 1 100 1 100 1 1 1 1 1
ciInstanceKlass java/util/List 1 1 217 10 100 12 1 1 1 11 100 12 1 1 1 11 100 12 1 1 1 11 12 1 1 11 100 12 1 1 11 12 1 1 11 12 1 1 10 100 12 1 1 1 100 1 100 1 10 12 1 1 100 1 10 100 12 1 1 1 9 7 12 1 1 1 7 1 10 12 10 12 1 7 1 10 12 1 1 10 12 1 10 12 1 1 100 1 1 1 1 1 1 1 1 1 1 1 1 1 1 1 1 1 1 1 1 1 1 1 1 1 1 1 1 1 1 1 1 1 1 1 1 1 1 1 1 1 1 1 1 1 1 1 1 1 1 100 1 100 1 1 1 1 1 1 1 1 1 1 1 1 1 1 1 1 1 1 1 1 1 1 1 1 1 1 1 1 1 1 1 1 1 1 1 1 1 1 1 1 1 1 1 1 1 1 1 1 1 1 1 1 1 1 1 1 1 1 1 1 1 1 1 1 1 1 1 1 1 1 1 1 100 1 1 100 1 1 1
instanceKlass java/util/ArrayList$SubList
instanceKlass java/util/Collections$SingletonList
instanceKlass java/util/AbstractSequentialList
instanceKlass java/util/Vector
instanceKlass java/util/Arrays$ArrayList
instanceKlass java/util/Collections$EmptyList
instanceKlass java/util/ArrayList
ciInstanceKlass java/util/AbstractList 1 1 218 10 7 12 1 1 1 9 7 12 1 1 1 10 12 1 1 10 12 1 1 100 1 10 10 12 1 1 11 100 12 1 1 1 11 12 1 1 11 12 1 10 100 12 1 1 1 10 12 1 11 12 1 11 12 1 11 12 1 10 12 1 1 10 12 1 1 11 100 12 1 1 1 11 100 1 11 100 1 10 12 1 7 1 10 12 1 10 12 1 1 100 1 100 1 10 12 1 100 1 10 100 1 100 1 10 8 1 10 12 1 1 10 12 1 10 12 1 1 10 12 1 8 1 100 1 8 1 8 1 8 1 10 100 1 11 10 10 12 1 11 12 1 10 12 1 1 8 1 8 1 1 1 1 1 1 1 1 1 1 1 1 1 1 1 1 1 1 1 1 1 1 1 1 1 1 1 1 1 1 1 1 1 1 1 1 1 1 1 1 1 1 1 1 1 1 1 1 1 1 1 1 1 1 1 1 1 1 100 1 100 1 1 1 1 1 1 1
ciInstanceKlass java/lang/AssertionStatusDirectives 1 1 24 10 100 12 1 1 1 100 1 1 1 1 1 1 1 1 1 1 1 1 1 1 1 1
ciInstanceKlass java/lang/invoke/MethodHandleNatives$CallSiteContext 1 1 49 10 7 12 1 1 1 7 1 10 10 7 12 1 1 1 10 7 12 1 1 1 10 7 12 1 1 1 100 1 1 1 1 1 1 1 1 1 1 1 1 1 1 1 1 1 100 1 1
ciInstanceKlass jdk/internal/invoke/NativeEntryPoint 0 0 92 10 100 12 1 1 1 9 100 12 1 1 1 10 100 12 1 1 1 100 1 9 12 1 9 12 1 9 12 1 1 9 12 1 1 9 12 1 1 100 1 8 1 10 12 1 11 100 12 1 1 1 10 12 1 1 10 12 1 11 100 12 1 1 11 12 1 10 12 1 1 10 12 1 1 1 1 1 1 1 1 1 1 1 1 1 1 1 1 1 1 1
instanceKlass java/lang/invoke/VolatileCallSite
instanceKlass java/lang/invoke/MutableCallSite
instanceKlass java/lang/invoke/ConstantCallSite
ciInstanceKlass java/lang/invoke/CallSite 1 1 302 10 7 12 1 1 1 10 7 12 1 1 1 9 7 12 1 1 1 10 12 1 1 9 12 1 1 10 7 12 1 1 1 10 12 1 100 1 10 12 1 1 10 12 1 1 9 100 12 1 1 1 10 100 12 1 1 10 12 1 1 100 1 100 1 10 10 100 12 1 1 1 10 12 1 1 8 1 10 12 1 10 12 1 1 10 12 1 10 12 1 1 10 12 1 1 10 10 100 12 1 1 10 12 1 1 9 12 1 9 100 12 1 1 1 8 1 10 7 12 1 1 1 10 12 1 1 100 1 10 12 1 1 9 12 1 8 1 100 1 10 12 1 10 12 1 100 1 8 1 10 10 12 1 10 12 1 1 100 1 10 12 1 1 10 12 1 10 12 1 10 12 1 1 10 12 1 1 9 12 1 1 8 10 12 1 1 9 12 1 1 100 1 10 10 12 1 10 100 12 1 1 1 10 12 1 1 10 12 1 1 10 12 1 10 7 12 1 1 1 100 1 8 1 10 10 12 10 12 1 1 100 1 100 1 100 1 8 1 10 12 1 10 7 12 1 1 1 1 1 1 1 1 1 1 1 1 1 1 1 1 1 1 1 1 1 1 1 1 1 1 1 1 1 1 1 1 1 1 1 1 1 1 1 1 1 1 1 1 1 1 1 1 1 1 1 1 1 1 1 1 1
staticfield java/lang/invoke/CallSite $assertionsDisabled Z 1
ciInstanceKlass java/lang/invoke/VolatileCallSite 0 0 37 10 100 12 1 1 1 10 12 1 10 100 12 1 1 1 10 12 1 10 12 1 1 1 1 1 1 1 1 1 1 1 1 1 1 1 1
ciInstanceKlass java/lang/invoke/MethodType 1 1 771 7 1 10 7 12 1 1 1 9 12 1 1 9 12 1 1 9 12 1 1 10 7 12 1 1 1 9 7 12 1 1 8 1 10 100 12 1 1 1 9 7 1 9 7 1 10 12 1 1 100 1 10 8 1 10 12 1 1 10 12 1 10 12 1 1 100 1 8 1 10 12 1 100 1 10 10 12 1 10 12 1 1 10 12 1 1 11 7 12 1 1 1 9 12 1 11 12 1 1 7 7 1 10 7 12 1 1 1 10 12 1 9 12 1 1 10 7 12 1 1 10 12 1 1 10 7 12 1 1 1 10 7 12 1 1 1 10 12 1 9 12 1 1 10 12 1 1 100 1 10 12 1 1 10 12 1 1 10 12 1 1 10 12 1 1 10 12 1 1 10 12 1 10 12 1 10 12 1 1 10 12 1 8 1 8 1 10 12 1 1 9 12 1 1 100 1 10 10 12 1 1 10 12 1 10 12 1 1 10 12 1 1 10 12 1 10 12 1 1 10 12 1 8 1 10 12 1 1 10 100 12 1 1 1 10 12 1 10 12 1 1 10 12 1 10 12 1 10 12 1 1 10 12 1 10 12 1 9 12 1 10 12 1 10 10 12 1 1 10 12 1 9 12 1 1 10 12 1 1 10 12 1 1 10 12 1 1 10 12 1 1 7 1 10 12 10 12 1 10 12 1 100 1 8 1 8 1 8 1 10 12 1 10 12 1 10 12 1 10 11 12 1 1 11 12 1 10 100 12 1 1 1 9 12 1 10 12 1 10 12 1 1 10 12 1 1 10 12 1 10 12 1 10 100 12 1 1 1 10 12 1 1 10 12 1 10 12 1 10 12 1 10 9 12 1 1 7 1 10 12 1 10 12 1 1 9 100 12 1 1 1 10 100 12 1 1 1 10 100 12 1 1 1 10 12 1 1 10 100 12 1 1 1 10 12 1 1 8 1 10 7 12 1 1 1 11 12 1 1 9 12 1 1 10 12 1 1 10 12 1 10 12 1 1 10 12 1 1 10 100 12 1 1 100 1 10 12 1 1 11 100 12 1 1 1 18 12 1 1 11 12 1 1 18 12 1 11 12 1 100 1 11 100 12 1 1 10 12 1 100 1 10 12 1 10 100 12 1 1 10 12 1 1 9 12 1 1 9 100 12 1 1 1 10 100 12 1 1 1 9 12 1 10 100 12 1 1 10 12 1 100 10 12 1 1 10 12 1 10 7 1 7 1 9 12 1 1 100 1 100 1 100 1 1 1 5 0 1 1 1 1 1 1 1 3 1 3 1 3 1 1 1 1 1 1 1 1 1 1 1 1 1 1 1 1 1 1 1 1 1 1 1 1 1 1 1 1 1 1 1 1 1 1 1 1 1 1 1 1 1 1 1 1 1 1 1 1 1 1 1 1 1 1 1 1 1 1 1 1 1 1 1 1 1 1 1 1 1 1 1 1 1 1 1 1 1 1 1 1 1 1 1 1 1 1 1 1 1 1 1 1 1 1 1 1 1 1 1 1 1 1 1 1 1 1 1 1 1 1 1 1 1 1 1 1 1 1 1 1 1 1 1 1 1 1 1 100 1 100 1 1 1 1 1 1 1 1 1 1 1 1 1 100 1 1 1 100 1 1 1 1 1 1 1 1 1 1 1 1 1 1 1 1 1 1 1 1 1 15 10 100 12 1 1 1 16 15 10 12 16 16 15 10 12 16 1 1 1 1 100 1 1 100 1 1 100 1 100 1 1
staticfield java/lang/invoke/MethodType internTable Ljava/lang/invoke/MethodType$ConcurrentWeakInternSet; java/lang/invoke/MethodType$ConcurrentWeakInternSet
staticfield java/lang/invoke/MethodType NO_PTYPES [Ljava/lang/Class; 0 [Ljava/lang/Class;
staticfield java/lang/invoke/MethodType objectOnlyTypes [Ljava/lang/invoke/MethodType; 20 [Ljava/lang/invoke/MethodType;
staticfield java/lang/invoke/MethodType METHOD_HANDLE_ARRAY [Ljava/lang/Class; 1 [Ljava/lang/Class;
staticfield java/lang/invoke/MethodType serialPersistentFields [Ljava/io/ObjectStreamField; 0 [Ljava/io/ObjectStreamField;
staticfield java/lang/invoke/MethodType $assertionsDisabled Z 1
ciInstanceKlass java/lang/BootstrapMethodError 0 0 45 10 100 12 1 1 1 10 12 1 10 12 1 10 100 12 1 1 1 10 100 12 1 1 1 1 1 1 5 0 1 1 1 1 1 1 1 1 1 1 1 100 1 1 1
ciInstanceKlass java/lang/Record 0 0 22 10 100 12 1 1 1 100 1 1 1 1 1 1 1 1 1 1 1 1 1 1
ciInstanceKlass java/lang/ClassNotFoundException 1 1 96 7 1 10 7 12 1 1 1 10 12 1 10 12 1 1 10 100 12 1 1 1 8 1 10 100 12 1 1 1 10 7 12 1 1 10 100 12 1 1 1 10 100 12 1 1 1 10 12 1 1 7 1 10 12 1 9 12 1 1 1 1 1 5 0 1 1 1 1 1 1 1 1 1 1 1 1 1 1 1 1 1 1 100 1 1 1 1 1 1 1 1 1 1 1 1
staticfield java/lang/ClassNotFoundException serialPersistentFields [Ljava/io/ObjectStreamField; 1 [Ljava/io/ObjectStreamField;
ciInstanceKlass jdk/internal/loader/ClassLoaders$AppClassLoader 1 1 119 8 1 10 7 12 1 1 1 10 7 12 1 1 1 10 100 12 1 1 1 10 12 1 1 10 100 12 1 1 1 10 12 1 1 10 12 1 1 7 1 8 1 10 12 10 7 12 1 1 1 10 7 12 1 1 10 12 1 1 10 12 1 1 10 7 12 1 1 1 100 1 10 12 1 1 1 1 1 1 1 1 1 1 1 1 1 1 1 1 1 1 1 1 1 100 1 1 1 1 1 1 1 1 1 1 1 1 1 1 1 1 1 1 1 100 1 1 1
ciInstanceKlass jdk/internal/loader/ClassLoaders$PlatformClassLoader 1 1 42 8 1 10 7 12 1 1 1 10 7 12 1 1 1 100 1 10 12 1 100 1 1 1 1 1 1 1 1 1 1 1 1 1 1 100 1 1 1 100 1 1
ciInstanceKlass java/lang/ArithmeticException 1 1 26 10 100 12 1 1 1 10 12 1 100 1 1 1 1 5 0 1 1 1 1 1 1 1 1 1
ciInstanceKlass java/lang/NullPointerException 1 1 52 10 100 12 1 1 1 10 12 1 9 100 12 1 1 1 10 12 1 1 9 12 1 1 10 12 1 1 10 12 1 1 1 1 5 0 1 1 1 1 1 1 1 1 100 1 100 1 100 1 1 1
ciInstanceKlass java/lang/IllegalMonitorStateException 1 1 26 10 100 12 1 1 1 10 12 1 100 1 1 1 1 5 0 1 1 1 1 1 1 1 1 1
ciInstanceKlass java/lang/OutOfMemoryError 1 1 26 10 100 12 1 1 1 10 12 1 100 1 1 1 1 5 0 1 1 1 1 1 1 1 1 1
ciInstanceKlass java/lang/InternalError 1 1 34 10 7 12 1 1 1 10 12 1 10 12 1 10 12 1 100 1 1 1 1 5 0 1 1 1 1 1 1 1 1 1 1 1
ciInstanceKlass java/lang/ClassCastException 1 1 26 10 100 12 1 1 1 10 12 1 100 1 1 1 1 5 0 1 1 1 1 1 1 1 1 1
ciInstanceKlass java/lang/NoClassDefFoundError 0 0 26 10 100 12 1 1 1 10 12 1 100 1 1 1 1 5 0 1 1 1 1 1 1 1 1 1
instanceKlass java/nio/IntBuffer
instanceKlass java/nio/LongBuffer
instanceKlass java/nio/CharBuffer
instanceKlass java/nio/ByteBuffer
ciInstanceKlass java/nio/Buffer 1 1 224 100 1 10 7 12 1 1 1 9 7 12 1 1 1 9 12 1 9 12 1 1 9 12 1 9 12 1 1 10 12 1 1 10 12 1 1 10 12 100 1 100 1 10 8 1 10 12 1 1 10 12 1 8 1 8 1 10 12 1 1 10 12 1 8 1 9 12 1 1 100 1 8 1 10 12 1 8 1 8 1 9 12 10 12 1 8 1 8 1 8 1 10 12 1 8 1 8 1 8 1 100 1 10 100 1 10 100 1 10 100 1 10 10 100 12 1 1 1 10 11 100 12 1 1 10 7 12 1 1 1 10 7 12 1 1 1 9 12 1 1 10 7 12 1 1 1 9 12 1 1 7 1 10 10 7 12 1 1 1 1 1 3 1 1 1 1 1 1 1 1 1 1 1 1 1 1 1 1 1 1 100 1 1 1 1 1 1 1 1 1 1 1 1 1 1 1 1 1 1 1 1 1 1 1 1 1 1 1 1 1 1 1 1 1 1 1 1 1 1 1 1 1 1
staticfield java/nio/Buffer UNSAFE Ljdk/internal/misc/Unsafe; jdk/internal/misc/Unsafe
staticfield java/nio/Buffer SCOPED_MEMORY_ACCESS Ljdk/internal/misc/ScopedMemoryAccess; jdk/internal/misc/ScopedMemoryAccess
staticfield java/nio/Buffer $assertionsDisabled Z 1
ciInstanceKlass jdk/internal/misc/UnsafeConstants 1 1 34 10 100 12 1 1 1 9 7 12 1 1 1 9 12 1 9 12 1 1 9 12 1 9 12 1 1 1 1 1 1 1 1 1
staticfield jdk/internal/misc/UnsafeConstants ADDRESS_SIZE0 I 8
staticfield jdk/internal/misc/UnsafeConstants PAGE_SIZE I 4096
staticfield jdk/internal/misc/UnsafeConstants BIG_ENDIAN Z 0
staticfield jdk/internal/misc/UnsafeConstants UNALIGNED_ACCESS Z 1
staticfield jdk/internal/misc/UnsafeConstants DATA_CACHE_LINE_FLUSH_SIZE I 0
instanceKlass java/lang/invoke/DelegatingMethodHandle
instanceKlass java/lang/invoke/BoundMethodHandle
instanceKlass java/lang/invoke/DirectMethodHandle
ciInstanceKlass java/lang/invoke/MethodHandle 1 1 644 100 1 9 7 12 1 1 1 10 7 12 1 1 1 10 7 12 1 1 1 7 1 7 1 10 12 1 1 9 12 1 1 10 12 1 10 12 1 1 10 12 1 1 10 100 12 1 1 1 10 12 1 1 10 12 1 1 11 100 12 1 1 1 10 12 1 1 10 12 1 10 12 1 9 12 1 1 10 12 1 1 100 1 100 1 10 8 1 10 12 1 1 10 12 1 8 1 10 12 1 1 10 12 1 10 7 12 1 1 1 10 12 1 10 12 1 1 10 12 1 1 10 12 1 1 10 12 1 1 10 7 12 1 1 1 10 100 12 1 1 1 7 1 10 12 1 1 10 12 1 1 10 12 1 1 8 1 10 7 12 1 1 1 8 1 10 12 1 1 10 12 1 1 10 12 1 1 10 12 1 8 1 10 12 1 1 8 1 10 12 1 8 1 10 100 12 1 1 1 9 12 1 1 100 1 10 9 100 12 1 1 1 9 100 1 8 1 10 12 1 1 10 12 1 10 12 1 1 10 12 1 10 12 1 1 10 12 1 10 12 1 1 10 12 1 10 12 1 1 10 12 1 1 8 1 10 12 1 1 8 1 10 12 1 10 12 1 1 10 12 1 10 12 1 10 12 1 1 9 100 12 1 1 1 10 12 1 1 11 12 1 10 12 1 10 12 1 1 10 100 12 1 1 1 100 1 11 12 1 10 100 1 11 12 1 100 1 10 12 1 11 12 1 9 100 12 1 1 1 11 12 1 1 11 100 12 1 1 1 10 12 1 1 9 12 1 11 12 1 9 12 1 9 12 1 9 12 1 11 12 1 1 9 12 1 9 12 1 9 12 1 9 12 1 9 12 1 9 12 1 9 12 1 8 1 10 12 1 10 12 1 8 1 10 12 1 10 12 1 10 10 7 12 1 1 10 12 1 1 100 1 8 1 10 12 1 1 10 12 1 1 10 12 1 10 12 1 100 1 10 100 12 1 1 1 10 12 1 9 7 12 1 1 1 10 12 1 1 10 12 1 1 8 1 9 12 1 9 12 1 1 9 12 1 1 10 12 1 7 1 10 12 1 10 12 1 1 9 12 1 1 9 12 1 1 10 7 12 1 1 1 11 7 12 1 1 9 12 1 10 12 1 1 10 12 1 9 12 1 10 12 1 8 10 12 1 1 8 1 1 1 1 1 1 100 1 1 1 1 1 1 1 1 1 1 1 1 1 1 1 1 1 1 1 1 1 1 1 1 1 1 1 1 1 1 1 1 1 1 1 1 1 1 1 1 1 1 1 1 1 1 1 1 1 1 1 1 1 1 1 1 1 1 1 1 1 1 1 1 1 1 1 1 1 100 1 1 1 1 1 1 1 1 1 100 1 1 1 1 1 1 1 1 1 1 1 1 1 1 1 1 1 1 1 1 1 1 1 1 1 1 1 100 1 1 100 1 1 100 1 1 1 1
staticfield java/lang/invoke/MethodHandle FORM_OFFSET J 20
staticfield java/lang/invoke/MethodHandle UPDATE_OFFSET J 13
staticfield java/lang/invoke/MethodHandle $assertionsDisabled Z 1
ciInstanceKlass jdk/internal/reflect/CallerSensitive 1 1 17 100 1 100 1 100 1 1 1 1 1 1 1 1 1 1 1
ciInstanceKlass jdk/internal/reflect/NativeConstructorAccessorImpl 1 1 126 10 7 12 1 1 1 9 7 12 1 1 1 9 12 1 1 10 7 12 1 1 1 10 7 12 1 1 1 10 7 12 1 1 1 9 12 1 9 12 1 1 9 12 1 1 10 7 12 1 1 1 7 1 10 10 12 1 1 10 12 1 10 12 1 10 12 1 1 9 12 1 1 10 7 12 1 1 1 100 1 10 12 1 1 10 12 1 1 8 10 12 1 1 1 1 1 1 1 1 1 1 1 1 1 1 1 1 1 1 1 1 1 1 100 1 100 1 100 1 1 1 1 1 1 1
staticfield jdk/internal/reflect/NativeConstructorAccessorImpl U Ljdk/internal/misc/Unsafe; jdk/internal/misc/Unsafe
staticfield jdk/internal/reflect/NativeConstructorAccessorImpl GENERATED_OFFSET J 16
instanceKlass java/lang/invoke/DirectMethodHandle$Special
instanceKlass java/lang/invoke/DirectMethodHandle$Interface
instanceKlass java/lang/invoke/DirectMethodHandle$Constructor
instanceKlass java/lang/invoke/DirectMethodHandle$Accessor
ciInstanceKlass java/lang/invoke/DirectMethodHandle 1 1 940 7 1 7 1 100 1 7 1 7 1 10 7 12 1 1 1 10 7 12 1 1 1 100 1 10 12 1 10 12 1 1 10 7 12 1 1 10 12 1 1 10 12 1 10 12 1 7 1 10 12 1 1 10 12 1 1 10 12 1 10 12 1 1 10 7 12 1 1 1 10 12 1 9 12 1 1 100 1 10 9 12 1 1 9 12 1 10 12 1 10 12 1 10 12 1 1 10 12 1 10 12 1 10 12 1 10 7 12 1 1 1 10 12 1 10 12 1 1 8 1 10 12 1 1 7 1 10 12 1 7 1 10 10 12 1 10 12 1 10 12 1 10 7 12 1 1 1 10 12 1 1 100 1 10 12 1 10 12 1 7 1 10 12 1 10 12 1 1 10 12 1 1 10 12 1 8 10 100 12 1 1 1 10 12 1 10 12 1 10 12 1 1 10 12 1 9 7 12 1 1 1 7 1 10 12 1 10 7 12 1 1 1 10 12 1 10 12 1 1 9 12 1 1 100 1 10 8 1 10 12 1 1 10 12 1 10 12 1 10 10 12 1 10 12 1 10 12 1 10 12 1 10 12 1 1 10 12 1 10 12 1 1 10 12 1 10 12 1 1 10 10 7 12 1 1 1 10 12 1 10 12 1 1 10 12 1 10 12 1 1 8 1 9 7 12 1 1 1 8 1 9 12 1 9 12 1 8 1 9 12 1 9 12 1 8 1 9 12 1 9 12 1 8 1 10 12 1 10 12 1 1 9 12 1 1 7 1 10 12 1 1 100 1 10 7 12 1 1 1 10 12 1 1 10 12 1 10 12 1 1 7 1 10 12 1 1 10 12 1 10 12 1 1 7 1 10 12 1 1 10 7 12 1 1 1 10 12 1 10 12 1 10 12 1 9 12 1 1 10 7 1 9 12 9 12 1 10 7 12 1 1 1 10 12 1 7 1 7 1 7 1 9 12 1 1 10 7 12 1 10 12 1 1 10 12 1 100 1 10 12 1 10 12 1 1 9 7 12 1 1 1 10 12 1 1 7 1 10 7 12 1 1 1 10 12 1 10 12 1 8 1 9 12 1 9 12 1 10 12 1 9 12 1 1 10 100 12 1 1 1 9 12 1 1 9 12 1 1 10 12 1 10 12 1 10 12 1 10 12 1 10 12 1 1 10 12 1 10 7 12 1 1 9 12 1 10 12 1 10 12 1 10 12 1 10 12 1 1 10 12 1 1 9 12 1 1 10 12 1 1 9 7 12 1 1 1 9 12 1 9 12 1 9 12 1 9 12 1 9 12 1 9 12 1 9 12 1 9 12 1 9 12 1 9 12 1 9 12 1 9 12 1 9 12 1 9 12 1 9 12 1 9 12 1 9 12 1 9 12 1 9 12 1 9 12 1 9 12 1 9 12 1 9 12 1 9 12 1 9 12 1 9 12 1 9 12 1 9 12 1 9 12 1 9 12 1 9 12 1 9 12 1 9 12 1 9 12 1 9 12 1 9 12 1 8 1 9 12 1 1 9 12 1 1 10 12 1 10 12 1 1 9 7 1 10 12 1 9 12 1 1 10 12 10 12 1 10 12 1 10 12 1 10 8 1 8 1 8 1 8 1 10 12 1 1 9 12 1 1 10 12 1 10 100 12 1 1 1 8 9 12 1 1 10 12 1 1 8 1 8 8 9 12 1 8 1 8 8 8 8 8 1 8 10 12 1 10 12 1 8 1 8 1 10 12 1 10 12 1 10 12 1 10 12 1 1 7 1 1 1 1 3 1 3 1 3 1 3 1 3 1 3 1 3 1 3 1 3 1 3 1 1 1 1 1 1 1 1 1 1 3 1 3 1 1 1 1 3 1 1 1 1 1 1 1 1 1 1 1 1 1 1 1 1 1 1 1 1 1 1 1 1 1 1 1 1 1 1 1 1 1 1 1 1 1 1 1 1 1 1 1 1 1 1 1 1 1 1 1 1 1 1 1 1 100 1 1 1 1 1 1 1 1 1 1 1 1 100 1 1 1 1 1 1 1 1 1 1 1 1 1 1 1 1 1 1 1 1 1 1 1 1 1 1 1 1 1 1 1 1 1 1 1 1 1 1 1 1 1 1 1 1 1 1 1 1 1 1 1
staticfield java/lang/invoke/DirectMethodHandle IMPL_NAMES Ljava/lang/invoke/MemberName$Factory; java/lang/invoke/MemberName$Factory
staticfield java/lang/invoke/DirectMethodHandle FT_UNCHECKED_REF I 8
staticfield java/lang/invoke/DirectMethodHandle ACCESSOR_FORMS [Ljava/lang/invoke/LambdaForm; 132 [Ljava/lang/invoke/LambdaForm;
staticfield java/lang/invoke/DirectMethodHandle ALL_WRAPPERS [Lsun/invoke/util/Wrapper; 10 [Lsun/invoke/util/Wrapper;
staticfield java/lang/invoke/DirectMethodHandle NFS [Ljava/lang/invoke/LambdaForm$NamedFunction; 12 [Ljava/lang/invoke/LambdaForm$NamedFunction;
staticfield java/lang/invoke/DirectMethodHandle OBJ_OBJ_TYPE Ljava/lang/invoke/MethodType; java/lang/invoke/MethodType
staticfield java/lang/invoke/DirectMethodHandle LONG_OBJ_TYPE Ljava/lang/invoke/MethodType; java/lang/invoke/MethodType
staticfield java/lang/invoke/DirectMethodHandle $assertionsDisabled Z 1
ciInstanceKlass java/lang/Void 1 1 31 10 100 12 1 1 1 8 1 10 7 12 1 1 1 9 7 12 1 1 1 1 1 1 1 1 1 1 1 1 1
staticfield java/lang/Void TYPE Ljava/lang/Class; java/lang/Class
ciInstanceKlass java/lang/invoke/LambdaForm 1 1 1052 100 1 9 7 12 1 1 1 10 7 12 1 1 1 10 7 12 1 1 9 12 1 1 9 12 1 1 10 12 1 1 100 1 10 9 12 1 10 12 1 1 9 12 1 10 7 12 1 1 1 9 12 1 9 12 1 9 12 1 1 9 12 1 10 12 1 1 7 1 10 12 1 10 100 12 1 1 1 10 100 12 1 1 1 10 12 1 10 12 1 1 9 100 12 1 1 1 10 12 1 1 9 12 1 10 12 1 1 10 12 1 10 12 1 1 10 12 1 1 10 100 12 1 1 1 7 1 10 10 12 1 1 8 1 10 12 1 10 12 1 10 12 1 1 7 1 10 7 12 1 1 1 10 12 1 1 10 12 1 10 12 1 1 9 12 1 1 9 12 1 9 12 1 1 10 12 1 9 12 1 10 100 12 1 1 1 10 12 1 1 10 12 1 9 12 1 1 10 100 12 1 1 1 10 12 1 10 12 1 10 12 1 10 12 1 10 12 1 10 12 1 1 10 12 1 10 12 1 1 8 1 10 12 1 10 12 1 8 1 8 1 9 12 1 9 12 1 9 12 1 1 10 12 1 1 10 12 1 9 12 1 10 12 1 1 10 7 12 1 1 1 10 12 1 1 10 12 1 10 12 1 10 12 1 1 9 12 1 10 12 1 8 1 8 1 8 1 8 1 8 1 8 1 8 1 8 1 10 12 1 9 12 1 7 1 10 12 1 1 9 12 1 10 12 1 10 12 1 1 10 12 10 12 1 10 12 1 1 10 12 1 1 10 10 12 1 1 10 12 1 1 7 1 8 1 10 12 1 1 10 12 1 10 12 1 1 10 8 1 10 12 1 1 8 1 8 1 8 1 10 12 1 9 12 1 1 10 12 1 1 10 12 1 1 100 1 10 12 1 1 10 12 1 10 7 12 1 1 1 10 12 1 1 9 12 1 1 8 1 10 100 12 1 1 1 10 7 12 1 1 10 12 10 10 12 1 1 9 12 1 8 10 12 1 1 100 1 10 12 1 1 10 12 1 9 7 12 1 1 9 12 1 1 8 1 10 100 12 1 1 10 12 1 1 100 1 100 1 10 10 12 1 1 10 12 1 1 8 1 8 1 100 1 8 1 10 12 10 12 1 10 12 1 10 12 1 1 8 1 8 1 9 100 12 1 1 1 10 12 1 10 12 1 1 8 1 8 1 8 1 100 1 8 1 100 1 8 1 100 1 8 1 10 12 1 8 1 9 10 7 12 1 1 1 10 12 1 9 12 1 1 10 12 1 10 10 12 1 10 12 1 10 12 1 10 12 1 1 10 12 1 10 12 1 1 10 12 1 1 10 12 1 1 8 1 100 10 12 1 10 12 1 9 12 1 1 10 7 12 1 1 8 1 8 1 100 1 8 1 8 1 8 1 8 1 8 1 8 1 8 1 8 1 10 12 1 1 10 12 1 1 10 12 1 10 12 1 8 1 8 1 8 1 10 12 1 8 1 10 12 1 8 1 8 1 8 1 8 1 8 1 10 12 1 10 12 1 10 12 1 1 10 7 12 1 1 1 10 12 1 10 12 1 10 12 1 10 12 1 10 12 1 10 12 1 10 12 1 9 12 1 1 8 1 10 12 1 1 9 12 1 1 10 12 1 1 9 12 1 9 12 1 1 9 12 1 9 12 1 1 7 1 10 7 12 1 1 1 9 12 1 10 12 1 10 12 1 8 1 10 12 1 9 12 1 1 7 1 10 7 12 1 1 1 8 1 100 1 10 12 1 9 12 1 9 12 1 10 12 1 10 12 1 10 7 12 1 1 1 10 12 1 9 7 12 1 1 10 12 1 1 10 12 1 10 12 1 9 12 10 12 1 10 10 12 1 9 9 12 1 7 9 12 1 1 10 12 1 1 9 12 1 10 12 1 10 7 1 9 1 1 1 1 3 1 3 1 3 1 1 1 1 1 1 1 1 1 1 1 1 1 1 1 1 1 1 1 1 1 1 1 1 1 1 1 1 1 1 1 1 1 1 1 1 1 1 1 1 1 1 1 1 1 1 1 1 1 1 1 1 1 1 1 1 100 1 1 1 1 1 1 1 1 1 1 1 1 1 1 1 1 1 1 1 1 1 1 1 1 1 1 1 1 1 1 1 1 1 1 1 1 1 1 1 1 1 1 1 1 1 1 1 1 1 1 1 1 1 1 1 1 1 1 1 100 1 1 1 1 1 1 1 1 1 1 1 1 1 1 1 1 1 1 1 1 1 1 1 1 1 1 1 1 1 1 1 1 1 1 100 1 1 1 1 1 1 1 1 1 1 1 1 1 1 1 1 1 1 1 1 1 1 100 1 1 1 100 1 1 100 1 1 1 1 1 1 1 1 1 1 1
staticfield java/lang/invoke/LambdaForm COMPILE_THRESHOLD I 0
staticfield java/lang/invoke/LambdaForm INTERNED_ARGUMENTS [[Ljava/lang/invoke/LambdaForm$Name; 5 [[Ljava/lang/invoke/LambdaForm$Name;
staticfield java/lang/invoke/LambdaForm IMPL_NAMES Ljava/lang/invoke/MemberName$Factory; java/lang/invoke/MemberName$Factory
staticfield java/lang/invoke/LambdaForm LF_identity [Ljava/lang/invoke/LambdaForm; 6 [Ljava/lang/invoke/LambdaForm;
staticfield java/lang/invoke/LambdaForm LF_zero [Ljava/lang/invoke/LambdaForm; 6 [Ljava/lang/invoke/LambdaForm;
staticfield java/lang/invoke/LambdaForm NF_identity [Ljava/lang/invoke/LambdaForm$NamedFunction; 6 [Ljava/lang/invoke/LambdaForm$NamedFunction;
staticfield java/lang/invoke/LambdaForm NF_zero [Ljava/lang/invoke/LambdaForm$NamedFunction; 6 [Ljava/lang/invoke/LambdaForm$NamedFunction;
staticfield java/lang/invoke/LambdaForm createFormsLock Ljava/lang/Object; java/lang/Object
staticfield java/lang/invoke/LambdaForm DEBUG_NAME_COUNTERS Ljava/util/HashMap; null
staticfield java/lang/invoke/LambdaForm DEBUG_NAMES Ljava/util/HashMap; null
staticfield java/lang/invoke/LambdaForm TRACE_INTERPRETER Z 0
staticfield java/lang/invoke/LambdaForm $assertionsDisabled Z 1
ciInstanceKlass java/lang/invoke/MethodHandleNatives 1 1 684 100 1 10 7 12 1 1 1 9 7 12 1 1 1 10 12 1 1 100 1 10 10 12 1 1 10 12 1 10 12 1 8 1 8 1 8 1 8 1 8 1 8 1 8 1 8 1 8 1 8 1 10 12 1 1 7 1 10 7 12 1 1 1 10 100 12 1 1 1 7 1 10 10 12 1 1 8 1 10 12 1 8 1 10 12 1 1 8 1 10 12 1 1 9 100 12 1 1 1 8 1 10 100 12 1 1 1 100 1 10 12 100 1 100 1 8 1 7 1 10 10 12 1 7 1 9 7 12 1 1 10 12 1 1 10 12 1 10 7 12 1 1 1 7 1 10 12 1 1 10 7 12 1 1 1 10 12 1 10 12 1 1 10 12 1 1 9 12 1 8 1 10 12 1 8 1 10 12 1 8 1 8 1 8 1 100 1 10 12 1 8 1 10 12 1 1 10 12 1 10 7 12 1 1 1 100 1 8 1 10 100 12 1 1 1 7 1 8 1 10 12 1 8 1 8 1 8 1 8 1 8 1 10 12 1 1 10 12 1 1 10 12 1 10 12 1 1 10 12 1 1 7 1 10 12 1 100 1 100 1 10 12 1 10 12 1 8 1 8 1 10 10 12 1 1 10 12 1 1 8 1 10 100 12 1 1 1 8 1 8 1 10 12 1 1 10 7 12 1 1 1 100 1 10 12 1 1 7 1 9 12 1 1 10 7 12 1 1 1 10 10 12 1 9 12 1 10 12 1 1 9 12 1 9 12 1 10 12 1 1 10 12 1 10 12 1 1 7 1 7 1 10 12 1 1 10 12 1 10 12 1 1 10 7 12 1 1 1 10 12 1 8 1 10 12 1 10 12 1 10 12 1 1 10 12 1 10 7 12 1 1 1 10 12 1 1 100 1 8 1 10 9 7 12 1 1 1 10 12 1 1 10 12 1 1 100 1 10 12 1 1 10 12 1 1 100 1 100 1 10 10 100 1 100 1 10 100 1 10 10 12 1 1 10 100 1 10 12 1 10 12 1 10 12 1 1 10 12 1 1 10 12 1 1 10 12 1 10 12 1 1 10 8 1 100 1 10 12 1 10 12 1 10 12 1 10 12 1 10 12 1 1 10 12 1 9 12 1 1 10 7 12 1 1 1 9 12 1 1 11 7 12 1 1 1 10 12 1 10 12 1 10 10 12 1 10 7 12 1 1 1 1 1 1 1 1 1 1 1 1 1 1 1 100 1 1 1 1 1 1 1 1 1 1 1 1 1 1 1 1 1 1 1 1 1 1 1 1 1 1 1 1 1 1 1 1 1 1 1 1 1 1 1 1 1 1 1 1 1 1 1 1 1 1 1 1 1 1 1 1 1 1 1 1 1 1 1 1 1 1 1 1 1 1 1 1 1 1 1 1 1 1 1 1 1 1 1 1 1 1 1 1 1 1 1 1 1 1 1 1 1 1 100 1 1 1 1 1 1 1 1 1 1 1 1 1 1 1 1 1 1 1 1 1 1 1 1 1 1 1 1 100 1 1 1 1 1 1 1 100 1 1 1
staticfield java/lang/invoke/MethodHandleNatives JLA Ljdk/internal/access/JavaLangAccess; java/lang/System$2
staticfield java/lang/invoke/MethodHandleNatives $assertionsDisabled Z 1
ciInstanceKlass jdk/internal/reflect/ConstantPool 1 1 142 10 100 12 1 1 1 9 7 12 1 1 1 10 12 1 1 10 12 1 1 10 12 1 10 12 1 1 10 12 1 1 10 12 1 10 12 1 1 10 12 1 10 12 1 1 10 12 1 10 12 1 10 12 1 10 12 1 1 10 12 1 1 10 12 1 1 10 12 1 1 10 12 1 10 12 1 1 10 100 12 1 1 1 8 11 7 12 1 1 1 10 7 12 1 1 1 1 1 1 1 1 1 1 1 1 1 1 1 1 1 1 1 1 1 1 1 1 1 1 1 1 1 1 1 1 1 1 1 1 1 1 1 1 1 1 1 1 1 1 1 1
instanceKlass jdk/internal/reflect/UnsafeQualifiedStaticFieldAccessorImpl
instanceKlass jdk/internal/reflect/UnsafeStaticObjectFieldAccessorImpl
ciInstanceKlass jdk/internal/reflect/UnsafeStaticFieldAccessorImpl 1 1 47 10 7 12 1 1 1 9 7 12 1 1 1 10 7 12 1 1 1 9 12 1 1 8 11 7 12 1 1 1 10 7 12 1 1 1 1 1 1 1 1 1 1 1 1 1 1
instanceKlass jdk/internal/reflect/UnsafeFieldAccessorImpl
ciInstanceKlass jdk/internal/reflect/FieldAccessorImpl 1 1 59 10 7 12 1 1 1 100 1 100 1 1 1 1 1 1 1 1 1 100 1 1 1 1 1 1 1 1 1 1 1 1 1 1 1 1 1 1 1 100 1 1 1 1 1 1 1 1 1 1 1 1 1 1 1 1 1 1 1
instanceKlass jdk/internal/reflect/UnsafeStaticFieldAccessorImpl
ciInstanceKlass jdk/internal/reflect/UnsafeFieldAccessorImpl 1 1 254 10 7 12 1 1 1 9 7 12 1 1 1 10 7 12 1 1 1 10 7 12 1 1 1 9 12 1 1 10 7 12 1 1 1 9 12 1 1 10 12 1 10 12 1 9 12 1 10 12 1 1 10 100 12 1 1 10 100 12 1 1 1 10 12 1 1 100 1 10 10 12 1 1 10 12 1 1 8 1 10 10 12 1 100 1 8 1 10 12 1 8 1 10 12 1 8 1 10 12 1 100 1 10 12 1 1 10 8 1 10 12 1 1 8 1 10 100 12 1 1 8 1 10 100 12 1 1 8 1 10 100 12 1 1 8 1 10 100 12 1 1 8 1 10 100 12 1 1 8 1 10 100 12 1 1 8 1 10 100 12 1 1 8 1 10 100 12 1 1 10 12 1 1 8 1 8 1 8 1 8 1 8 1 8 1 10 100 12 1 1 1 8 1 8 1 8 1 10 12 10 12 1 1 1 1 1 1 1 1 1 1 1 1 1 1 1 1 1 1 1 1 1 1 1 1 1 1 1 1 1 1 1 1 1 1 1 1 1 1 1 1 1 1 1 1 1 1 1 1 1 1 1 1
staticfield jdk/internal/reflect/UnsafeFieldAccessorImpl unsafe Ljdk/internal/misc/Unsafe; jdk/internal/misc/Unsafe
ciInstanceKlass java/lang/invoke/ConstantCallSite 1 1 65 10 7 12 1 1 1 9 7 12 1 1 1 9 12 1 1 10 7 12 1 1 1 10 12 1 100 1 10 12 9 12 1 1 100 1 10 10 12 1 1 10 12 1 1 1 1 1 1 1 1 1 1 1 1 1 100 1 1 1 1 1 1 1 1
staticfield java/lang/invoke/ConstantCallSite UNSAFE Ljdk/internal/misc/Unsafe; jdk/internal/misc/Unsafe
ciInstanceKlass java/lang/invoke/MutableCallSite 0 0 63 10 100 12 1 1 1 10 12 1 9 100 12 1 1 1 10 12 1 10 12 1 1 9 12 1 1 10 100 12 1 1 1 10 100 12 1 1 1 10 12 1 1 1 1 1 1 1 1 1 1 1 1 1 1 1 1 1 1 100 1 1 1
instanceKlass java/lang/invoke/VarHandleInts$FieldInstanceReadOnly
instanceKlass java/lang/invoke/VarHandleLongs$FieldInstanceReadOnly
instanceKlass java/lang/invoke/VarHandleReferences$FieldInstanceReadOnly
ciInstanceKlass java/lang/invoke/VarHandle 1 1 390 10 7 12 1 1 1 10 7 12 1 1 9 12 1 1 9 12 1 1 100 1 10 8 1 10 12 1 1 10 7 12 1 1 1 10 12 1 1 10 100 12 1 1 1 9 100 12 1 1 1 10 12 1 1 10 100 12 1 1 1 10 12 1 1 9 12 1 10 12 1 9 12 1 1 10 100 12 1 1 10 12 1 9 100 12 1 1 1 9 12 1 1 10 12 1 1 100 1 100 1 10 8 1 10 12 1 1 10 12 1 8 1 10 12 1 10 12 1 10 12 1 1 9 100 12 1 1 1 10 12 1 10 12 1 1 10 12 1 10 10 100 12 1 1 1 10 12 1 1 10 12 1 1 10 100 12 1 1 1 10 100 12 1 1 1 10 100 12 1 1 1 9 12 1 1 10 9 12 1 1 10 12 1 10 12 1 10 12 1 1 10 12 1 10 100 12 1 1 1 9 12 1 1 10 12 1 1 9 12 1 10 12 1 10 12 1 10 100 12 1 1 100 1 10 9 7 12 1 1 1 9 12 1 1 10 7 12 1 1 1 10 12 1 10 12 1 10 12 1 10 12 1 10 12 1 10 12 1 1 7 1 10 10 7 12 1 1 1 9 12 1 1 8 10 12 1 1 7 1 10 12 1 1 100 1 1 1 1 1 1 1 1 1 1 1 1 1 1 1 1 1 1 1 1 1 1 1 1 1 1 1 1 1 1 1 1 1 1 1 1 1 1 1 1 1 1 1 1 1 1 1 1 1 1 1 1 1 1 1 1 1 1 1 1 1 1 1 1 1 1 1 1 1 1 1 1 1 1 1 1 1 1 1 1 1 1 1 1 1 1 1 1 1 100 1 100 1 100 1 1 1 1 1 1 1 100 1 1 1
staticfield java/lang/invoke/VarHandle AIOOBE_SUPPLIER Ljava/util/function/BiFunction; jdk/internal/util/Preconditions$1
staticfield java/lang/invoke/VarHandle VFORM_OFFSET J 16
staticfield java/lang/invoke/VarHandle $assertionsDisabled Z 1
ciInstanceKlass java/lang/invoke/MemberName 1 1 757 7 1 7 1 100 1 9 12 1 1 10 7 12 1 1 1 9 12 1 1 10 12 1 1 10 12 1 1 10 12 1 1 10 12 1 10 12 1 1 10 7 12 1 1 1 10 12 1 9 100 12 1 1 10 12 1 100 1 100 1 10 12 1 8 1 10 12 1 1 10 12 1 10 12 1 1 10 12 1 9 12 1 1 8 1 10 100 12 1 1 1 7 1 10 10 12 1 1 100 1 100 1 10 12 1 1 9 12 1 1 100 1 8 1 10 12 1 10 12 1 10 12 1 10 12 1 10 12 1 1 10 12 1 10 12 1 10 12 1 1 10 12 1 1 10 12 1 8 1 8 1 8 1 10 100 12 1 1 1 10 12 1 9 12 1 1 3 10 12 1 10 12 1 10 12 1 10 10 7 12 1 1 1 10 12 1 10 12 1 10 12 1 10 12 1 7 1 8 10 12 1 1 10 12 1 1 8 1 9 100 1 8 9 100 1 10 12 1 1 10 12 1 10 12 1 8 1 10 12 1 1 10 12 1 10 12 1 10 12 1 10 12 1 1 100 1 10 12 1 1 10 12 1 8 1 10 12 1 10 12 1 8 1 10 12 1 1 10 12 1 1 100 1 10 12 1 1 10 12 8 1 8 1 100 1 10 12 1 10 100 12 1 1 1 100 1 10 12 10 12 1 10 12 1 10 12 1 10 12 1 10 10 12 1 10 12 1 10 12 1 3 10 12 1 3 10 12 1 3 3 3 3 3 3 3 100 1 10 12 1 10 7 12 1 1 1 10 12 1 3 9 12 1 10 12 1 1 3 10 12 1 10 10 7 12 1 1 1 10 12 1 1 10 100 1 10 10 12 1 10 12 1 10 12 1 10 10 12 1 1 10 12 1 10 12 1 10 12 1 100 1 10 10 10 12 100 1 10 10 10 12 1 1 10 12 1 1 10 10 12 1 8 10 100 1 10 12 1 10 100 1 10 12 1 10 12 1 10 12 1 10 10 12 1 10 12 1 1 10 12 1 1 10 12 1 10 12 1 10 12 1 100 1 10 12 1 1 100 1 8 1 10 7 1 10 12 1 10 12 10 12 1 1 10 12 1 10 12 1 8 1 8 1 8 1 8 1 10 12 1 10 12 1 10 12 1 1 8 1 8 1 10 12 1 8 1 10 10 12 1 10 12 1 8 1 8 1 10 10 12 1 8 1 10 100 12 1 1 1 8 1 10 12 1 10 12 1 1 10 12 1 8 1 8 1 8 1 8 1 100 1 10 8 1 8 1 8 1 8 1 10 12 1 100 1 100 1 100 1 10 100 1 10 100 1 10 100 12 1 1 1 9 7 12 1 1 1 100 1 100 1 1 1 1 1 1 1 3 1 3 1 3 1 3 1 3 1 3 1 1 1 1 1 1 1 1 3 1 3 1 1 1 1 3 1 1 1 1 1 1 1 1 1 1 1 1 1 1 1 1 1 1 1 1 1 1 1 1 1 1 1 1 1 1 1 1 1 1 1 1 1 1 1 1 1 1 1 1 1 1 1 1 1 1 1 1 1 1 1 1 1 1 1 1 1 1 1 1 1 1 1 1 1 1 1 1 1 1 1 1 1 1 1 1 1 1 1 1 1 1 1 1 1 1 1 1 1 1 1 1 1 1 1 1 1 1 1 1 1 1 100 1 1 1 1 1 1 1 1 1 1 1 1 1 1 1
staticfield java/lang/invoke/MemberName $assertionsDisabled Z 1
ciInstanceKlass java/lang/invoke/ResolvedMethodName 1 1 16 10 100 12 1 1 1 100 1 1 1 1 1 1 1 1
ciInstanceKlass java/lang/StackWalker 0 0 235 9 100 12 1 1 1 10 100 12 1 1 1 100 1 10 100 12 1 1 1 10 12 1 1 11 100 12 1 1 1 10 12 1 1 10 12 1 1 10 12 1 1 100 1 8 1 10 12 1 10 12 1 10 12 1 10 100 12 1 1 9 12 1 1 9 12 1 1 9 12 1 1 9 12 1 1 10 12 1 1 9 12 1 1 10 100 12 1 1 1 11 12 1 1 100 1 8 1 10 10 100 12 1 1 9 12 1 1 10 12 1 1 10 100 12 1 1 1 10 100 12 1 1 1 18 12 1 1 100 1 8 1 10 10 12 1 1 10 100 12 1 1 1 9 100 12 1 1 11 100 12 1 1 1 10 12 1 1 1 1 1 1 1 1 1 1 1 1 1 1 1 1 1 1 1 1 1 1 1 1 1 1 1 1 1 1 1 1 1 1 1 1 1 1 1 1 1 1 1 1 1 1 1 1 1 1 1 100 1 1 15 10 100 12 1 1 1 16 15 10 12 16 1 1 1 1 1 1 1 100 1 100 1 1
ciInstanceKlass java/lang/StackStreamFactory$AbstractStackWalker 1 0 306 100 1 100 1 3 10 100 12 1 1 1 10 100 12 1 1 10 100 12 1 1 1 9 12 1 1 10 12 1 1 9 12 1 1 9 12 1 1 9 12 1 1 9 12 1 9 100 12 1 1 1 10 100 12 1 1 1 10 12 1 1 9 12 1 1 10 100 12 1 1 1 10 12 1 1 9 12 1 1 9 100 12 1 1 1 100 1 10 8 1 10 12 1 1 10 12 1 8 1 10 12 1 1 10 100 12 1 1 1 100 1 8 1 10 12 1 8 1 10 12 9 100 12 1 1 1 10 100 12 1 1 9 12 1 8 1 5 0 8 1 8 1 9 12 1 1 10 12 1 1 10 12 1 1 10 12 1 9 12 1 10 12 1 10 12 1 10 12 1 10 12 1 1 10 12 1 10 12 1 1 8 1 10 12 1 10 12 1 10 12 1 10 12 1 1 8 1 10 12 1 1 10 12 1 1 10 12 1 1 10 12 1 10 12 1 10 100 12 1 1 1 9 12 1 8 1 10 12 1 10 12 1 10 12 1 10 12 1 10 12 1 10 12 1 10 12 1 1 10 12 1 1 10 12 1 1 10 12 1 8 1 1 1 1 1 1 1 1 1 1 1 1 1 1 1 1 1 1 100 1 1 1 1 100 1 1 1 1 1 1 1 1 1 1 1 1 1 1 1 1 1 1 1 1 1
ciInstanceKlass jdk/internal/module/Modules 1 1 504 10 100 12 1 1 1 9 7 12 1 1 1 11 7 12 1 1 1 11 12 1 1 11 12 1 1 11 12 1 1 11 12 1 11 12 1 11 12 1 11 12 1 11 12 1 1 10 100 12 1 1 1 10 100 12 1 1 1 18 12 1 1 10 100 12 1 1 1 7 1 10 7 12 1 1 1 10 7 12 1 1 1 10 100 12 1 1 10 12 1 1 11 12 1 9 12 1 1 11 7 12 1 1 1 10 12 1 1 10 10 12 1 10 9 12 1 1 10 7 12 1 1 10 12 1 1 10 100 12 1 1 100 1 11 100 12 1 1 1 10 100 12 1 1 1 11 100 12 1 1 10 12 1 1 10 100 12 1 1 10 100 12 1 1 1 10 12 1 1 10 12 1 1 11 12 1 1 18 12 1 1 11 100 12 1 1 10 100 12 1 1 1 11 100 12 1 1 1 100 1 11 12 1 1 11 100 12 1 1 1 11 12 1 1 10 12 1 1 10 100 12 1 1 18 12 1 1 11 12 1 1 18 12 1 1 11 12 1 1 10 12 1 18 18 10 12 1 1 9 12 1 1 11 100 12 1 1 1 100 1 10 11 12 1 11 12 1 1 11 12 1 1 10 100 1 10 12 1 1 10 100 12 1 1 10 12 1 1 11 12 10 12 1 1 100 1 10 18 12 1 10 12 1 1 100 1 8 1 10 12 1 10 100 12 1 1 18 12 1 11 11 12 10 12 1 10 10 100 1 18 12 1 10 10 10 7 12 1 1 10 7 12 1 1 1 10 12 1 1 1 1 1 1 1 1 1 1 1 1 1 1 1 1 1 1 1 1 1 1 1 1 1 1 1 1 1 1 1 1 1 100 1 1 1 1 1 1 1 1 1 1 1 1 1 1 1 1 1 1 1 1 1 1 1 1 1 1 1 1 1 1 1 1 1 1 1 100 1 1 1 1 1 1 1 1 1 1 1 1 1 1 1 1 1 1 1 1 1 1 1 15 10 100 12 1 1 1 16 15 10 12 1 16 16 15 10 12 1 16 1 16 1 15 10 12 1 16 1 16 1 15 10 12 16 1 15 10 16 1 15 10 12 16 1 15 10 12 16 15 10 12 16 15 10 12 1 1 1 100 1 100 1 1
staticfield jdk/internal/module/Modules JLA Ljdk/internal/access/JavaLangAccess; java/lang/System$2
staticfield jdk/internal/module/Modules JLMA Ljdk/internal/access/JavaLangModuleAccess; java/lang/module/ModuleDescriptor$1
staticfield jdk/internal/module/Modules $assertionsDisabled Z 1
ciMethod java/util/Map containsKey (Ljava/lang/Object;)Z 0 0 1 0 -1
ciMethod java/util/Map put (Ljava/lang/Object;Ljava/lang/Object;)Ljava/lang/Object; 0 0 1 0 -1
ciMethod java/lang/String charAt (I)C 912 0 850517 0 -1
ciMethod java/lang/String <init> ([CIILjava/lang/Void;)V 554 0 4094 0 0
ciMethod java/lang/String <init> ([CII)V 564 0 3206 0 0
ciMethod java/lang/String equals (Ljava/lang/Object;)Z 652 0 9288 0 416
ciMethod java/lang/String rangeCheck ([CII)Ljava/lang/Void; 570 0 3247 0 0
ciMethod java/lang/String checkBoundsOffCount (III)V 776 0 7239 0 0
ciMethod java/lang/String substring (II)Ljava/lang/String; 518 0 12492 0 -1
ciMethod java/util/ArrayList add (Ljava/lang/Object;)Z 324 0 41622 0 -1
ciMethod java/util/ArrayList <init> ()V 3838 0 18770 0 -1
ciMethod java/util/ArrayList <init> (I)V 10 0 26608 0 -1
ciMethod java/lang/Object <init> ()V 1024 0 357667 0 64
ciInstanceKlass org/jacoco/agent/rt/internal_0e20598/asm/Attribute 1 1 155 1 100 1 100 1 1 100 1 1 1 1 1 1 1 1 1 1 12 10 12 9 1 1 1 1 1 1 1 1 100 1 1 12 10 1 7 1 100 1 1 12 10 1 12 10 12 9 1 1 1 1 1 1 1 1 1 1 1 1 12 10 1 1 1 12 10 1 1 1 1 12 10 1 1 1 1 1 1 1 1 12 10 12 9 1 12 9 1 100 1 1 12 10 1 1 1 1 12 9 1 1 1 1 12 10 1 1 1 7 12 9 1 1 12 10 1 1 1 12 10 1 8 1 8 3 1 8 1 1 1 1 1 12 10 1 1 1 12 10 1 12 10 1 1 12 10 1 1 1 1 1 1 1 1
instanceKlass org/jacoco/agent/rt/internal_0e20598/asm/tree/AnnotationNode
instanceKlass org/jacoco/agent/rt/internal_0e20598/asm/AnnotationWriter
ciInstanceKlass org/jacoco/agent/rt/internal_0e20598/asm/AnnotationVisitor 1 1 98 1 7 1 7 1 1 100 1 100 1 1 1 1 1 1 1 1 12 10 1 1 12 10 3 3 3 3 3 3 3 1 100 1 1 12 10 1 12 10 1 100 1 1 12 10 12 9 12 9 1 1 100 10 1 8 1 1 12 10 1 12 10 1 1 12 10 1 1 1 1 12 10 1 1 1 1 1 1 12 10 1 1 1 12 10 1 1 12 10 1 12 10 1 1 1 1 1
instanceKlass org/jacoco/agent/rt/internal_0e20598/core/internal/flow/LabelFlowAnalyzer
instanceKlass org/jacoco/agent/rt/internal_0e20598/asm/commons/AnalyzerAdapter
instanceKlass org/jacoco/agent/rt/internal_0e20598/core/internal/flow/MethodProbesAdapter
instanceKlass org/jacoco/agent/rt/internal_0e20598/core/internal/instr/ProbeInserter
instanceKlass org/jacoco/agent/rt/internal_0e20598/core/internal/instr/DuplicateFrameEliminator
instanceKlass org/jacoco/agent/rt/internal_0e20598/core/internal/flow/MethodProbesVisitor
instanceKlass org/jacoco/agent/rt/internal_0e20598/asm/tree/MethodNode
instanceKlass org/jacoco/agent/rt/internal_0e20598/asm/MethodWriter
ciInstanceKlass org/jacoco/agent/rt/internal_0e20598/asm/MethodVisitor 1 1 262 1 7 1 7 1 1 100 1 100 1 1 1 1 8 1 1 1 1 1 1 1 12 10 1 1 12 10 3 3 3 3 3 3 3 1 100 1 1 12 10 1 12 10 1 100 1 1 12 10 12 9 12 9 1 1 100 10 1 8 1 1 12 10 1 12 10 1 1 12 10 1 1 1 1 1 100 10 12 10 1 1 1 1 12 10 1 1 12 10 1 1 1 1 1 12 10 1 1 1 1 1 12 10 1 1 1 12 10 1 1 1 12 10 1 1 1 12 10 1 1 12 10 1 1 1 1 1 1 1 12 10 1 1 1 12 10 1 1 12 10 1 1 1 12 10 1 1 12 10 1 1 1 1 12 10 1 1 8 12 10 1 1 1 12 10 1 1 1 1 1 12 10 1 1 1 1 12 10 1 1 100 1 100 1 1 12 10 1 100 1 8 12 10 1 1 1 12 10 1 1 1 12 10 1 1 1 1 1 1 1 12 10 1 1 1 12 10 1 1 12 10 1 1 12 10 1 1 1 1 12 10 1 1 12 10 1 1 1 1 12 10 1 12 10 1 1 12 10 1 1 1 12 10 1 1 1 1 1 1 1 1
ciInstanceKlass org/jacoco/agent/rt/internal_0e20598/asm/ClassReader 1 1 1073 1 7 1 7 1 1 100 1 100 1 1 1 3 1 3 1 3 1 3 1 3 1 3 1 3 1 1 1 1 1 1 1 1 1 1 1 1 1 1 1 1 12 10 1 1 1 1 12 10 1 1 1 12 10 12 9 12 9 1 1 12 10 1 100 1 1 12 10 1 12 10 1 1 12 10 12 9 1 7 12 9 10 12 9 12 9 1 100 12 9 1 1 12 10 12 9 1 1 1 1 1 1 1 1 1 1 100 10 1 8 1 1 12 10 1 12 10 1 1 12 10 1 1 100 1 1 12 10 12 10 1 1 1 1 12 10 1 1 12 10 1 100 1 1 12 10 1 1 1 8 1 100 1 8 10 1 1 12 10 1 100 10 1 100 1 1 12 10 1 12 10 1 12 10 1 12 10 10 1 1 12 10 1 1 1 1 1 1 1 1 12 10 1 100 1 1 12 10 1 1 1 1 1 12 10 1 1 1 1 1 1 1 1 1 1 1 1 7 1 12 10 1 1 1 1 7 10 1 1 12 9 12 9 12 9 1 12 10 1 12 10 1 12 10 1 8 1 1 12 10 1 8 1 8 1 8 1 8 1 8 1 8 1 8 1 8 1 8 3 1 8 1 8 1 1 12 10 1 8 1 8 1 8 3 1 8 1 8 1 8 1 8 1 1 12 10 1 1 12 9 1 7 1 1 12 10 1 1 12 10 1 1 12 10 1 12 10 1 1 12 10 1 1 12 10 1 1 12 10 1 1 12 10 1 12 9 1 1 12 9 1 1 12 10 1 1 12 10 1 12 10 1 12 10 1 1 12 10 1 1 12 10 1 12 10 1 12 10 1 12 10 1 1 1 1 1 1 1 1 1 1 1 1 1 1 1 1 1 1 1 1 1 1 1 1 1 1 1 1 1 1 1 1 1 1 1 1 1 1 1 1 1 1 12 10 1 1 12 10 1 100 1 12 10 1 12 10 1 12 10 1 1 12 10 1 1 12 10 1 12 10 1 12 10 1 1 12 10 10 1 1 1 1 1 1 1 1 1 1 1 1 1 1 1 1 1 1 1 1 1 1 1 1 1 1 1 1 1 12 10 1 100 10 10 10 10 1 1 1 1 1 1 8 1 1 12 10 1 1 12 10 1 7 10 10 10 10 1 1 1 1 1 1 1 12 9 1 12 9 1 12 9 1 8 1 8 1 8 1 8 1 8 1 8 12 10 1 1 12 10 1 7 1 1 12 10 1 1 12 10 1 12 10 1 7 1 1 12 10 1 1 12 10 1 1 12 10 1 7 10 10 10 1 1 12 10 10 1 12 10 1 1 12 10 10 1 1 1 1 1 1 1 1 1 1 1 1 1 1 1 1 1 1 1 1 7 1 1 12 9 1 1 12 10 1 1 12 10 1 8 1 1 12 10 1 8 1 8 1 1 12 10 1 1 12 10 1 8 1 8 1 12 9 1 12 9 1 12 9 1 12 9 1 1 12 9 1 12 9 1 12 9 1 1 12 10 1 1 12 10 1 1 12 10 1 12 10 1 12 10 1 1 12 10 1 12 10 1 12 10 1 1 12 10 1 12 10 1 1 12 10 1 1 12 10 1 12 10 1 1 12 10 1 1 12 10 1 1 12 10 1 7 1 1 12 10 1 1 12 10 1 12 10 1 100 10 1 12 10 1 1 12 10 1 1 12 10 1 12 9 1 12 9 1 12 9 1 1 12 10 1 12 10 1 1 1 1 1 1 1 1 1 1 1 1 1 1 1 1 1 1 1 1 1 1 1 1 1 1 1 1 1 1 1 1 1 1 1 1 1 1 1 1 1 1 1 1 1 1 1 1 1 1 1 1 1 1 1 1 1 1 1 1 1 1 1 1 1 10 12 10 1 1 12 9 1 1 100 1 12 10 1 12 10 1 1 1 1 1 1 1 1 3 3 3 1 1 12 10 1 1 12 10 1 1 1 1 1 1 1 100 1 1 12 10 1 12 10 1 100 1 12 10 1 100 1 12 10 1 100 1 1 12 9 1 12 9 1 12 10 1 7 1 1 12 10 1 12 10 1 1 12 10 1 1 12 10 1 100 1 1 12 10 1 100 1 1 12 10 1 1 1 1 1 1 1 1 1 1 1 1 1 1 1 8 1 7 1 1 12 9 1 1 12 10 1 12 9 1 12 9 1 12 9 1 12 9 1 1 12 10 1 1 1 1 1 1 1 12 10 1 1 1 1 1 1 1 1 1 1 12 9 1 12 9 1 1 1 1 1 1 12 9 1 12 10 10 1 1 1 1 1 1 1 1 1 100 1 1 12 10 5 0 1 1 1 1 1 12 10 1 1 1 1 1 1 12 10 1 1 12 10 1 1 1 7 1 12 10 1 12 10 1 7 1 12 10 1 12 10 1 12 10 1 12 10 12 10 12 10 1 1
ciInstanceKlass org/jacoco/agent/rt/internal_0e20598/asm/Opcodes 1 1 473 1 7 1 100 1 1 1 3 1 3 1 3 1 3 1 3 1 3 1 3 1 1 3 1 1 3 1 3 1 3 1 3 1 3 1 3 1 3 1 3 1 3 1 3 1 3 1 3 1 3 1 3 1 3 1 3 1 3 1 3 1 3 1 3 1 3 1 3 1 3 1 3 1 3 1 3 1 3 1 3 1 3 1 3 1 3 1 3 1 1 1 1 1 1 1 3 1 1 1 3 1 3 1 3 1 3 1 3 1 3 1 3 1 1 3 1 3 1 1 3 1 3 1 3 1 1 3 1 3 1 3 1 1 1 3 1 1 1 1 1 1 1 3 1 3 1 1 1 1 1 1 1 1 1 1 1 1 1 1 1 1 1 1 1 1 1 1 1 1 1 3 1 3 1 3 1 3 1 1 3 1 3 1 3 1 3 1 3 1 3 1 3 1 1 1 1 1 1 1 1 1 1 1 1 1 1 3 1 3 1 3 1 3 1 3 1 3 1 3 1 3 1 3 1 3 1 3 1 3 1 3 1 3 1 3 1 3 1 3 1 3 1 3 1 3 1 3 1 3 1 3 1 3 1 3 1 3 1 3 1 3 1 3 1 3 1 3 1 3 1 3 1 3 1 3 1 3 1 3 1 3 1 3 1 3 1 3 1 3 1 3 1 3 1 3 1 3 1 3 1 3 1 3 1 1 3 1 3 1 3 1 3 1 3 1 3 1 3 1 3 1 3 1 3 1 3 1 3 1 3 1 3 1 3 1 3 1 3 1 3 1 3 1 3 1 3 1 3 1 3 1 3 1 3 1 3 1 3 1 3 1 3 1 3 1 3 1 3 1 3 1 3 1 3 1 3 1 3 1 3 1 3 1 3 1 3 1 3 1 3 1 3 1 3 1 3 1 3 1 3 1 3 1 3 1 3 1 3 1 3 1 3 1 3 1 3 1 3 1 3 1 3 1 3 1 3 1 3 1 3 1 3 1 3 1 3 1 3 1 3 1 3 1 3 1 1 1 7 1 1 12 10 12 9 12 9 12 9 12 9 12 9 12 9 12 9 1 1 1 1 1 1
staticfield org/jacoco/agent/rt/internal_0e20598/asm/Opcodes TOP Ljava/lang/Integer; java/lang/Integer
staticfield org/jacoco/agent/rt/internal_0e20598/asm/Opcodes INTEGER Ljava/lang/Integer; java/lang/Integer
staticfield org/jacoco/agent/rt/internal_0e20598/asm/Opcodes FLOAT Ljava/lang/Integer; java/lang/Integer
staticfield org/jacoco/agent/rt/internal_0e20598/asm/Opcodes DOUBLE Ljava/lang/Integer; java/lang/Integer
staticfield org/jacoco/agent/rt/internal_0e20598/asm/Opcodes LONG Ljava/lang/Integer; java/lang/Integer
staticfield org/jacoco/agent/rt/internal_0e20598/asm/Opcodes NULL Ljava/lang/Integer; java/lang/Integer
staticfield org/jacoco/agent/rt/internal_0e20598/asm/Opcodes UNINITIALIZED_THIS Ljava/lang/Integer; java/lang/Integer
instanceKlass org/jacoco/agent/rt/internal_0e20598/asm/commons/JSRInlinerAdapter
ciInstanceKlass org/jacoco/agent/rt/internal_0e20598/asm/tree/MethodNode 1 1 519 1 7 1 7 1 1 7 1 1 1 1 1 1 1 1 1 1 1 1 1 1 1 1 1 1 1 1 1 1 1 1 1 1 1 1 1 1 1 1 1 1 1 1 1 1 1 1 1 1 3 1 12 10 1 7 1 1 12 10 1 100 12 10 1 1 10 1 7 10 12 9 1 1 1 12 10 1 1 12 9 12 9 12 9 12 9 1 7 1 1 12 10 12 9 1 7 10 12 9 10 12 9 1 1 12 9 1 7 12 10 1 7 1 1 12 11 1 1 1 7 1 12 10 1 12 10 1 1 1 12 10 12 9 1 12 10 12 9 1 1 1 1 1 1 7 1 12 10 12 9 12 9 1 1 1 1 1 1 1 12 9 12 9 1 1 1 12 9 1 7 1 1 12 10 12 9 1 1 1 1 12 9 1 1 1 1 1 1 7 1 1 12 10 12 10 1 12 10 1 1 1 1 1 1 1 1 7 10 1 1 1 1 7 12 10 1 1 1 7 10 1 1 1 1 7 12 10 1 1 1 7 12 10 1 1 1 12 9 3 12 10 1 7 12 10 1 1 1 1 1 7 12 10 1 1 1 1 1 1 7 1 1 12 10 1 12 10 1 1 1 1 1 1 1 7 12 10 1 1 1 7 10 1 1 1 1 7 1 12 10 1 12 10 1 1 1 1 1 1 1 1 7 1 12 10 1 1 1 1 100 10 1 1 1 1 12 10 1 100 1 1 12 10 1 12 10 9 9 1 1 1 1 1 7 1 12 10 1 1 1 1 1 1 3 1 1 12 11 9 9 1 1 1 7 1 12 10 1 1 1 1 1 1 100 1 12 10 12 9 12 9 1 1 1 1 7 10 1 1 12 9 12 9 1 1 7 1 12 9 1 7 10 1 1 1 1 1 1 1 3 1 1 12 11 1 100 10 1 12 11 10 1 12 10 1 12 9 12 9 1 12 9 1 100 1 12 10 3 1 100 1 1 1 1 100 1 12 11 100 1 100 1 1 12 10 1 12 10 1 1 1 1 1 10 12 9 12 10 1 12 10 1 7 12 10 9 12 10 1 12 10 12 9 12 9 9 12 10 10 12 10 12 10 12 9 1 12 10 1 100 12 10 12 10 1 12 10 10 10 10 1 12 10 12 10 10 1 1 1 1 1 1 1 1 1 1 1 1
instanceKlass org/jacoco/agent/rt/internal_0e20598/core/internal/flow/MethodSanitizer
ciInstanceKlass org/jacoco/agent/rt/internal_0e20598/asm/commons/JSRInlinerAdapter 1 1 388 1 7 1 7 1 100 1 1 100 1 7 1 1 100 1 1 100 1 100 1 1 1 1 1 1 1 1 1 3 1 12 10 1 100 1 1 12 10 1 100 1 12 10 1 1 1 1 1 1 1 1 1 1 1 1 1 12 10 1 7 10 12 9 1 7 10 12 9 12 9 1 12 9 1 1 1 12 10 1 1 12 9 1 7 1 1 12 10 1 7 1 1 12 9 1 1 12 11 1 1 12 11 1 1 1 1 1 1 12 11 1 12 10 1 12 10 1 1 12 10 1 1 12 10 1 1 12 11 1 100 1 1 12 11 1 100 1 12 11 1 1 12 11 1 12 11 1 100 1 12 11 1 1 12 10 1 1 1 1 1 1 1 12 10 1 1 12 9 1 100 11 1 100 1 12 9 1 1 12 10 1 12 9 1 12 9 1 1 12 10 1 1 1 1 1 1 1 1 1 1 1 12 10 1 1 12 10 1 12 10 1 100 1 12 10 1 12 10 1 100 1 12 9 1 12 9 1 100 9 9 1 1 1 1 1 1 1 1 1 1 1 100 10 1 12 10 1 12 10 10 1 100 10 10 1 12 10 1 1 12 10 1 12 9 1 1 1 1 1 1 1 1 1 1 1 1 1 12 10 1 12 10 1 1 12 10 12 9 1 12 9 1 12 9 1 100 1 1 12 10 1 12 10 1 12 10 1 12 11 1 12 10 1 100 12 10 11 1 1 12 10 1 100 1 8 1 12 10 1 12 9 1 12 10 1 100 9 9 12 9 1 12 9 12 9 1 12 9 1 12 10 1 1 1 1 1 1 1 1 1 1 1 1 100 10 1 8 1 1 12 10 1 12 10 1 8 1 1 12 10 1 1 1 1 1 1 1
instanceKlass org/jacoco/agent/rt/internal_0e20598/core/internal/flow/ClassProbesAdapter$2
ciInstanceKlass org/jacoco/agent/rt/internal_0e20598/core/internal/flow/MethodSanitizer 1 1 47 1 100 1 7 1 1 1 3 1 12 10 1 1 1 1 1 1 1 1 1 1 1 1 1 1 1 7 1 1 12 9 12 10 1 1 1 1 1 1 12 10 1 1 1 1 1
ciInstanceKlass org/jacoco/agent/rt/internal_0e20598/core/internal/flow/ClassProbesAdapter$2 1 1 93 1 7 1 7 1 1 7 1 1 12 1 1 1 1 1 1 12 9 12 9 1 12 10 1 1 1 1 1 1 1 1 1 1 1 1 1 1 12 10 1 7 1 1 12 10 1 7 1 12 10 1 1 12 10 1 7 1 1 12 10 1 12 9 1 12 9 1 12 9 1 12 10 1 1 12 10 1 7 1 1 12 10 1 1 1 1 1 1 1 1 1 1
ciInstanceKlass org/jacoco/agent/rt/internal_0e20598/core/internal/instr/MethodInstrumenter 1 1 143 1 7 1 7 1 1 1 1 1 1 12 10 12 9 1 1 1 1 1 1 1 7 1 12 11 1 1 1 1 12 9 1 7 1 12 10 1 1 1 1 1 12 10 1 7 1 12 10 1 1 12 10 1 1 12 10 1 7 1 12 11 1 1 1 1 1 1 100 10 1 1 1 7 1 12 10 1 12 10 1 1 12 10 1 1 12 10 1 1 12 10 1 1 12 10 1 1 1 1 1 1 1 1 1 1 1 12 10 1 1 1 1 1 1 12 10 1 1 12 10 1 12 10 1 1 12 10 1 12 10 1 1 12 10 1 1 1 1 1 1 1 1
ciInstanceKlass org/jacoco/agent/rt/internal_0e20598/asm/Context 1 1 43 1 100 1 7 1 1 1 1 1 1 1 1 1 1 1 1 1 1 1 1 1 1 1 1 1 1 1 1 1 1 1 1 1 1 12 10 1 1 1 1 1 1
ciInstanceKlass org/jacoco/agent/rt/internal_0e20598/asm/Type 1 1 379 1 7 1 7 1 1 100 1 100 1 1 1 3 1 3 1 3 1 3 1 3 1 3 1 3 1 3 1 3 1 3 1 3 1 3 1 3 1 1 1 8 1 1 1 1 1 1 1 1 1 1 1 1 1 1 1 1 1 12 10 12 9 12 9 12 9 12 9 1 1 1 1 7 1 1 12 10 1 1 12 10 1 1 1 1 100 1 1 12 10 1 100 1 1 12 9 12 9 1 100 9 12 9 1 100 9 12 9 1 100 9 12 9 1 100 9 12 9 1 100 9 12 9 1 100 9 12 9 1 100 9 12 9 1 100 9 12 9 1 100 10 1 1 12 10 12 10 1 1 1 1 1 1 12 10 1 1 1 1 1 1 12 10 1 1 1 1 1 12 10 1 1 1 1 12 10 12 10 1 1 1 1 1 12 10 1 1 1 1 1 1 12 10 1 12 10 1 1 12 10 1 1 12 10 1 7 1 12 10 1 1 1 1 1 1 1 100 1 1 12 10 12 10 1 1 1 1 1 1 12 10 1 12 10 1 12 10 1 100 1 1 12 10 1 12 10 1 1 1 1 7 10 1 8 1 1 12 10 1 12 10 1 1 8 1 8 1 8 1 8 1 8 1 8 1 8 1 8 1 8 12 10 12 10 10 1 8 1 1 12 10 1 1 12 10 1 1 1 1 1 12 10 1 12 10 1 8 1 8 1 1 12 10 1 1 12 10 1 100 10 1 8 1 1 1 12 10 1 1 12 10 1 1 12 10 1 12 10 12 10 1 1 1 1 1 1 1 12 10 1 1 1 1 1 1 100 10 1 1 1 1 1 1 1 1 1 1 1 1 1 1 1 1 1 1 1 1 1
staticfield org/jacoco/agent/rt/internal_0e20598/asm/Type VOID_TYPE Lorg/jacoco/agent/rt/internal_0e20598/asm/Type; org/jacoco/agent/rt/internal_0e20598/asm/Type
staticfield org/jacoco/agent/rt/internal_0e20598/asm/Type BOOLEAN_TYPE Lorg/jacoco/agent/rt/internal_0e20598/asm/Type; org/jacoco/agent/rt/internal_0e20598/asm/Type
staticfield org/jacoco/agent/rt/internal_0e20598/asm/Type CHAR_TYPE Lorg/jacoco/agent/rt/internal_0e20598/asm/Type; org/jacoco/agent/rt/internal_0e20598/asm/Type
staticfield org/jacoco/agent/rt/internal_0e20598/asm/Type BYTE_TYPE Lorg/jacoco/agent/rt/internal_0e20598/asm/Type; org/jacoco/agent/rt/internal_0e20598/asm/Type
staticfield org/jacoco/agent/rt/internal_0e20598/asm/Type SHORT_TYPE Lorg/jacoco/agent/rt/internal_0e20598/asm/Type; org/jacoco/agent/rt/internal_0e20598/asm/Type
staticfield org/jacoco/agent/rt/internal_0e20598/asm/Type INT_TYPE Lorg/jacoco/agent/rt/internal_0e20598/asm/Type; org/jacoco/agent/rt/internal_0e20598/asm/Type
staticfield org/jacoco/agent/rt/internal_0e20598/asm/Type FLOAT_TYPE Lorg/jacoco/agent/rt/internal_0e20598/asm/Type; org/jacoco/agent/rt/internal_0e20598/asm/Type
staticfield org/jacoco/agent/rt/internal_0e20598/asm/Type LONG_TYPE Lorg/jacoco/agent/rt/internal_0e20598/asm/Type; org/jacoco/agent/rt/internal_0e20598/asm/Type
staticfield org/jacoco/agent/rt/internal_0e20598/asm/Type DOUBLE_TYPE Lorg/jacoco/agent/rt/internal_0e20598/asm/Type; org/jacoco/agent/rt/internal_0e20598/asm/Type
ciInstanceKlass org/jacoco/agent/rt/internal_0e20598/asm/Label 1 1 231 1 7 1 7 1 1 100 1 100 1 1 1 3 1 3 1 3 1 3 1 3 1 3 1 3 1 3 1 1 3 1 3 1 3 1 3 1 3 1 3 1 1 1 1 1 1 1 1 1 1 1 1 1 1 1 1 1 1 1 1 1 1 1 12 10 1 1 1 12 9 1 100 1 8 1 12 10 12 9 1 1 12 9 1 100 1 12 9 1 1 12 9 12 9 1 7 1 1 12 10 1 1 1 1 1 7 1 1 12 10 3 1 1 12 10 1 1 1 1 1 1 1 1 7 1 12 9 1 1 12 10 1 1 12 10 1 12 10 1 1 1 1 1 1 12 9 1 1 1 1 1 1 1 1 12 9 1 1 1 1 1 1 1 12 9 12 9 12 9 1 1 12 10 1 1 1 1 100 12 9 12 9 1 12 9 1 12 10 1 1 1 1 12 9 1 1 1 1 1 1 1 1 12 10 1 1 12 10 1 100 10 1 8 1 1 12 10 1 12 10 12 10 1 10 1 1 1 1 1 1
staticfield org/jacoco/agent/rt/internal_0e20598/asm/Label EMPTY_LIST Lorg/jacoco/agent/rt/internal_0e20598/asm/Label; org/jacoco/agent/rt/internal_0e20598/asm/Label
instanceKlass org/jacoco/agent/rt/internal_0e20598/asm/tree/FrameNode
instanceKlass org/jacoco/agent/rt/internal_0e20598/asm/tree/LdcInsnNode
instanceKlass org/jacoco/agent/rt/internal_0e20598/asm/tree/MethodInsnNode
instanceKlass org/jacoco/agent/rt/internal_0e20598/asm/tree/TypeInsnNode
instanceKlass org/jacoco/agent/rt/internal_0e20598/asm/tree/VarInsnNode
instanceKlass org/jacoco/agent/rt/internal_0e20598/asm/tree/FieldInsnNode
instanceKlass org/jacoco/agent/rt/internal_0e20598/asm/tree/InsnNode
instanceKlass org/jacoco/agent/rt/internal_0e20598/asm/tree/IntInsnNode
instanceKlass org/jacoco/agent/rt/internal_0e20598/asm/tree/JumpInsnNode
instanceKlass org/jacoco/agent/rt/internal_0e20598/asm/tree/LabelNode
instanceKlass org/jacoco/agent/rt/internal_0e20598/asm/tree/TableSwitchInsnNode
instanceKlass org/jacoco/agent/rt/internal_0e20598/asm/tree/InvokeDynamicInsnNode
instanceKlass org/jacoco/agent/rt/internal_0e20598/asm/tree/IincInsnNode
instanceKlass org/jacoco/agent/rt/internal_0e20598/asm/tree/LookupSwitchInsnNode
instanceKlass org/jacoco/agent/rt/internal_0e20598/asm/tree/MultiANewArrayInsnNode
instanceKlass org/jacoco/agent/rt/internal_0e20598/asm/tree/LineNumberNode
ciInstanceKlass org/jacoco/agent/rt/internal_0e20598/asm/tree/AbstractInsnNode 1 1 157 1 7 1 7 1 1 1 3 1 3 1 3 1 3 1 3 1 3 1 3 1 3 1 3 1 3 1 3 1 3 1 3 1 3 1 3 1 3 1 1 1 1 1 1 1 1 1 1 1 1 12 10 12 9 12 9 1 1 1 1 1 1 12 9 1 12 9 1 1 1 12 9 1 100 1 12 11 1 1 12 11 1 100 1 12 9 1 1 12 9 1 1 12 9 1 100 1 1 12 10 1 12 10 12 9 1 1 1 1 1 1 1 1 1 1 1 1 100 1 12 11 1 100 1 1 1 1 1 1 1 1 1 1 1 1 1 1 100 10 1 12 10 1 1 12 11 1 1 1 1 1 1 1 1 1 1
ciInstanceKlass org/jacoco/agent/rt/internal_0e20598/asm/tree/LineNumberNode 1 1 56 1 7 1 7 1 1 1 1 1 1 1 1 12 10 12 9 12 9 1 1 1 1 1 1 1 7 1 1 12 10 1 7 1 1 12 10 1 1 1 1 1 1 12 10 12 10 1 1 1 1 1 1 1 1 1
ciInstanceKlass org/jacoco/agent/rt/internal_0e20598/asm/tree/LookupSwitchInsnNode 1 1 108 1 7 1 7 1 1 1 1 1 1 1 1 1 1 1 12 10 12 9 1 7 1 1 12 10 12 9 1 12 10 12 9 1 1 1 1 1 1 1 1 1 7 1 12 11 1 1 12 11 1 7 1 12 10 1 7 1 7 1 1 12 10 1 7 1 1 12 10 1 12 10 1 1 1 1 1 1 1 1 1 1 1 1 12 10 1 12 10 12 10 1 1 12 11 1 1 12 10 1 1 1 1 1 1 1 1 1
ciInstanceKlass org/jacoco/agent/rt/internal_0e20598/asm/tree/IincInsnNode 1 1 53 1 7 1 7 1 1 1 1 1 1 1 12 10 12 9 12 9 1 1 1 1 1 1 1 1 7 1 12 10 1 12 10 1 1 1 1 1 12 10 1 1 12 10 1 1 1 1 1 1 1 1 1
ciInstanceKlass org/jacoco/agent/rt/internal_0e20598/asm/tree/InvokeDynamicInsnNode 1 1 63 1 7 1 7 1 1 1 1 1 1 1 1 1 1 1 12 10 12 9 12 9 12 9 12 9 1 1 1 1 1 1 1 1 1 1 7 1 12 10 1 12 10 1 1 1 1 1 12 10 1 1 12 10 1 1 1 1 1 1 1 1 1
ciInstanceKlass org/jacoco/agent/rt/internal_0e20598/asm/tree/TableSwitchInsnNode 1 1 96 1 7 1 7 1 1 1 1 1 1 1 1 1 1 1 1 12 10 12 9 12 9 12 9 1 7 1 1 12 10 12 9 1 1 1 1 1 1 1 1 7 1 12 11 1 7 1 1 12 11 1 7 1 1 12 10 1 7 1 1 12 10 1 12 10 1 1 1 1 1 1 1 1 1 1 12 10 1 12 10 12 10 1 1 12 10 1 1 1 1 1 1 1 1 1
ciInstanceKlass org/jacoco/agent/rt/internal_0e20598/asm/tree/LabelNode 1 1 57 1 7 1 7 1 1 1 1 1 1 12 10 1 1 1 12 9 1 1 1 1 1 1 7 12 10 1 1 12 10 1 7 1 12 10 1 1 1 1 1 1 100 1 1 12 11 1 1 1 1 1 1 1 1 1 1
ciInstanceKlass org/jacoco/agent/rt/internal_0e20598/asm/tree/JumpInsnNode 1 1 64 1 7 1 7 1 1 1 1 1 1 12 10 12 9 1 1 1 1 1 12 9 1 1 1 1 1 7 1 1 12 10 1 7 1 1 12 10 1 12 10 1 1 1 1 1 1 12 10 12 10 1 1 12 10 1 1 1 1 1 1 1 1 1
ciInstanceKlass org/jacoco/agent/rt/internal_0e20598/asm/tree/IntInsnNode 1 1 53 1 7 1 7 1 1 1 1 1 1 12 10 12 9 1 1 1 1 12 9 1 1 1 1 1 7 1 12 10 1 12 10 1 1 1 1 1 12 10 1 1 12 10 1 1 1 1 1 1 1 1 1
ciInstanceKlass org/jacoco/agent/rt/internal_0e20598/asm/tree/InsnNode 1 1 47 1 7 1 7 1 1 1 12 10 1 1 1 1 1 1 1 1 12 9 1 7 1 12 10 1 12 10 1 1 1 1 1 10 1 1 12 10 1 1 1 1 1 1 1 1 1
ciInstanceKlass org/jacoco/agent/rt/internal_0e20598/asm/tree/FieldInsnNode 1 1 61 1 7 1 7 1 1 1 1 1 1 1 1 12 10 12 9 12 9 12 9 1 1 1 1 1 1 12 9 1 1 1 1 1 7 1 12 10 1 12 10 1 1 1 1 1 12 10 1 1 12 10 1 1 1 1 1 1 1 1 1
ciInstanceKlass org/jacoco/agent/rt/internal_0e20598/asm/tree/VarInsnNode 1 1 54 1 7 1 7 1 1 1 1 1 1 12 10 12 9 1 1 1 1 1 12 9 1 1 1 1 1 7 1 12 10 1 12 10 1 1 1 1 1 12 10 1 1 12 10 1 1 1 1 1 1 1 1 1
ciInstanceKlass org/jacoco/agent/rt/internal_0e20598/asm/tree/TypeInsnNode 1 1 55 1 7 1 7 1 1 1 1 1 1 12 10 12 9 1 1 1 1 1 1 12 9 1 1 1 1 1 7 1 12 10 1 12 10 1 1 1 1 1 12 10 1 1 12 10 1 1 1 1 1 1 1 1 1
ciInstanceKlass org/jacoco/agent/rt/internal_0e20598/asm/tree/MethodInsnNode 1 1 67 1 7 1 7 1 1 1 1 1 1 1 1 1 1 12 10 1 1 1 1 1 1 12 10 12 9 12 9 12 9 12 9 1 1 12 9 1 1 1 1 1 7 1 12 10 1 12 10 1 1 1 1 1 1 1 12 10 1 1 1 1 1 1 1 1 1
ciInstanceKlass org/jacoco/agent/rt/internal_0e20598/asm/tree/LdcInsnNode 1 1 50 1 7 1 7 1 1 1 1 1 1 12 10 12 9 1 1 1 1 1 1 1 1 7 1 12 10 1 12 10 1 1 1 1 1 12 10 1 1 12 10 1 1 1 1 1 1 1 1 1
ciInstanceKlass org/jacoco/agent/rt/internal_0e20598/asm/tree/FrameNode 1 1 108 1 7 1 7 1 1 1 1 1 1 1 1 1 1 12 10 1 1 1 12 9 1 7 1 1 12 10 12 9 12 9 1 12 10 1 100 12 10 1 1 1 1 1 1 1 1 7 1 12 11 1 1 12 10 1 7 1 12 10 1 1 1 1 1 10 1 100 10 1 1 12 11 1 7 1 100 1 12 11 1 1 12 11 1 1 1 1 1 1 1 1 1 1 7 1 1 12 10 1 1 1 1 1 1 1 1 1
ciInstanceKlass org/jacoco/agent/rt/internal_0e20598/core/internal/flow/MethodProbesAdapter 1 1 183 1 7 1 7 1 1 1 1 1 1 1 1 1 1 1 1 3 1 12 10 12 9 12 9 1 7 1 12 10 12 9 1 1 1 1 12 9 1 1 1 1 12 10 1 7 12 10 1 1 1 1 1 1 1 7 1 1 12 11 1 1 12 11 1 7 1 7 1 1 12 10 10 1 1 12 10 1 1 12 11 1 1 1 12 10 1 7 1 1 12 11 1 1 12 10 1 1 1 12 10 12 10 1 1 1 1 1 12 10 1 1 12 10 1 1 12 10 1 1 12 10 12 10 1 1 1 1 12 10 1 1 12 10 12 10 1 1 1 1 1 1 1 1 1 12 10 12 10 1 1 1 1 12 10 1 1 12 10 1 12 10 1 12 10 1 1 1 1 1 1 1 7 1 1 12 10 1 1 1 1 1 1
ciInstanceKlass org/jacoco/agent/rt/internal_0e20598/asm/tree/Util 1 1 158 1 100 1 100 1 1 1 12 10 1 1 1 1 1 1 7 1 12 10 1 7 1 12 11 1 1 1 1 1 1 1 1 1 1 1 1 1 1 1 10 10 1 1 1 1 1 1 1 1 1 100 1 1 12 10 1 1 1 1 1 1 1 1 1 100 1 12 10 1 1 1 1 1 1 1 1 100 1 12 10 1 1 1 1 1 1 1 1 1 100 1 12 10 1 1 1 1 1 1 1 1 1 7 1 12 10 1 1 1 1 1 1 1 100 1 12 10 1 1 1 1 1 1 1 1 1 100 1 12 10 1 1 1 1 1 1 1 1 1 100 1 12 10 1 1 1 1 1 1 1 1 1 1 1 1 1 1
ciInstanceKlass org/jacoco/agent/rt/internal_0e20598/asm/tree/InsnList 1 1 118 1 7 1 1 7 1 100 1 1 100 1 1 1 1 1 1 1 1 1 1 12 10 1 1 1 12 9 1 1 12 9 1 12 9 1 1 1 100 10 12 9 1 1 12 10 1 1 1 1 7 1 12 9 1 1 1 1 12 9 1 1 12 10 1 1 1 1 1 1 12 10 1 1 12 10 1 1 1 1 1 12 9 1 1 1 1 1 1 1 12 10 1 1 1 1 1 1 1 1 1 1 1 1 1 100 1 12 10 1 12 10 1 1 1 1 1 1
ciInstanceKlass org/jacoco/agent/rt/internal_0e20598/asm/tree/LocalVariableNode 1 1 55 1 7 1 7 1 1 1 1 1 1 1 1 1 1 1 1 1 12 10 12 9 12 9 12 9 12 9 12 9 12 9 1 1 1 1 1 1 7 1 1 12 10 1 7 1 1 12 10 1 1 1 1 1 1
ciInstanceKlass org/jacoco/agent/rt/internal_0e20598/asm/tree/TryCatchBlockNode 1 1 95 1 7 1 7 1 1 1 1 1 1 1 1 1 1 1 1 1 1 12 10 12 9 12 9 12 9 12 9 1 1 1 1 3 12 9 1 100 1 1 12 11 1 1 12 11 1 100 1 1 12 9 12 9 1 1 1 1 1 1 1 7 1 1 12 10 1 7 1 1 12 10 1 1 12 9 1 12 9 1 1 12 10 1 12 10 1 1 1 1 1 1 1 1 1
ciInstanceKlass org/jacoco/agent/rt/internal_0e20598/asm/Handle 1 1 93 1 7 1 7 1 1 100 1 100 1 1 1 1 1 1 1 1 1 1 1 1 1 12 10 1 1 1 12 10 12 9 12 9 12 9 12 9 12 9 1 1 1 1 1 1 1 1 1 1 7 12 10 1 1 1 1 12 10 1 1 8 1 8 1 1 12 10 1 100 10 1 1 12 10 1 8 1 8 1 12 10 1 8 12 10 1 1 1 1 1 1 1
ciInstanceKlass org/jacoco/agent/rt/internal_0e20598/asm/ConstantDynamic 1 1 113 1 7 1 7 1 1 100 1 100 1 1 1 1 1 1 1 1 1 1 1 12 10 12 9 12 9 12 9 12 9 1 1 1 1 1 1 1 1 1 1 1 1 1 1 1 1 1 100 1 1 12 10 1 1 1 1 12 10 1 100 10 1 100 1 12 10 1 1 1 1 12 10 1 100 1 1 12 10 10 1 12 10 1 1 1 12 10 1 12 10 1 1 12 10 1 100 10 1 1 12 10 1 8 1 8 12 10 1 1 1 1 1
ciInstanceKlass java/lang/AssertionError 0 0 79 10 100 12 1 1 1 10 12 1 10 100 12 1 1 1 10 100 1 100 1 10 12 1 1 10 12 1 10 12 1 10 12 1 10 12 1 10 12 1 10 12 1 10 12 1 1 1 1 5 0 1 1 1 1 1 1 1 1 1 1 100 1 1 1 1 1 1 1 1 1 1 1 1 1 1 1 1 1
ciInstanceKlass java/lang/UnsupportedOperationException 0 0 34 10 100 12 1 1 1 10 12 1 10 12 1 10 12 1 100 1 1 1 1 5 0 1 1 1 1 1 1 1 1 1 1 1
ciInstanceKlass java/util/BitSet 1 1 417 7 1 9 12 1 1 9 12 1 1 9 12 1 1 100 1 10 12 1 1 10 7 1 9 12 1 10 12 1 1 100 1 100 1 10 8 1 10 12 1 1 10 12 1 10 12 1 1 10 12 1 10 12 1 1 10 12 1 10 100 12 1 1 1 10 12 1 10 100 12 1 1 1 10 12 1 1 10 12 1 1 10 12 1 10 100 12 1 1 1 10 12 1 1 10 12 1 9 100 12 1 1 1 10 12 1 1 10 10 12 1 10 12 1 1 10 12 1 1 10 12 1 5 0 10 12 1 1 10 12 1 1 10 100 12 1 1 1 10 12 1 100 1 8 1 10 8 1 8 1 8 1 8 1 10 12 1 10 12 1 10 12 1 1 5 0 10 12 1 10 12 1 10 12 10 12 10 12 1 10 12 10 100 12 1 1 1 8 1 10 12 1 10 12 1 10 12 1 10 100 12 1 1 1 5 0 10 12 1 10 12 1 1 10 7 100 1 100 1 10 12 1 10 100 12 1 1 1 8 1 10 100 12 1 1 10 12 1 10 100 12 1 1 1 10 100 12 1 1 100 1 3 10 12 1 3 10 10 12 1 10 12 1 10 12 1 8 1 100 1 10 12 1 10 100 12 1 1 1 10 7 12 1 1 1 7 1 10 12 1 9 12 1 1 100 1 100 1 1 1 3 1 3 1 3 1 1 1 5 0 1 1 1 1 1 1 1 1 1 1 1 1 1 1 1 1 1 1 1 1 1 1 1 1 1 100 1 1 1 1 1 1 1 1 1 1 1 1 1 1 1 1 1 1 1 1 1 1 1 1 1 1 1 1 1 1 1 1 1 1 1 1 1 1 1 1 1 1 1 1 1 1 1 1 1 1 100 1 1 1 1 1 100 1 1 1 1 1 1 1 1 1 1 1 1 1 1 1 1 1 1 100 1 100 1 1
staticfield java/util/BitSet serialPersistentFields [Ljava/io/ObjectStreamField; 1 [Ljava/io/ObjectStreamField;
staticfield java/util/BitSet $assertionsDisabled Z 1
ciInstanceKlass java/lang/StringIndexOutOfBoundsException 0 0 45 10 100 12 1 1 1 10 12 1 100 1 10 8 1 10 12 1 1 10 12 1 10 12 1 1 100 1 1 1 1 5 0 1 1 1 1 1 1 1 1 1 1 1 1
ciMethodData java/lang/Object <init> ()V 2 357717 orig 80 0 0 0 0 0 0 0 0 0 0 0 0 250 127 0 0 0 0 0 0 0 0 0 0 0 0 0 0 0 0 0 0 0 0 0 0 0 0 0 0 0 0 0 0 0 0 0 0 0 0 0 0 0 0 0 0 0 0 0 0 0 0 0 0 0 0 0 0 0 0 0 0 0 0 0 0 0 0 0 0 data 4 0x0 0x9 0x1 0x0 oops 0 methods 0
ciMethodData java/lang/String equals (Ljava/lang/Object;)Z 2 9288 orig 80 0 0 0 0 0 0 0 0 0 0 0 0 250 127 0 0 0 0 0 0 0 0 0 0 0 0 0 0 0 0 0 0 0 0 0 0 0 0 0 0 0 0 0 0 0 0 0 0 0 0 0 0 0 0 0 0 0 0 0 0 0 0 0 0 0 0 0 0 0 0 0 0 0 0 0 0 0 0 0 0 data 49 0x20007 0x200c 0x20 0x2f6 0x80104 0x0 0x0 0x27db6ac2500 0x200a 0x0 0x0 0xb0007 0x2 0xe0 0x200a 0xf0004 0x0 0x0 0x27db6ac2500 0x200a 0x0 0x0 0x160007 0x0 0x40 0x200a 0x210007 0x0 0x68 0x200a 0x2c0002 0x200a 0x2f0007 0x1f28 0x38 0xe2 0x330003 0xe2 0x18 0x0 0x0 0x0 0x0 0x0 0x0 0x9 0x2 0x0 0x0 oops 2 7 java/lang/String 18 java/lang/String methods 0
ciMethodData java/lang/String checkBoundsOffCount (III)V 2 7239 orig 80 0 0 0 0 0 0 0 0 0 0 0 0 250 127 0 0 0 0 0 0 0 0 0 0 0 0 0 0 0 0 0 0 0 0 0 0 0 0 0 0 0 0 0 0 0 0 0 0 0 0 0 0 0 0 0 0 0 0 0 0 0 0 0 0 0 0 0 0 0 0 0 0 0 0 0 0 0 0 0 0 data 76 0x10007 0x0 0x60 0x1ac3 0x50007 0x0 0x40 0x1ac3 0xc0007 0x1ac3 0x1c8 0x0 0x170002 0x0 0x1d0005 0x0 0x0 0x0 0x0 0x0 0x0 0x210005 0x0 0x0 0x0 0x0 0x0 0x0 0x270005 0x0 0x0 0x0 0x0 0x0 0x0 0x2b0005 0x0 0x0 0x0 0x0 0x0 0x0 0x310005 0x0 0x0 0x0 0x0 0x0 0x0 0x350005 0x0 0x0 0x0 0x0 0x0 0x0 0x380005 0x0 0x0 0x0 0x0 0x0 0x0 0x3b0002 0x0 0x0 0x0 0x0 0x0 0x0 0x0 0x9 0x3 0x0 0x0 0x0 oops 0 methods 0
ciMethodData java/lang/StringUTF16 compress ([CII)[B 2 4085 orig 80 0 0 0 0 0 0 0 0 0 0 0 0 250 127 0 0 0 0 0 0 0 0 0 0 0 0 0 0 0 0 0 0 0 0 0 0 0 0 0 1 0 0 0 0 0 0 0 0 0 0 0 0 0 0 0 0 0 0 0 0 0 0 0 0 0 0 0 0 0 0 0 0 0 0 0 0 0 0 0 0 data 17 0x90002 0xf71 0x80000006000d0007 0x2 0x20 0xf70 0x0 0x0 0x0 0x0 0x0 0x0 0x9 0x3 0x0 0x0 0x0 oops 0 methods 0
ciMethodData java/lang/String <init> ([CIILjava/lang/Void;)V 2 4094 orig 80 0 0 0 0 0 0 0 0 0 0 0 0 250 127 0 0 0 0 0 0 0 0 0 0 0 0 0 0 0 0 0 0 0 0 0 0 0 0 0 0 0 0 0 0 0 0 0 0 0 0 0 0 0 0 0 0 0 0 0 0 0 0 0 0 0 0 0 0 0 0 0 0 0 0 0 0 0 0 0 0 data 31 0x10002 0xee9 0x50007 0xee4 0x20 0x5 0x1e0007 0x0 0x50 0xee4 0x240002 0xee4 0x2b0007 0x2 0x20 0xee3 0x430002 0x2 0x0 0x0 0x0 0x0 0x0 0x0 0x9 0x5 0xc 0x0 0x0 0x0 0x0 oops 0 methods 0
ciMethodData java/lang/String <init> ([CII)V 2 3247 orig 80 0 0 0 0 0 0 0 0 0 0 0 0 250 127 0 0 0 0 0 0 0 0 0 0 0 0 0 0 0 0 0 0 0 0 0 0 0 0 0 0 0 0 0 0 0 0 0 0 0 0 0 0 0 0 0 0 0 0 0 0 0 0 0 0 0 0 0 0 0 0 0 0 0 0 0 0 0 0 0 0 data 16 0x70002 0xb95 0xa0002 0xb95 0x0 0x0 0x0 0x0 0x0 0x0 0x9 0x4 0x0 0x0 0x0 0x0 oops 0 methods 0
ciMethodData java/lang/String rangeCheck ([CII)Ljava/lang/Void; 2 3247 orig 80 0 0 0 0 0 0 0 0 0 0 0 0 250 127 0 0 0 0 0 0 0 0 0 0 0 0 0 0 0 0 0 0 0 0 0 0 0 0 0 0 0 0 0 0 0 0 0 0 0 0 0 0 0 0 0 0 0 0 0 0 0 0 0 0 0 0 0 0 0 0 0 0 0 0 0 0 0 0 0 0 data 13 0x40002 0xb92 0x0 0x0 0x0 0x0 0x0 0x0 0x9 0x3 0x0 0x0 0x0 oops 0 methods 0
ciMethod java/lang/UnsupportedOperationException <init> (Ljava/lang/String;)V 0 0 1 0 -1
ciMethod java/util/BitSet <init> ()V 1024 0 8056 0 -1
ciMethod org/jacoco/agent/rt/internal_0e20598/asm/MethodVisitor visitAttribute (Lorg/jacoco/agent/rt/internal_0e20598/asm/Attribute;)V 0 0 1 0 -1
ciMethod org/jacoco/agent/rt/internal_0e20598/asm/MethodVisitor visitFrame (II[Ljava/lang/Object;I[Ljava/lang/Object;)V 1024 0 9275 0 -1
ciMethod org/jacoco/agent/rt/internal_0e20598/asm/MethodVisitor visitInsn (I)V 1024 0 24230 0 -1
ciMethod org/jacoco/agent/rt/internal_0e20598/asm/MethodVisitor visitIntInsn (II)V 1024 0 1263 0 -1
ciMethod org/jacoco/agent/rt/internal_0e20598/asm/MethodVisitor visitVarInsn (II)V 786 0 41603 0 -1
ciMethod org/jacoco/agent/rt/internal_0e20598/asm/MethodVisitor visitTypeInsn (ILjava/lang/String;)V 1024 0 7569 0 -1
ciMethod org/jacoco/agent/rt/internal_0e20598/asm/MethodVisitor visitFieldInsn (ILjava/lang/String;Ljava/lang/String;Ljava/lang/String;)V 1024 0 12162 0 -1
ciMethod org/jacoco/agent/rt/internal_0e20598/asm/MethodVisitor visitMethodInsn (ILjava/lang/String;Ljava/lang/String;Ljava/lang/String;)V 0 0 1 0 -1
ciMethod org/jacoco/agent/rt/internal_0e20598/asm/MethodVisitor visitMethodInsn (ILjava/lang/String;Ljava/lang/String;Ljava/lang/String;Z)V 824 0 19268 0 -1
ciMethod org/jacoco/agent/rt/internal_0e20598/asm/MethodVisitor visitInvokeDynamicInsn (Ljava/lang/String;Ljava/lang/String;Lorg/jacoco/agent/rt/internal_0e20598/asm/Handle;[Ljava/lang/Object;)V 528 0 2746 0 -1
ciMethod org/jacoco/agent/rt/internal_0e20598/asm/MethodVisitor visitJumpInsn (ILorg/jacoco/agent/rt/internal_0e20598/asm/Label;)V 1024 0 6746 0 -1
ciMethod org/jacoco/agent/rt/internal_0e20598/asm/MethodVisitor visitLabel (Lorg/jacoco/agent/rt/internal_0e20598/asm/Label;)V 834 0 34138 0 -1
ciMethod org/jacoco/agent/rt/internal_0e20598/asm/MethodVisitor visitLdcInsn (Ljava/lang/Object;)V 1024 0 6518 0 -1
ciMethod org/jacoco/agent/rt/internal_0e20598/asm/MethodVisitor visitIincInsn (II)V 1266 0 291 0 -1
ciMethod org/jacoco/agent/rt/internal_0e20598/asm/MethodVisitor visitTableSwitchInsn (IILorg/jacoco/agent/rt/internal_0e20598/asm/Label;[Lorg/jacoco/agent/rt/internal_0e20598/asm/Label;)V 68 0 19 0 -1
ciMethod org/jacoco/agent/rt/internal_0e20598/asm/MethodVisitor visitLookupSwitchInsn (Lorg/jacoco/agent/rt/internal_0e20598/asm/Label;[I[Lorg/jacoco/agent/rt/internal_0e20598/asm/Label;)V 66 0 20 0 -1
ciMethod org/jacoco/agent/rt/internal_0e20598/asm/MethodVisitor visitMultiANewArrayInsn (Ljava/lang/String;I)V 0 0 1 0 -1
ciMethod org/jacoco/agent/rt/internal_0e20598/asm/MethodVisitor visitInsnAnnotation (ILorg/jacoco/agent/rt/internal_0e20598/asm/TypePath;Ljava/lang/String;Z)Lorg/jacoco/agent/rt/internal_0e20598/asm/AnnotationVisitor; 0 0 1 0 -1
ciMethod org/jacoco/agent/rt/internal_0e20598/asm/MethodVisitor visitTryCatchBlock (Lorg/jacoco/agent/rt/internal_0e20598/asm/Label;Lorg/jacoco/agent/rt/internal_0e20598/asm/Label;Lorg/jacoco/agent/rt/internal_0e20598/asm/Label;Ljava/lang/String;)V 512 0 826 0 -1
ciMethod org/jacoco/agent/rt/internal_0e20598/asm/MethodVisitor visitLocalVariable (Ljava/lang/String;Ljava/lang/String;Ljava/lang/String;Lorg/jacoco/agent/rt/internal_0e20598/asm/Label;Lorg/jacoco/agent/rt/internal_0e20598/asm/Label;I)V 1024 0 28976 0 -1
ciMethod org/jacoco/agent/rt/internal_0e20598/asm/MethodVisitor visitLocalVariableAnnotation (ILorg/jacoco/agent/rt/internal_0e20598/asm/TypePath;[Lorg/jacoco/agent/rt/internal_0e20598/asm/Label;[Lorg/jacoco/agent/rt/internal_0e20598/asm/Label;[ILjava/lang/String;Z)Lorg/jacoco/agent/rt/internal_0e20598/asm/AnnotationVisitor; 0 0 1 0 -1
ciMethod org/jacoco/agent/rt/internal_0e20598/asm/MethodVisitor visitLineNumber (ILorg/jacoco/agent/rt/internal_0e20598/asm/Label;)V 840 0 41066 0 -1
ciMethod org/jacoco/agent/rt/internal_0e20598/asm/MethodVisitor visitMaxs (II)V 1024 0 9618 0 -1
ciMethod org/jacoco/agent/rt/internal_0e20598/asm/ClassReader readElementValues (Lorg/jacoco/agent/rt/internal_0e20598/asm/AnnotationVisitor;IZ[C)I 3228 3186 1300 0 -1
ciMethod org/jacoco/agent/rt/internal_0e20598/asm/ClassReader readCode (Lorg/jacoco/agent/rt/internal_0e20598/asm/MethodVisitor;Lorg/jacoco/agent/rt/internal_0e20598/asm/Context;I)V 228 14418 3252 0 -1
ciMethod org/jacoco/agent/rt/internal_0e20598/asm/ClassReader readBytecodeInstructionOffset (I)V 808 0 43403 0 64
ciMethod org/jacoco/agent/rt/internal_0e20598/asm/ClassReader readLabel (I[Lorg/jacoco/agent/rt/internal_0e20598/asm/Label;)Lorg/jacoco/agent/rt/internal_0e20598/asm/Label; 858 0 17421 0 0
ciMethod org/jacoco/agent/rt/internal_0e20598/asm/ClassReader createLabel (I[Lorg/jacoco/agent/rt/internal_0e20598/asm/Label;)Lorg/jacoco/agent/rt/internal_0e20598/asm/Label; 590 0 5551 0 0
ciMethod org/jacoco/agent/rt/internal_0e20598/asm/ClassReader createDebugLabel (I[Lorg/jacoco/agent/rt/internal_0e20598/asm/Label;)V 1024 0 25162 0 0
ciMethod org/jacoco/agent/rt/internal_0e20598/asm/ClassReader readTypeAnnotations (Lorg/jacoco/agent/rt/internal_0e20598/asm/MethodVisitor;Lorg/jacoco/agent/rt/internal_0e20598/asm/Context;IZ)[I 0 0 1 0 -1
ciMethod org/jacoco/agent/rt/internal_0e20598/asm/ClassReader getTypeAnnotationBytecodeOffset ([II)I 456 0 6504 0 0
ciMethod org/jacoco/agent/rt/internal_0e20598/asm/ClassReader readTypeAnnotationTarget (Lorg/jacoco/agent/rt/internal_0e20598/asm/Context;I)I 0 0 1 0 -1
ciMethod org/jacoco/agent/rt/internal_0e20598/asm/ClassReader computeImplicitFrame (Lorg/jacoco/agent/rt/internal_0e20598/asm/Context;)V 76 1902 775 0 -1
ciMethod org/jacoco/agent/rt/internal_0e20598/asm/ClassReader readStackMapFrame (IZZLorg/jacoco/agent/rt/internal_0e20598/asm/Context;)I 248 560 2326 0 -1
ciMethod org/jacoco/agent/rt/internal_0e20598/asm/ClassReader readVerificationTypeInfo (I[Ljava/lang/Object;I[C[Lorg/jacoco/agent/rt/internal_0e20598/asm/Label;)I 1024 0 2511 0 -1
ciMethod org/jacoco/agent/rt/internal_0e20598/asm/ClassReader readAttribute ([Lorg/jacoco/agent/rt/internal_0e20598/asm/Attribute;Ljava/lang/String;II[CI[Lorg/jacoco/agent/rt/internal_0e20598/asm/Label;)Lorg/jacoco/agent/rt/internal_0e20598/asm/Attribute; 0 0 1 0 -1
ciMethod org/jacoco/agent/rt/internal_0e20598/asm/ClassReader readByte (I)I 0 0 5581 0 -1
ciMethod org/jacoco/agent/rt/internal_0e20598/asm/ClassReader readUnsignedShort (I)I 982 0 15845 0 160
ciMethod org/jacoco/agent/rt/internal_0e20598/asm/ClassReader readShort (I)S 540 0 1295 0 192
ciMethod org/jacoco/agent/rt/internal_0e20598/asm/ClassReader readInt (I)I 782 0 1525 0 192
ciMethod org/jacoco/agent/rt/internal_0e20598/asm/ClassReader readLong (I)J 16 0 48 0 -1
ciMethod org/jacoco/agent/rt/internal_0e20598/asm/ClassReader readUTF8 (I[C)Ljava/lang/String; 1024 0 147179 0 256
ciMethod org/jacoco/agent/rt/internal_0e20598/asm/ClassReader readUtf (I[C)Ljava/lang/String; 700 0 76007 0 0
ciMethod org/jacoco/agent/rt/internal_0e20598/asm/ClassReader readUtf (II[C)Ljava/lang/String; 230 7474 2436 0 0
ciMethod org/jacoco/agent/rt/internal_0e20598/asm/ClassReader readStringish (I[C)Ljava/lang/String; 634 0 31873 0 -1
ciMethod org/jacoco/agent/rt/internal_0e20598/asm/ClassReader readClass (I[C)Ljava/lang/String; 614 0 31590 0 0
ciMethod org/jacoco/agent/rt/internal_0e20598/asm/ClassReader readConstantDynamic (I[C)Lorg/jacoco/agent/rt/internal_0e20598/asm/ConstantDynamic; 0 0 1 0 -1
ciMethod org/jacoco/agent/rt/internal_0e20598/asm/ClassReader readConst (I[C)Ljava/lang/Object; 184 0 7085 0 0
ciMethodData org/jacoco/agent/rt/internal_0e20598/asm/ClassReader readUnsignedShort (I)I 2 15845 orig 80 0 0 0 0 0 0 0 0 0 0 0 0 250 127 0 0 0 0 0 0 0 0 0 0 0 0 0 0 0 0 0 0 0 0 0 0 0 0 0 0 0 0 0 0 0 0 0 0 0 0 0 0 0 0 0 0 0 0 0 0 0 0 0 0 0 0 0 0 0 0 0 0 0 0 0 0 0 0 0 0 data 8 0x0 0x0 0x0 0x0 0x9 0x2 0x0 0x0 oops 0 methods 0
ciMethodData org/jacoco/agent/rt/internal_0e20598/asm/ClassReader readUtf (I[C)Ljava/lang/String; 2 76007 orig 80 2 0 0 0 0 0 0 0 0 0 0 0 250 127 0 0 0 0 0 0 0 0 0 0 0 0 0 0 0 0 0 0 0 0 0 0 0 0 0 0 0 0 0 0 0 0 0 0 0 0 0 0 0 0 0 0 0 0 0 0 0 0 0 0 0 0 0 0 0 0 0 0 0 0 0 0 0 0 0 0 data 36 0x80007 0x30e6 0x20 0xf6a7 0x220005 0x0 0x0 0x27dfd58cb20 0x30e6 0x0 0x0 0x260005 0x30e6 0x0 0x0 0x0 0x0 0x0 0x2a0004 0x0 0x0 0x27db6ac2500 0x30e8 0x0 0x0 0x0 0x0 0x0 0x0 0x0 0x0 0x9 0x3 0x0 0x0 0x0 oops 2 7 org/jacoco/agent/rt/internal_0e20598/asm/ClassReader 21 java/lang/String methods 0
ciMethodData org/jacoco/agent/rt/internal_0e20598/asm/ClassReader readUtf (II[C)Ljava/lang/String; 2 65427 orig 80 1 0 0 0 0 0 0 0 0 0 0 0 250 127 0 0 0 0 0 0 0 0 0 0 0 0 0 0 0 0 0 0 0 0 0 0 0 0 0 2 0 0 0 0 0 0 0 0 0 0 0 0 0 0 0 0 0 0 0 0 0 0 0 0 0 0 0 0 0 0 0 0 0 0 0 0 0 0 0 0 data 33 0x160007 0x913 0xa8 0xf0f8 0x8000000600290007 0x4 0x38 0xf0f6 0x390003 0xf0f6 0x50 0x450007 0x3 0x38 0x1 0x640003 0x1 0x18 0x920003 0xf0fa 0xffffffffffffff70 0x9d0002 0x913 0x0 0x0 0x0 0x0 0x9 0x4 0x0 0x0 0x0 0x0 oops 0 methods 0
ciMethodData org/jacoco/agent/rt/internal_0e20598/asm/ClassReader readUTF8 (I[C)Ljava/lang/String; 2 147508 orig 80 0 0 0 0 0 0 0 0 0 0 0 0 250 127 0 0 0 0 0 0 0 0 0 0 0 0 0 0 0 0 0 0 0 0 0 0 0 0 0 0 0 0 0 0 0 0 0 0 0 0 0 0 0 0 0 0 0 0 0 0 0 0 0 0 0 0 0 0 0 0 0 0 0 0 0 0 0 0 0 0 data 33 0x20005 0x0 0x0 0x27dfd58cb20 0x23e35 0x0 0x0 0x70007 0x7c 0x40 0x23db8 0xb0007 0x23d44 0x20 0x74 0x130005 0x23d44 0x0 0x0 0x0 0x0 0x0 0x0 0x0 0x0 0x0 0x0 0x0 0x9 0x3 0x0 0x0 0x0 oops 1 3 org/jacoco/agent/rt/internal_0e20598/asm/ClassReader methods 0
ciMethod org/jacoco/agent/rt/internal_0e20598/core/internal/flow/MethodSanitizer visitLocalVariable (Ljava/lang/String;Ljava/lang/String;Ljava/lang/String;Lorg/jacoco/agent/rt/internal_0e20598/asm/Label;Lorg/jacoco/agent/rt/internal_0e20598/asm/Label;I)V 568 0 7439 0 0
ciMethod org/jacoco/agent/rt/internal_0e20598/core/internal/flow/MethodSanitizer visitLineNumber (ILorg/jacoco/agent/rt/internal_0e20598/asm/Label;)V 1024 0 10443 0 0
ciMethod org/jacoco/agent/rt/internal_0e20598/asm/commons/JSRInlinerAdapter visitJumpInsn (ILorg/jacoco/agent/rt/internal_0e20598/asm/Label;)V 1024 0 2520 0 0
ciMethod org/jacoco/agent/rt/internal_0e20598/asm/tree/MethodNode visitFrame (II[Ljava/lang/Object;I[Ljava/lang/Object;)V 1024 0 2330 0 0
ciMethod org/jacoco/agent/rt/internal_0e20598/asm/tree/MethodNode visitInsn (I)V 1024 0 9690 0 0
ciMethod org/jacoco/agent/rt/internal_0e20598/asm/tree/MethodNode visitIntInsn (II)V 1042 0 338 0 0
ciMethod org/jacoco/agent/rt/internal_0e20598/asm/tree/MethodNode visitVarInsn (II)V 1024 0 15041 0 0
ciMethod org/jacoco/agent/rt/internal_0e20598/asm/tree/MethodNode visitTypeInsn (ILjava/lang/String;)V 778 0 2070 0 0
ciMethod org/jacoco/agent/rt/internal_0e20598/asm/tree/MethodNode visitFieldInsn (ILjava/lang/String;Ljava/lang/String;Ljava/lang/String;)V 1024 0 3138 0 0
ciMethod org/jacoco/agent/rt/internal_0e20598/asm/tree/MethodNode visitMethodInsn (ILjava/lang/String;Ljava/lang/String;Ljava/lang/String;Z)V 1024 0 10058 0 0
ciMethod org/jacoco/agent/rt/internal_0e20598/asm/tree/MethodNode visitInvokeDynamicInsn (Ljava/lang/String;Ljava/lang/String;Lorg/jacoco/agent/rt/internal_0e20598/asm/Handle;[Ljava/lang/Object;)V 514 0 697 0 0
ciMethod org/jacoco/agent/rt/internal_0e20598/asm/tree/MethodNode visitJumpInsn (ILorg/jacoco/agent/rt/internal_0e20598/asm/Label;)V 1024 0 2520 0 -1
ciMethod org/jacoco/agent/rt/internal_0e20598/asm/tree/MethodNode visitLabel (Lorg/jacoco/agent/rt/internal_0e20598/asm/Label;)V 778 0 14542 0 0
ciMethod org/jacoco/agent/rt/internal_0e20598/asm/tree/MethodNode visitLdcInsn (Ljava/lang/Object;)V 514 0 1690 0 0
ciMethod org/jacoco/agent/rt/internal_0e20598/asm/tree/MethodNode visitIincInsn (II)V 426 0 98 0 0
ciMethod org/jacoco/agent/rt/internal_0e20598/asm/tree/MethodNode visitTableSwitchInsn (IILorg/jacoco/agent/rt/internal_0e20598/asm/Label;[Lorg/jacoco/agent/rt/internal_0e20598/asm/Label;)V 24 0 10 0 0
ciMethod org/jacoco/agent/rt/internal_0e20598/asm/tree/MethodNode visitLookupSwitchInsn (Lorg/jacoco/agent/rt/internal_0e20598/asm/Label;[I[Lorg/jacoco/agent/rt/internal_0e20598/asm/Label;)V 24 0 7 0 0
ciMethod org/jacoco/agent/rt/internal_0e20598/asm/tree/MethodNode visitTryCatchBlock (Lorg/jacoco/agent/rt/internal_0e20598/asm/Label;Lorg/jacoco/agent/rt/internal_0e20598/asm/Label;Lorg/jacoco/agent/rt/internal_0e20598/asm/Label;Ljava/lang/String;)V 498 0 208 0 0
ciMethod org/jacoco/agent/rt/internal_0e20598/asm/tree/MethodNode visitLocalVariable (Ljava/lang/String;Ljava/lang/String;Ljava/lang/String;Lorg/jacoco/agent/rt/internal_0e20598/asm/Label;Lorg/jacoco/agent/rt/internal_0e20598/asm/Label;I)V 568 0 7439 0 -1
ciMethod org/jacoco/agent/rt/internal_0e20598/asm/tree/MethodNode visitLineNumber (ILorg/jacoco/agent/rt/internal_0e20598/asm/Label;)V 1024 0 10443 0 0
ciMethod org/jacoco/agent/rt/internal_0e20598/asm/tree/MethodNode visitMaxs (II)V 768 0 3297 0 0
ciMethod org/jacoco/agent/rt/internal_0e20598/asm/tree/MethodNode getLabelNode (Lorg/jacoco/agent/rt/internal_0e20598/asm/Label;)Lorg/jacoco/agent/rt/internal_0e20598/asm/tree/LabelNode; 828 0 42520 0 512
ciMethod org/jacoco/agent/rt/internal_0e20598/asm/tree/MethodNode getLabelNodes ([Lorg/jacoco/agent/rt/internal_0e20598/asm/Label;)[Lorg/jacoco/agent/rt/internal_0e20598/asm/tree/LabelNode; 48 188 17 0 -1
ciMethod org/jacoco/agent/rt/internal_0e20598/asm/tree/MethodNode getLabelNodes ([Ljava/lang/Object;)[Ljava/lang/Object; 906 4096 4660 0 -1
ciMethod org/jacoco/agent/rt/internal_0e20598/asm/Type getObjectType (Ljava/lang/String;)Lorg/jacoco/agent/rt/internal_0e20598/asm/Type; 736 0 14433 0 -1
ciMethod org/jacoco/agent/rt/internal_0e20598/asm/Type getMethodType (Ljava/lang/String;)Lorg/jacoco/agent/rt/internal_0e20598/asm/Type; 168 0 2650 0 -1
ciMethod org/jacoco/agent/rt/internal_0e20598/asm/Label <init> ()V 408 0 29409 0 0
ciMethod org/jacoco/agent/rt/internal_0e20598/asm/Label addLineNumber (I)V 824 0 10384 0 0
ciMethod org/jacoco/agent/rt/internal_0e20598/asm/Label accept (Lorg/jacoco/agent/rt/internal_0e20598/asm/MethodVisitor;Z)V 1024 0 11431 0 0
ciMethod org/jacoco/agent/rt/internal_0e20598/asm/tree/AbstractInsnNode <init> (I)V 556 0 71967 0 0
ciMethod org/jacoco/agent/rt/internal_0e20598/asm/tree/LineNumberNode <init> (ILorg/jacoco/agent/rt/internal_0e20598/asm/tree/LabelNode;)V 1024 0 10443 0 0
ciMethod org/jacoco/agent/rt/internal_0e20598/asm/tree/LookupSwitchInsnNode <init> (Lorg/jacoco/agent/rt/internal_0e20598/asm/tree/LabelNode;[I[Lorg/jacoco/agent/rt/internal_0e20598/asm/tree/LabelNode;)V 24 0 7 0 -1
ciMethod org/jacoco/agent/rt/internal_0e20598/asm/tree/IincInsnNode <init> (II)V 426 0 98 0 -1
ciMethod org/jacoco/agent/rt/internal_0e20598/asm/tree/InvokeDynamicInsnNode <init> (Ljava/lang/String;Ljava/lang/String;Lorg/jacoco/agent/rt/internal_0e20598/asm/Handle;[Ljava/lang/Object;)V 514 0 697 0 -1
ciMethod org/jacoco/agent/rt/internal_0e20598/asm/tree/TableSwitchInsnNode <init> (IILorg/jacoco/agent/rt/internal_0e20598/asm/tree/LabelNode;[Lorg/jacoco/agent/rt/internal_0e20598/asm/tree/LabelNode;)V 24 0 10 0 -1
ciMethod org/jacoco/agent/rt/internal_0e20598/asm/tree/LabelNode <init> ()V 294 0 14115 0 0
ciMethod org/jacoco/agent/rt/internal_0e20598/asm/tree/JumpInsnNode <init> (ILorg/jacoco/agent/rt/internal_0e20598/asm/tree/LabelNode;)V 1024 0 2632 0 -1
ciMethod org/jacoco/agent/rt/internal_0e20598/asm/tree/IntInsnNode <init> (II)V 512 0 256 0 -1
ciMethod org/jacoco/agent/rt/internal_0e20598/asm/tree/InsnNode <init> (I)V 1024 0 9690 0 -1
ciMethod org/jacoco/agent/rt/internal_0e20598/asm/tree/FieldInsnNode <init> (ILjava/lang/String;Ljava/lang/String;Ljava/lang/String;)V 1024 0 3138 0 -1
ciMethod org/jacoco/agent/rt/internal_0e20598/asm/tree/VarInsnNode <init> (II)V 1024 0 15041 0 -1
ciMethod org/jacoco/agent/rt/internal_0e20598/asm/tree/TypeInsnNode <init> (ILjava/lang/String;)V 778 0 2070 0 -1
ciMethod org/jacoco/agent/rt/internal_0e20598/asm/tree/MethodInsnNode <init> (ILjava/lang/String;Ljava/lang/String;Ljava/lang/String;Z)V 1024 0 10058 0 -1
ciMethod org/jacoco/agent/rt/internal_0e20598/asm/tree/LdcInsnNode <init> (Ljava/lang/Object;)V 514 0 1690 0 -1
ciMethod org/jacoco/agent/rt/internal_0e20598/asm/tree/FrameNode <init> (II[Ljava/lang/Object;I[Ljava/lang/Object;)V 1024 0 2330 0 -1
ciMethod org/jacoco/agent/rt/internal_0e20598/asm/tree/Util add (Ljava/util/List;Ljava/lang/Object;)Ljava/util/List; 642 0 8069 0 -1
ciMethod org/jacoco/agent/rt/internal_0e20598/asm/tree/Util asArrayList ([Ljava/lang/Object;)Ljava/util/List; 834 42 4197 0 -1
ciMethod org/jacoco/agent/rt/internal_0e20598/asm/tree/Util asArrayList ([I)Ljava/util/List; 8 20 7 0 -1
ciMethod org/jacoco/agent/rt/internal_0e20598/asm/tree/InsnList getLast ()Lorg/jacoco/agent/rt/internal_0e20598/asm/tree/AbstractInsnNode; 684 0 342 0 -1
ciMethod org/jacoco/agent/rt/internal_0e20598/asm/tree/InsnList add (Lorg/jacoco/agent/rt/internal_0e20598/asm/tree/AbstractInsnNode;)V 898 0 11344 0 1408
ciMethod org/jacoco/agent/rt/internal_0e20598/asm/tree/LocalVariableNode <init> (Ljava/lang/String;Ljava/lang/String;Ljava/lang/String;Lorg/jacoco/agent/rt/internal_0e20598/asm/tree/LabelNode;Lorg/jacoco/agent/rt/internal_0e20598/asm/tree/LabelNode;I)V 568 0 7654 0 -1
ciMethodData org/jacoco/agent/rt/internal_0e20598/asm/ClassReader readClass (I[C)Ljava/lang/String; 2 33045 orig 80 0 0 0 0 0 0 0 0 0 0 0 0 250 127 0 0 0 0 0 0 0 0 0 0 0 0 0 0 0 0 0 0 0 0 0 0 0 0 0 0 0 0 0 0 0 0 0 0 0 0 0 0 0 0 0 0 0 0 0 0 0 0 0 0 0 0 0 0 0 0 0 0 0 0 0 0 0 0 0 0 data 18 0x30005 0x7fe2 0x0 0x0 0x0 0x0 0x0 0x0 0x0 0x0 0x0 0x0 0x0 0x9 0x3 0xffffffffffffffff 0x0 0xffffffffffffffff oops 0 methods 0
ciMethodData org/jacoco/agent/rt/internal_0e20598/asm/ClassReader readStringish (I[C)Ljava/lang/String; 2 33045 orig 80 0 0 0 0 0 0 0 0 0 0 0 0 250 127 0 0 0 0 0 0 0 0 0 0 0 0 0 0 0 0 0 0 0 0 0 0 0 0 0 0 0 0 0 0 0 0 0 0 0 0 0 0 0 0 0 0 0 0 0 0 0 0 0 0 0 0 0 0 0 0 0 0 0 0 0 0 0 0 0 0 data 25 0x70005 0x0 0x0 0x27dfd58cb20 0x7fd8 0x0 0x0 0xc0005 0x0 0x0 0x27dfd58cb20 0x7fd8 0x0 0x0 0x0 0x0 0x0 0x0 0x0 0x0 0x9 0x3 0x0 0x0 0x0 oops 2 3 org/jacoco/agent/rt/internal_0e20598/asm/ClassReader 10 org/jacoco/agent/rt/internal_0e20598/asm/ClassReader methods 0
ciMethodData org/jacoco/agent/rt/internal_0e20598/asm/tree/AbstractInsnNode <init> (I)V 2 71967 orig 80 0 0 0 0 0 0 0 0 0 0 0 0 250 127 0 0 0 0 0 0 0 0 0 0 0 0 0 0 0 0 0 0 0 0 0 0 0 0 0 0 0 0 0 0 0 0 0 0 0 0 0 0 0 0 0 0 0 0 0 0 0 0 0 0 0 0 0 0 0 0 0 0 0 0 0 0 0 0 0 0 data 10 0x10002 0x11809 0x0 0x0 0x0 0x0 0x9 0x2 0x6 0x0 oops 0 methods 0
ciMethod org/jacoco/agent/rt/internal_0e20598/asm/tree/TryCatchBlockNode <init> (Lorg/jacoco/agent/rt/internal_0e20598/asm/tree/LabelNode;Lorg/jacoco/agent/rt/internal_0e20598/asm/tree/LabelNode;Lorg/jacoco/agent/rt/internal_0e20598/asm/tree/LabelNode;Ljava/lang/String;)V 498 0 208 0 -1
ciMethodData org/jacoco/agent/rt/internal_0e20598/asm/tree/InsnList add (Lorg/jacoco/agent/rt/internal_0e20598/asm/tree/AbstractInsnNode;)V 2 11344 orig 80 0 0 0 0 0 0 0 0 0 0 0 0 250 127 0 0 0 0 0 0 0 0 0 0 0 0 0 0 0 0 0 0 0 0 0 0 0 0 0 0 0 0 0 0 0 0 0 0 0 0 0 0 0 0 0 0 0 0 0 0 0 0 0 0 0 0 0 0 0 0 0 0 0 0 0 0 0 0 0 0 data 17 0xe0007 0x2931 0x38 0x15e 0x1b0003 0x15e 0x18 0x0 0x0 0x0 0x0 0x0 0x0 0x9 0x2 0xe 0x1c oops 0 methods 0
ciMethodData org/jacoco/agent/rt/internal_0e20598/asm/Label <init> ()V 2 29422 orig 80 0 0 0 0 0 0 0 0 0 0 0 0 250 127 0 0 0 0 0 0 0 0 0 0 0 0 0 0 0 0 0 0 0 0 0 0 0 0 0 0 0 0 0 0 0 0 0 0 0 0 0 0 0 0 0 0 0 0 0 0 0 0 0 0 0 0 0 0 0 0 0 0 0 0 0 0 0 0 0 0 data 7 0x10002 0x7222 0x0 0x0 0x9 0x1 0x0 oops 0 methods 0
ciMethodData org/jacoco/agent/rt/internal_0e20598/asm/ClassReader readBytecodeInstructionOffset (I)V 2 43776 orig 80 0 0 0 0 0 0 0 0 0 0 0 0 250 127 0 0 0 0 0 0 0 0 0 0 0 0 0 0 0 0 0 0 0 0 0 0 0 0 0 0 0 0 0 0 0 0 0 0 0 0 0 0 0 0 0 0 0 0 0 0 0 0 0 0 0 0 0 0 0 0 0 0 0 0 0 0 0 0 0 0 data 5 0x0 0x9 0x2 0x0 0x0 oops 0 methods 0
ciMethodData org/jacoco/agent/rt/internal_0e20598/asm/MethodVisitor visitMethodInsn (ILjava/lang/String;Ljava/lang/String;Ljava/lang/String;Z)V 2 19268 orig 80 0 0 0 0 0 0 0 0 0 0 0 0 250 127 0 0 0 0 0 0 0 0 0 0 0 0 0 0 0 0 0 0 0 0 0 0 0 0 0 0 0 0 0 0 0 0 0 0 0 0 0 0 0 0 0 0 0 0 0 0 0 0 0 0 0 0 0 0 0 0 0 0 0 0 0 0 0 0 0 0 data 53 0x60007 0x49a8 0xe0 0x0 0xe0007 0x0 0xc0 0x0 0x170007 0x0 0x38 0x0 0x1b0003 0x0 0x18 0x1f0007 0x0 0x30 0x0 0x280002 0x0 0x320005 0x0 0x0 0x0 0x0 0x0 0x0 0x3a0007 0x80 0x58 0x4928 0x4c0005 0x24d4 0x0 0x27dfc3bc7f0 0x122a 0x27dfc3bc8a0 0x122a 0x0 0x0 0x0 0x0 0x0 0x0 0x9 0x6 0xffffffffffffffff 0x0 0xffffffffffffffff 0xffffffffffffffff 0xffffffffffffffff 0x0 oops 2 35 org/jacoco/agent/rt/internal_0e20598/core/internal/flow/MethodProbesAdapter 37 org/jacoco/agent/rt/internal_0e20598/core/internal/instr/MethodInstrumenter methods 0
ciMethodData org/jacoco/agent/rt/internal_0e20598/asm/MethodVisitor visitMethodInsn (ILjava/lang/String;Ljava/lang/String;Ljava/lang/String;)V 1 0 orig 80 0 0 0 0 0 0 0 0 0 0 0 0 250 127 0 0 0 0 0 0 0 0 0 0 0 0 0 0 0 0 0 0 0 0 0 0 0 0 0 0 0 0 0 0 0 0 0 0 0 0 0 0 0 0 0 0 0 0 0 0 0 0 0 0 0 0 0 0 0 0 0 0 0 0 0 0 0 0 0 0 data 34 0x70007 0x0 0x38 0x0 0xd0003 0x0 0x18 0x1f0007 0x0 0x38 0x0 0x230003 0x0 0x18 0x270005 0x0 0x0 0x0 0x0 0x0 0x0 0x0 0x0 0x0 0x0 0x0 0x0 0x9 0x5 0xffffffffffffffff 0x0 0xffffffffffffffff 0xffffffffffffffff 0xffffffffffffffff oops 0 methods 0
ciMethodData org/jacoco/agent/rt/internal_0e20598/asm/tree/MethodNode getLabelNode (Lorg/jacoco/agent/rt/internal_0e20598/asm/Label;)Lorg/jacoco/agent/rt/internal_0e20598/asm/tree/LabelNode; 2 42556 orig 80 0 0 0 0 0 0 0 0 0 0 0 0 250 127 0 0 0 0 0 0 0 0 0 0 0 0 0 0 0 0 0 0 0 0 0 0 0 0 0 0 0 0 0 0 0 0 0 0 0 0 0 0 0 0 0 0 0 0 0 0 0 0 0 0 0 0 0 0 0 0 0 0 0 0 0 0 0 0 0 0 data 30 0x40104 0x0 0x0 0x27db6d19d20 0x6e0e 0x0 0x0 0x70007 0x6e0e 0x30 0x3690 0xf0002 0x3690 0x190004 0x0 0x0 0x27db6d19d20 0xa49e 0x0 0x0 0x0 0x0 0x0 0x0 0x0 0x0 0x9 0x2 0x0 0x18 oops 2 3 org/jacoco/agent/rt/internal_0e20598/asm/tree/LabelNode 16 org/jacoco/agent/rt/internal_0e20598/asm/tree/LabelNode methods 0
ciMethodData org/jacoco/agent/rt/internal_0e20598/asm/tree/LabelNode <init> ()V 2 14115 orig 80 0 0 0 0 0 0 0 0 0 0 0 0 250 127 0 0 0 0 0 0 0 0 0 0 0 0 0 0 0 0 0 0 0 0 0 0 0 0 0 0 0 0 0 0 0 0 0 0 0 0 0 0 0 0 0 0 0 0 0 0 0 0 0 0 0 0 0 0 0 0 0 0 0 0 0 0 0 0 0 0 data 7 0x20002 0x3690 0x0 0x0 0x9 0x1 0x0 oops 0 methods 0
ciMethodData org/jacoco/agent/rt/internal_0e20598/asm/ClassReader createDebugLabel (I[Lorg/jacoco/agent/rt/internal_0e20598/asm/Label;)V 2 25246 orig 80 0 0 0 0 0 0 0 0 0 0 0 0 250 127 0 0 0 0 0 0 0 0 0 0 0 0 0 0 0 0 0 0 0 0 0 0 0 0 0 0 0 0 0 0 0 0 0 0 0 0 0 0 0 0 0 0 0 0 0 0 0 0 0 0 0 0 0 0 0 0 0 0 0 0 0 0 0 0 0 0 data 22 0x30007 0x332c 0x58 0x2d75 0x90005 0x0 0x0 0x27dfd58cb20 0x2d75 0x0 0x0 0x0 0x0 0x0 0x0 0x0 0x0 0x9 0x3 0x0 0x0 0x0 oops 1 7 org/jacoco/agent/rt/internal_0e20598/asm/ClassReader methods 0
ciMethodData org/jacoco/agent/rt/internal_0e20598/asm/ClassReader readLabel (I[Lorg/jacoco/agent/rt/internal_0e20598/asm/Label;)Lorg/jacoco/agent/rt/internal_0e20598/asm/Label; 2 17421 orig 80 0 0 0 0 0 0 0 0 0 0 0 0 250 127 0 0 0 0 0 0 0 0 0 0 0 0 0 0 0 0 0 0 0 0 0 0 0 0 0 0 0 0 0 0 0 0 0 0 0 0 0 0 0 0 0 0 0 0 0 0 0 0 0 0 0 0 0 0 0 0 0 0 0 0 0 0 0 0 0 0 data 24 0x30007 0xb2b 0x68 0x3735 0xc0002 0x3735 0xf0004 0x0 0x0 0x27dfd592c60 0x3735 0x0 0x0 0x0 0x0 0x0 0x0 0x0 0x0 0x9 0x3 0x0 0x0 0x0 oops 1 9 org/jacoco/agent/rt/internal_0e20598/asm/Label methods 0
ciMethodData org/jacoco/agent/rt/internal_0e20598/asm/ClassReader readInt (I)I 2 1525 orig 80 0 0 0 0 0 0 0 0 0 0 0 0 250 127 0 0 0 0 0 0 0 0 0 0 0 0 0 0 0 0 0 0 0 0 0 0 0 0 0 0 0 0 0 0 0 0 0 0 0 0 0 0 0 0 0 0 0 0 0 0 0 0 0 0 0 0 0 0 0 0 0 0 0 0 0 0 0 0 0 0 data 8 0x0 0x0 0x0 0x0 0x9 0x2 0x0 0x0 oops 0 methods 0
ciMethodData org/jacoco/agent/rt/internal_0e20598/asm/tree/MethodNode visitLabel (Lorg/jacoco/agent/rt/internal_0e20598/asm/Label;)V 2 14542 orig 80 0 0 0 0 0 0 0 0 0 0 0 0 250 127 0 0 0 0 0 0 0 0 0 0 0 0 0 0 0 0 0 0 0 0 0 0 0 0 0 0 0 0 0 0 0 0 0 0 0 0 0 0 0 0 0 0 0 0 0 0 0 0 0 0 0 0 0 0 0 0 0 0 0 0 0 0 0 0 0 0 data 24 0x60005 0x0 0x0 0x27dfd592bb0 0x3749 0x0 0x0 0x90005 0x0 0x0 0x27dfd7f5a20 0x3749 0x0 0x0 0x0 0x0 0x0 0x0 0x0 0x0 0x9 0x2 0x0 0x0 oops 2 3 org/jacoco/agent/rt/internal_0e20598/core/internal/flow/ClassProbesAdapter$2 10 org/jacoco/agent/rt/internal_0e20598/asm/tree/InsnList methods 0
ciMethodData org/jacoco/agent/rt/internal_0e20598/asm/tree/MethodNode visitVarInsn (II)V 2 15511 orig 80 0 0 0 0 0 0 0 0 0 0 0 0 250 127 0 0 0 0 0 0 0 0 0 0 0 0 0 0 0 0 0 0 0 0 0 0 0 0 0 0 0 0 0 0 0 0 0 0 0 0 0 0 0 0 0 0 0 0 0 0 0 0 0 0 0 0 0 0 0 0 0 0 0 0 0 0 0 0 0 0 data 20 0xa0002 0x3a98 0xd0005 0x0 0x0 0x27dfd7f5a20 0x3a98 0x0 0x0 0x0 0x0 0x0 0x0 0x0 0x0 0x9 0x3 0x0 0x0 0x0 oops 1 5 org/jacoco/agent/rt/internal_0e20598/asm/tree/InsnList methods 0
ciMethodData org/jacoco/agent/rt/internal_0e20598/asm/Label addLineNumber (I)V 2 10428 orig 80 0 0 0 0 0 0 0 0 0 0 0 0 250 127 0 0 0 0 0 0 0 0 0 0 0 0 0 0 0 0 0 0 0 0 0 0 0 0 0 0 0 0 0 0 0 0 0 0 0 0 0 0 0 0 0 0 0 0 0 0 0 0 0 0 0 0 0 0 0 0 0 0 0 0 0 0 0 0 0 0 data 31 0x80007 0x0 0x38 0x2720 0x1e0003 0x2720 0x68 0x250007 0x0 0x20 0x0 0x410007 0x0 0x30 0x0 0x5a0002 0x0 0x0 0x0 0x0 0x0 0x0 0x0 0x0 0x0 0x0 0x0 0x9 0x2 0x0 0x0 oops 0 methods 0
ciMethodData org/jacoco/agent/rt/internal_0e20598/asm/Label accept (Lorg/jacoco/agent/rt/internal_0e20598/asm/MethodVisitor;Z)V 2 11491 orig 80 0 0 0 0 0 0 0 0 0 0 0 0 250 127 0 0 0 0 0 0 0 0 0 0 0 0 0 0 0 0 0 0 0 0 0 0 0 0 0 0 0 0 0 0 0 0 0 0 0 0 0 0 0 0 0 0 0 0 0 0 0 0 0 0 0 0 0 0 0 0 0 0 0 0 0 0 0 0 0 0 data 51 0x20005 0x0 0x0 0x27dfd592bb0 0x2ae4 0x0 0x0 0x60007 0x0 0x108 0x2ae4 0x110007 0x3e0 0xe8 0x2704 0x1d0005 0x0 0x0 0x27dfd592bb0 0x2704 0x0 0x0 0x240007 0x2704 0x90 0x0 0x300007 0x0 0x70 0x0 0x3b0005 0x0 0x0 0x0 0x0 0x0 0x0 0x410003 0x0 0xffffffffffffffa8 0x0 0x0 0x0 0x0 0x0 0x0 0x9 0x3 0x0 0x0 0x0 oops 2 3 org/jacoco/agent/rt/internal_0e20598/core/internal/flow/ClassProbesAdapter$2 18 org/jacoco/agent/rt/internal_0e20598/core/internal/flow/ClassProbesAdapter$2 methods 0
ciMethodData org/jacoco/agent/rt/internal_0e20598/core/internal/flow/MethodSanitizer visitLocalVariable (Ljava/lang/String;Ljava/lang/String;Ljava/lang/String;Lorg/jacoco/agent/rt/internal_0e20598/asm/Label;Lorg/jacoco/agent/rt/internal_0e20598/asm/Label;I)V 2 7654 orig 80 0 0 0 0 0 0 0 0 0 0 0 0 250 127 0 0 0 0 0 0 0 0 0 0 0 0 0 0 0 0 0 0 0 0 0 0 0 0 0 0 0 0 0 0 0 0 0 0 0 0 0 0 0 0 0 0 0 0 0 0 0 0 0 0 0 0 0 0 0 0 0 0 0 0 0 0 0 0 0 0 data 25 0x50007 0x0 0x50 0x1cca 0xd0007 0x0 0x30 0x1cca 0x1a0002 0x1cca 0x0 0x0 0x0 0x0 0x0 0x0 0x9 0x7 0x0 0x0 0x0 0x0 0x0 0x0 0x0 oops 0 methods 0
ciMethodData org/jacoco/agent/rt/internal_0e20598/asm/tree/MethodNode visitLocalVariable (Ljava/lang/String;Ljava/lang/String;Ljava/lang/String;Lorg/jacoco/agent/rt/internal_0e20598/asm/Label;Lorg/jacoco/agent/rt/internal_0e20598/asm/Label;I)V 2 7654 orig 80 0 0 0 0 0 0 0 0 0 0 0 0 250 127 0 0 0 0 0 0 0 0 0 0 0 0 0 0 0 0 0 0 0 0 0 0 0 0 0 0 0 0 0 0 0 0 0 0 0 0 0 0 0 0 0 0 0 0 0 0 0 0 0 0 0 0 0 0 0 0 0 0 0 0 0 0 0 0 0 0 data 33 0xa0005 0x0 0x0 0x27dfd592bb0 0x1cca 0x0 0x0 0x100005 0x0 0x0 0x27dfd592bb0 0x1cca 0x0 0x0 0x150002 0x1cca 0x210002 0x1cca 0x0 0x0 0x0 0x0 0x0 0x0 0x9 0x7 0x0 0x0 0x0 0x0 0x0 0x0 0x0 oops 2 3 org/jacoco/agent/rt/internal_0e20598/core/internal/flow/ClassProbesAdapter$2 10 org/jacoco/agent/rt/internal_0e20598/core/internal/flow/ClassProbesAdapter$2 methods 0
ciMethodData org/jacoco/agent/rt/internal_0e20598/asm/tree/LocalVariableNode <init> (Ljava/lang/String;Ljava/lang/String;Ljava/lang/String;Lorg/jacoco/agent/rt/internal_0e20598/asm/tree/LabelNode;Lorg/jacoco/agent/rt/internal_0e20598/asm/tree/LabelNode;I)V 2 7654 orig 80 0 0 0 0 0 0 0 0 0 0 0 0 250 127 0 0 0 0 0 0 0 0 0 0 0 0 0 0 0 0 0 0 0 0 0 0 0 0 0 0 0 0 0 0 0 0 0 0 0 0 0 0 0 0 0 0 0 0 0 0 0 0 0 0 0 0 0 0 0 0 0 0 0 0 0 0 0 0 0 0 data 15 0x10002 0x1cca 0x0 0x0 0x0 0x0 0x9 0x7 0x1e 0x0 0x0 0x0 0x0 0x0 0x0 oops 0 methods 0
ciMethodData org/jacoco/agent/rt/internal_0e20598/asm/ClassReader createLabel (I[Lorg/jacoco/agent/rt/internal_0e20598/asm/Label;)Lorg/jacoco/agent/rt/internal_0e20598/asm/Label; 2 5559 orig 80 0 0 0 0 0 0 0 0 0 0 0 0 250 127 0 0 0 0 0 0 0 0 0 0 0 0 0 0 0 0 0 0 0 0 0 0 0 0 0 0 0 0 0 0 0 0 0 0 0 0 0 0 0 0 0 0 0 0 0 0 0 0 0 0 0 0 0 0 0 0 0 0 0 0 0 0 0 0 0 0 data 18 0x30005 0x0 0x0 0x27dfd58cb20 0x1490 0x0 0x0 0x0 0x0 0x0 0x0 0x0 0x0 0x9 0x3 0x0 0x0 0x0 oops 1 3 org/jacoco/agent/rt/internal_0e20598/asm/ClassReader methods 0
ciMethodData org/jacoco/agent/rt/internal_0e20598/asm/ClassReader readShort (I)S 2 1295 orig 80 0 0 0 0 0 0 0 0 0 0 0 0 250 127 0 0 0 0 0 0 0 0 0 0 0 0 0 0 0 0 0 0 0 0 0 0 0 0 0 0 0 0 0 0 0 0 0 0 0 0 0 0 0 0 0 0 0 0 0 0 0 0 0 0 0 0 0 0 0 0 0 0 0 0 0 0 0 0 0 0 data 8 0x0 0x0 0x0 0x0 0x9 0x2 0x0 0x0 oops 0 methods 0
ciMethodData org/jacoco/agent/rt/internal_0e20598/asm/ClassReader getTypeAnnotationBytecodeOffset ([II)I 2 6550 orig 80 0 0 0 0 0 0 0 0 0 0 0 0 250 127 0 0 0 0 0 0 0 0 0 0 0 0 0 0 0 0 0 0 0 0 0 0 0 0 0 0 0 0 0 0 0 0 0 0 0 0 0 0 0 0 0 0 0 0 0 0 0 0 0 0 0 0 0 0 0 0 0 0 0 0 0 0 0 0 0 0 data 37 0x10007 0x18b2 0x98 0x0 0x70007 0x0 0x78 0x0 0xe0005 0x0 0x0 0x0 0x0 0x0 0x0 0x130007 0x0 0x20 0x0 0x1e0005 0x0 0x0 0x0 0x0 0x0 0x0 0x0 0x0 0x0 0x0 0x0 0x0 0x9 0x3 0x0 0x0 0x0 oops 0 methods 0
ciMethodData org/jacoco/agent/rt/internal_0e20598/core/internal/flow/MethodSanitizer visitLineNumber (ILorg/jacoco/agent/rt/internal_0e20598/asm/Label;)V 2 10443 orig 80 0 0 0 0 0 0 0 0 0 0 0 0 250 127 0 0 0 0 0 0 0 0 0 0 0 0 0 0 0 0 0 0 0 0 0 0 0 0 0 0 0 0 0 0 0 0 0 0 0 0 0 0 0 0 0 0 0 0 0 0 0 0 0 0 0 0 0 0 0 0 0 0 0 0 0 0 0 0 0 0 data 17 0x40007 0x0 0x30 0x26cc 0xa0002 0x26cc 0x0 0x0 0x0 0x0 0x0 0x0 0x9 0x3 0x0 0x0 0x0 oops 0 methods 0
ciMethodData org/jacoco/agent/rt/internal_0e20598/asm/tree/LineNumberNode <init> (ILorg/jacoco/agent/rt/internal_0e20598/asm/tree/LabelNode;)V 2 10840 orig 80 0 0 0 0 0 0 0 0 0 0 0 0 250 127 0 0 0 0 0 0 0 0 0 0 0 0 0 0 0 0 0 0 0 0 0 0 0 0 0 0 0 0 0 0 0 0 0 0 0 0 0 0 0 0 0 0 0 0 0 0 0 0 0 0 0 0 0 0 0 0 0 0 0 0 0 0 0 0 0 0 data 11 0x20002 0x2859 0x0 0x0 0x0 0x0 0x9 0x3 0x36 0x0 0x0 oops 0 methods 0
ciMethodData org/jacoco/agent/rt/internal_0e20598/asm/tree/MethodNode visitMethodInsn (ILjava/lang/String;Ljava/lang/String;Ljava/lang/String;Z)V 2 10364 orig 80 0 0 0 0 0 0 0 0 0 0 0 0 250 127 0 0 0 0 0 0 0 0 0 0 0 0 0 0 0 0 0 0 0 0 0 0 0 0 0 0 0 0 0 0 0 0 0 0 0 0 0 0 0 0 0 0 0 0 0 0 0 0 0 0 0 0 0 0 0 0 0 0 0 0 0 0 0 0 0 0 data 33 0x60007 0x267d 0x50 0x0 0xe0007 0x0 0x30 0x0 0x190002 0x0 0x340002 0x267d 0x370005 0x0 0x0 0x27dfd7f5a20 0x267d 0x0 0x0 0x0 0x0 0x0 0x0 0x0 0x0 0x9 0x6 0xffffffffffffffff 0x0 0xffffffffffffffff 0xffffffffffffffff 0xffffffffffffffff 0x0 oops 1 15 org/jacoco/agent/rt/internal_0e20598/asm/tree/InsnList methods 0
ciMethodData org/jacoco/agent/rt/internal_0e20598/asm/tree/MethodInsnNode <init> (ILjava/lang/String;Ljava/lang/String;Ljava/lang/String;Z)V 2 10364 orig 80 0 0 0 0 0 0 0 0 0 0 0 0 250 127 0 0 0 0 0 0 0 0 0 0 0 0 0 0 0 0 0 0 0 0 0 0 0 0 0 0 0 0 0 0 0 0 0 0 0 0 0 0 0 0 0 0 0 0 0 0 0 0 0 0 0 0 0 0 0 0 0 0 0 0 0 0 0 0 0 0 data 14 0x20002 0x267d 0x0 0x0 0x0 0x0 0x9 0x6 0x76 0x0 0x0 0x0 0x0 0x0 oops 0 methods 0
ciMethodData org/jacoco/agent/rt/internal_0e20598/asm/tree/MethodNode visitInsn (I)V 2 10004 orig 80 0 0 0 0 0 0 0 0 0 0 0 0 250 127 0 0 0 0 0 0 0 0 0 0 0 0 0 0 0 0 0 0 0 0 0 0 0 0 0 0 0 0 0 0 0 0 0 0 0 0 0 0 0 0 0 0 0 0 0 0 0 0 0 0 0 0 0 0 0 0 0 0 0 0 0 0 0 0 0 0 data 19 0x90002 0x2515 0xc0005 0x0 0x0 0x27dfd7f5a20 0x2515 0x0 0x0 0x0 0x0 0x0 0x0 0x0 0x0 0x9 0x2 0x0 0x0 oops 1 5 org/jacoco/agent/rt/internal_0e20598/asm/tree/InsnList methods 0
ciMethodData org/jacoco/agent/rt/internal_0e20598/asm/ClassReader readCode (Lorg/jacoco/agent/rt/internal_0e20598/asm/MethodVisitor;Lorg/jacoco/agent/rt/internal_0e20598/asm/Context;I)V 2 142676 orig 80 0 0 0 0 0 0 0 0 0 0 0 0 250 127 0 0 0 0 0 0 0 0 0 0 0 0 0 0 0 0 0 0 0 0 0 0 0 0 0 0 0 0 0 0 0 0 0 0 0 0 0 0 0 0 0 0 0 0 0 0 0 0 0 0 0 0 0 0 0 0 0 0 0 0 0 0 0 0 0 0 data 2691 0x120005 0x0 0x0 0x27dfd58cb20 0xc42 0x0 0x0 0x1c0005 0x0 0x0 0x27dfd58cb20 0xc42 0x0 0x0 0x260005 0x0 0x0 0x27dfd58cb20 0xc42 0x0 0x0 0x380007 0xc42 0x30 0x0 0x3f0002 0x0 0x600007 0xc42 0x1440 0xa671 0x770008 0x1bc 0x0 0x13f8 0x0 0xdf0 0x107 0xdf0 0x29 0xdf0 0x36e 0xdf0 0x2d4 0xdf0 0xa2 0xdf0 0x47 0xdf0 0x1c 0xdf0 0x2c 0xdf0 0x3 0xdf0 0x7 0xdf0 0x0 0xdf0 0x1 0xdf0 0x0 0xdf0 0x0 0xdf0 0x0 0xdf0 0x104 0x1398 0x26 0x13b0 0x4f2 0x1398 0x11f 0x13b0 0x7 0x13b0 0x164 0x1398 0x4 0x1398 0x0 0x1398 0x0 0x1398 0x4ce 0x1398 0xa 0xdf0 0xc2 0xdf0 0x11b 0xdf0 0x9f 0xdf0 0x1 0xdf0 0x5 0xdf0 0x3 0xdf0 0x2 0xdf0 0x0 0xdf0 0x2 0xdf0 0x0 0xdf0 0x0 0xdf0 0x0 0xdf0 0x2 0xdf0 0x0 0xdf0 0x0 0xdf0 0x134d 0xdf0 0xb27 0xdf0 0x5fc 0xdf0 0x316 0xdf0 0x9 0xdf0 0x0 0xdf0 0x0 0xdf0 0x0 0xdf0 0x3f 0xdf0 0xb 0xdf0 0x1 0xdf0 0x0 0xdf0 0xce 0x1398 0x3 0x1398 0x0 0x1398 0x0 0x1398 0x24b 0x1398 0x0 0xdf0 0x30 0xdf0 0x4e 0xdf0 0x45 0xdf0 0x0 0xdf0 0x1 0xdf0 0x2 0xdf0 0x2 0xdf0 0x0 0xdf0 0x0 0xdf0 0x0 0xdf0 0x0 0xdf0 0x0 0xdf0 0x0 0xdf0 0x0 0xdf0 0x0 0xdf0 0x27 0xdf0 0xa6 0xdf0 0x13c 0xdf0 0x102 0xdf0 0xe 0xdf0 0x0 0xdf0 0x0 0xdf0 0x0 0xdf0 0x1ea 0xdf0 0x8 0xdf0 0x4 0xdf0 0x0 0xdf0 0x310 0xdf0 0x1 0xdf0 0x5fc 0xdf0 0x2 0xdf0 0x0 0xdf0 0x0 0xdf0 0x0 0xdf0 0x0 0xdf0 0x0 0xdf0 0x68 0xdf0 0x0 0xdf0 0x0 0xdf0 0x0 0xdf0 0x3f 0xdf0 0x2 0xdf0 0x0 0xdf0 0x0 0xdf0 0x11 0xdf0 0x0 0xdf0 0x1 0xdf0 0x0 0xdf0 0x4 0xdf0 0x1 0xdf0 0x0 0xdf0 0x0 0xdf0 0x0 0xdf0 0x0 0xdf0 0x0 0xdf0 0x0 0xdf0 0x0 0xdf0 0x0 0xdf0 0x0 0xdf0 0x0 0xdf0 0x1 0xdf0 0x1 0xdf0 0x1 0xdf0 0x0 0xdf0 0x0 0xdf0 0x0 0xdf0 0x5 0xdf0 0x0 0xdf0 0x2 0xdf0 0x1 0xdf0 0x0 0xdf0 0x0 0xdf0 0x58 0x13b0 0x6 0xdf0 0x1 0xdf0 0x0 0xdf0 0x1 0xdf0 0x0 0xdf0 0x0 0xdf0 0x0 0xdf0 0x0 0xdf0 0x1 0xdf0 0x1 0xdf0 0x0 0xdf0 0x0 0xdf0 0x6 0xdf0 0x1 0xdf0 0x0 0xdf0 0x1 0xdf0 0x0 0xdf0 0x0 0xdf0 0x0 0xdf0 0x0 0xdf0 0x271 0xe08 0x10a 0xe08 0x7 0xe08 0x10 0xe08 0x0 0xe08 0x16 0xe08 0x22 0xe08 0x38 0xe08 0x8 0xe08 0x56 0xe08 0x9 0xe08 0x17 0xe08 0x40 0xe08 0x6c 0xe08 0x2c3 0xe08 0x0 0xe08 0x0 0x1398 0x7 0x10c0 0x7 0x1248 0x20a 0xdf0 0x7 0xdf0 0x0 0xdf0 0x0 0xdf0 0x7d6 0xdf0 0x3ed 0xdf0 0x2d1 0x13b0 0x112 0x13b0 0x521 0x13b0 0x216 0x13b0 0xdc7 0x13b0 0x663 0x13b0 0x9d6 0x13b0 0x70e 0x13c8 0x2b7 0x13c8 0x3bf 0x13b0 0x11 0x1398 0x106 0x13b0 0x5b 0xdf0 0x9b 0xdf0 0x279 0x13b0 0x49 0x13b0 0x1 0xdf0 0x2 0xdf0 0x0 0xfa0 0x0 0x13e0 0xbf 0xe08 0xa5 0xe08 0x0 0xf18 0x0 0xf18 0x0 0xe90 0x0 0xe90 0x0 0xe90 0x0 0xe90 0x0 0xe90 0x0 0xe90 0x0 0xe90 0x0 0xe90 0x0 0xe90 0x0 0xe90 0x0 0xe90 0x0 0xe90 0x0 0xe90 0x0 0xe90 0x0 0xe90 0x0 0xe90 0x0 0xe90 0x0 0xe90 0x0 0xf18 0x3fb0003 0x51ac 0x618 0x4060005 0x0 0x0 0x27dfd58cb20 0x953 0x0 0x0 0x40c0005 0x953 0x0 0x0 0x0 0x0 0x0 0x4130003 0x953 0x590 0x41e0005 0x0 0x0 0x0 0x0 0x0 0x0 0x4240005 0x0 0x0 0x0 0x0 0x0 0x0 0x42b0003 0x0 0x508 0x4360005 0x0 0x0 0x0 0x0 0x0 0x0 0x43c0005 0x0 0x0 0x0 0x0 0x0 0x0 0x4430003 0x0 0x480 0x4510008 0x1a 0x0 0x110 0x0 0xe0 0x0 0xe0 0x0 0xe0 0x0 0xe0 0x0 0xe0 0x0 0xe0 0x0 0xe0 0x0 0xe0 0x0 0xe0 0x0 0xe0 0x0 0xf8 0x0 0xe0 0x4bf0003 0x0 0x388 0x4c50003 0x0 0x370 0x4cc0002 0x0 0x4e10005 0x0 0x0 0x27dfd58cb20 0x7 0x0 0x0 0x4e70005 0x7 0x0 0x0 0x0 0x0 0x0 0x4f10005 0x0 0x0 0x27dfd58cb20 0x7 0x0 0x0 0x4f90005 0x0 0x0 0x27dfd58cb20 0x7 0x0 0x0 0x5090007 0x7 0x268 0x20 0x5120005 0x0 0x0 0x27dfd58cb20 0x20 0x0 0x0 0x5180005 0x20 0x0 0x0 0x0 0x0 0x0 0x51f0003 0x20 0xffffffffffffff70 0x5330005 0x0 0x0 0x27dfd58cb20 0x7 0x0 0x0 0x5390005 0x7 0x0 0x0 0x0 0x0 0x0 0x5420005 0x0 0x0 0x27dfd58cb20 0x7 0x0 0x0 0x54f0007 0x7 0x118 0x10 0x55a0005 0x0 0x0 0x27dfd58cb20 0x10 0x0 0x0 0x5600005 0x10 0x0 0x0 0x0 0x0 0x0 0x5670003 0x10 0xffffffffffffff70 0x56d0003 0xf59 0x70 0x5730003 0x3245 0x58 0x5790003 0x9c5 0x40 0x57f0003 0x0 0x28 0x5860002 0x0 0x58a0003 0xa670 0xffffffffffffebd8 0x5900005 0x0 0x0 0x27dfd58cb20 0xc42 0x0 0x0 0x59d0007 0xc42 0x230 0xc4 0x5a40005 0x0 0x0 0x27dfd58cb20 0xc4 0x0 0x0 0x5a90005 0xc4 0x0 0x0 0x0 0x0 0x0 0x5b40005 0x0 0x0 0x27dfd58cb20 0xc4 0x0 0x0 0x5b90005 0xc4 0x0 0x0 0x0 0x0 0x0 0x5c40005 0x0 0x0 0x27dfd58cb20 0xc4 0x0 0x0 0x5c90005 0xc4 0x0 0x0 0x0 0x0 0x0 0x5d90005 0x0 0x0 0x27dfd58cb20 0xc4 0x0 0x0 0x5df0005 0x0 0x0 0x27dfd58cb20 0xc4 0x0 0x0 0x5f00005 0x0 0x0 0x27dfd592bb0 0xc4 0x0 0x0 0x5f30003 0xc4 0xfffffffffffffde8 0x6110005 0x0 0x0 0x27dfd58cb20 0xc42 0x0 0x0 0x61e0007 0xc41 0x780 0x1de6 0x6260005 0x0 0x0 0x27dfd58cb20 0x1de6 0x0 0x0 0x6300005 0x0 0x0 0x27dfd58cb20 0x1de7 0x0 0x0 0x63d0005 0x1de7 0x0 0x0 0x0 0x0 0x0 0x6400007 0x126f 0x1a8 0xb78 0x6490007 0x0 0x680 0xb78 0x6570005 0x0 0x0 0x27dfd58cb20 0xb78 0x0 0x0 0x6640007 0xb78 0x118 0x1bac 0x66a0005 0x0 0x0 0x27dfd58cb20 0x1bac 0x0 0x0 0x6740005 0x1bac 0x0 0x0 0x0 0x0 0x0 0x67c0005 0x0 0x0 0x27dfd58cb20 0x1bac 0x0 0x0 0x6890005 0x1bac 0x0 0x0 0x0 0x0 0x0 0x68f0003 0x1bac 0xffffffffffffff00 0x6920003 0xb78 0x510 0x69a0005 0x126f 0x0 0x0 0x0 0x0 0x0 0x69d0007 0xf32 0x38 0x33d 0x6a40003 0x33d 0x4a0 0x6ac0005 0xf32 0x0 0x0 0x0 0x0 0x0 0x6af0007 0x2f0 0x1a8 0xc42 0x6b80007 0x0 0x430 0xc42 0x6c20005 0x0 0x0 0x27dfd58cb20 0xc42 0x0 0x0 0x6cf0007 0xc42 0x118 0x269b 0x6d50005 0x0 0x0 0x27dfd58cb20 0x269b 0x0 0x0 0x6df0005 0x0 0x0 0x27dfd58cb20 0x269b 0x0 0x0 0x6ec0005 0x269b 0x0 0x0 0x0 0x0 0x0 0x6f60005 0x269b 0x0 0x0 0x0 0x0 0x0 0x6f90003 0x269b 0xffffffffffffff00 0x6fc0003 0xc42 0x2c0 0x7040005 0x2f0 0x0 0x0 0x0 0x0 0x0 0x7070007 0x2f0 0x70 0x0 0x7100005 0x0 0x0 0x0 0x0 0x0 0x0 0x7150003 0x0 0x218 0x71d0005 0x2f0 0x0 0x0 0x0 0x0 0x0 0x7200007 0x2f0 0x70 0x0 0x7290005 0x0 0x0 0x0 0x0 0x0 0x0 0x72e0003 0x0 0x170 0x7360005 0x2f0 0x0 0x0 0x0 0x0 0x0 0x7390007 0x0 0x58 0x2f0 0x7420007 0x0 0x100 0x2f0 0x7520003 0x2f0 0xe0 0x75a0005 0x0 0x0 0x0 0x0 0x0 0x0 0x75d0007 0x0 0x58 0x0 0x7660007 0x0 0x70 0x0 0x7790003 0x0 0x50 0x78c0005 0x0 0x0 0x0 0x0 0x0 0x0 0x7a30003 0x1de6 0xfffffffffffff898 0x7ad0007 0x8a 0x38 0xbb7 0x7b10003 0xbb7 0x18 0x7b90007 0x952 0x1a0 0x2f0 0x7e90007 0xf 0x58 0x2e1 0x7ee0005 0x2e1 0x0 0x0 0x0 0x0 0x0 0x7fb0007 0x2f0 0x128 0x20bf 0x8050007 0x205a 0xf0 0x65 0x80d0005 0x0 0x0 0x27dfd58cb20 0x65 0x0 0x0 0x8140007 0x0 0x98 0x65 0x81b0007 0x58 0x78 0xd 0x82d0007 0x4 0x58 0x9 0x8350005 0x9 0x0 0x0 0x0 0x0 0x0 0x83c0003 0x20bf 0xfffffffffffffef0 0x8410007 0x8a 0x78 0xbb8 0x84c0007 0xbb8 0x58 0x0 0x8560005 0x0 0x0 0x0 0x0 0x0 0x0 0x8600005 0xc42 0x0 0x0 0x0 0x0 0x0 0x86c0005 0xc42 0x0 0x0 0x0 0x0 0x0 0x87c0007 0x0 0x38 0xc42 0x8810003 0xc42 0x18 0x88f0007 0xc42 0x2710 0xa66e 0x89c0005 0x0 0x0 0x27dfd58cb20 0xa66e 0x0 0x0 0x8a80007 0x7bfa 0x90 0x2a75 0x8b40007 0x0 0x38 0x2a75 0x8b80003 0x2a75 0x18 0x8bc0005 0x2a75 0x0 0x0 0x0 0x0 0x0 0x8c10007 0x5abf 0x1d0 0x573a 0x8ca0007 0x89a 0x40 0x4ea0 0x8d20007 0x4bb0 0x190 0x2f0 0x8da0007 0x2f0 0xe8 0x89a 0x8df0007 0x0 0x40 0x89a 0x8e40007 0x1d 0x70 0x87d 0x8f90005 0x0 0x0 0x27dfd592bb0 0x87d 0x0 0x0 0x8fc0003 0x87d 0x50 0x9140005 0x0 0x0 0x27dfd592bb0 0x1d 0x0 0x0 0x91e0007 0x2f0 0x70 0x89a 0x9290005 0x89a 0x0 0x0 0x0 0x0 0x0 0x92e0003 0x89a 0xfffffffffffffe60 0x9340003 0x2f0 0xfffffffffffffe48 0x9390007 0xa66e 0x78 0x0 0x9430007 0x0 0x58 0x0 0x94e0005 0x0 0x0 0x0 0x0 0x0 0x0 0x9610008 0x1bc 0x0 0x2058 0x0 0xdf0 0x107 0xdf0 0x29 0xdf0 0x36e 0xdf0 0x2d4 0xdf0 0xa2 0xdf0 0x47 0xdf0 0x1c 0xdf0 0x2c 0xdf0 0x3 0xdf0 0x7 0xdf0 0x0 0xdf0 0x1 0xdf0 0x0 0xdf0 0x0 0xdf0 0x0 0xdf0 0x104 0x1768 0x26 0x17b8 0x4f2 0x1840 0x11f 0x18c8 0x7 0x18c8 0x164 0x1718 0x4 0x1718 0x0 0x1718 0x0 0x1718 0x4ce 0x1718 0xa 0xe40 0xc2 0xe40 0x11b 0xe40 0x9f 0xe40 0x1 0xe40 0x5 0xe40 0x3 0xe40 0x2 0xe40 0x0 0xe40 0x2 0xe40 0x0 0xe40 0x0 0xe40 0x0 0xe40 0x2 0xe40 0x0 0xe40 0x0 0xe40 0x134d 0xe40 0xb27 0xe40 0x5fc 0xe40 0x316 0xe40 0x9 0xdf0 0x0 0xdf0 0x0 0xdf0 0x0 0xdf0 0x3f 0xdf0 0xb 0xdf0 0x1 0xdf0 0x0 0xdf0 0xce 0x1718 0x3 0x1718 0x0 0x1718 0x0 0x1718 0x24b 0x1718 0x0 0xe90 0x30 0xe90 0x4e 0xe90 0x45 0xe90 0x0 0xe90 0x1 0xe90 0x2 0xe90 0x2 0xe90 0x0 0xe90 0x0 0xe90 0x0 0xe90 0x0 0xe90 0x0 0xe90 0x0 0xe90 0x0 0xe90 0x0 0xe90 0x27 0xe90 0xa6 0xe90 0x13c 0xe90 0x102 0xe90 0xe 0xdf0 0x0 0xdf0 0x0 0xdf0 0x0 0xdf0 0x1ea 0xdf0 0x8 0xdf0 0x4 0xdf0 0x0 0xdf0 0x310 0xdf0 0x1 0xdf0 0x5fc 0xdf0 0x2 0xdf0 0x0 0xdf0 0x0 0xdf0 0x0 0xdf0 0x0 0xdf0 0x0 0xdf0 0x68 0xdf0 0x0 0xdf0 0x0 0xdf0 0x0 0xdf0 0x3f 0xdf0 0x2 0xdf0 0x0 0xdf0 0x0 0xdf0 0x11 0xdf0 0x0 0xdf0 0x1 0xdf0 0x0 0xdf0 0x4 0xdf0 0x1 0xdf0 0x0 0xdf0 0x0 0xdf0 0x0 0xdf0 0x0 0xdf0 0x0 0xdf0 0x0 0xdf0 0x0 0xdf0 0x0 0xdf0 0x0 0xdf0 0x0 0xdf0 0x1 0xdf0 0x1 0xdf0 0x1 0xdf0 0x0 0xdf0 0x0 0xdf0 0x0 0xdf0 0x5 0xdf0 0x0 0xdf0 0x2 0xdf0 0x1 0xdf0 0x0 0xdf0 0x0 0xdf0 0x58 0x1f80 0x6 0xdf0 0x1 0xdf0 0x0 0xdf0 0x1 0xdf0 0x0 0xdf0 0x0 0xdf0 0x0 0xdf0 0x0 0xdf0 0x1 0xdf0 0x1 0xdf0 0x0 0xdf0 0x0 0xdf0 0x6 0xdf0 0x1 0xdf0 0x0 0xdf0 0x1 0xdf0 0x0 0xdf0 0x0 0xdf0 0x0 0xdf0 0x0 0xdf0 0x271 0xee0 0x10a 0xee0 0x7 0xee0 0x10 0xee0 0x0 0xee0 0x16 0xee0 0x22 0xee0 0x38 0xee0 0x8 0xee0 0x56 0xee0 0x9 0xee0 0x17 0xee0 0x40 0xee0 0x6c 0xee0 0x2c3 0xee0 0x0 0xee0 0x0 0x1718 0x7 0x13d8 0x7 0x1578 0x20a 0xdf0 0x7 0xdf0 0x0 0xdf0 0x0 0xdf0 0x7d6 0xdf0 0x3ed 0xdf0 0x2d1 0x1988 0x112 0x1988 0x521 0x1988 0x216 0x1988 0xdc7 0x1988 0x663 0x1988 0x9d6 0x1988 0x70e 0x1988 0x2b7 0x1bd0 0x3bf 0x1ef8 0x11 0x1768 0x106 0x1ef8 0x5b 0xdf0 0x9b 0xdf0 0x279 0x1ef8 0x49 0x1ef8 0x1 0xdf0 0x2 0xdf0 0x0 0x1270 0x0 0x1fd0 0xbf 0xee0 0xa5 0xee0 0x0 0xf68 0x0 0xf68 0x0 0xff0 0x0 0xff0 0x0 0xff0 0x0 0xff0 0x0 0xff0 0x0 0xff0 0x0 0xff0 0x0 0xff0 0x0 0xff0 0x0 0xff0 0x0 0xff0 0x0 0xff0 0x0 0xff0 0x0 0xff0 0x0 0xff0 0x0 0xff0 0x0 0xff0 0x0 0xff0 0x0 0x11e8 0xce70005 0x0 0x0 0x27dfd592bb0 0x23bf 0x0 0x0 0xced0003 0x23bf 0x1240 0xcff0005 0x0 0x0 0x27dfd592bb0 0x2a1b 0x0 0x0 0xd050003 0x2a1b 0x11f0 0xd170005 0x0 0x0 0x27dfd592bb0 0x3d3 0x0 0x0 0xd1d0003 0x3d3 0x11a0 0xd2c0005 0x0 0x0 0x27dfd58cb20 0x953 0x0 0x0 0xd310005 0x0 0x0 0x27dfd592bb0 0x953 0x0 0x0 0xd370003 0x953 0x1118 0xd490005 0x0 0x0 0x0 0x0 0x0 0x0 0xd4e0005 0x0 0x0 0x0 0x0 0x0 0x0 0xd540003 0x0 0x1090 0xd5c0007 0x0 0x38 0x0 0xd640003 0x0 0x18 0xd770005 0x0 0x0 0x0 0x0 0x0 0x0 0xd830007 0x0 0x40 0x0 0xd8b0007 0x0 0x70 0x0 0xd960005 0x0 0x0 0x0 0x0 0x0 0x0 0xd990003 0x0 0xf8 0xda10007 0x0 0x38 0x0 0xdac0003 0x0 0x18 0xdbc0005 0x0 0x0 0x0 0x0 0x0 0x0 0xdc60005 0x0 0x0 0x0 0x0 0x0 0x0 0xdcf0005 0x0 0x0 0x0 0x0 0x0 0x0 0xdd80003 0x0 0xe98 0xde80005 0x0 0x0 0x0 0x0 0x0 0x0 0xded0005 0x0 0x0 0x0 0x0 0x0 0x0 0xdf60003 0x0 0xe10 0xe0b0007 0x0 0xe0 0x0 0xe140005 0x0 0x0 0x0 0x0 0x0 0x0 0xe1c0005 0x0 0x0 0x0 0x0 0x0 0x0 0xe1f0005 0x0 0x0 0x0 0x0 0x0 0x0 0xe250003 0x0 0xd30 0xe300005 0x0 0x0 0x0 0x0 0x0 0x0 0xe330005 0x0 0x0 0x0 0x0 0x0 0x0 0xe390003 0x0 0xca8 0xe4e0005 0x0 0x0 0x27dfd58cb20 0x7 0x0 0x0 0xe5a0005 0x0 0x0 0x27dfd58cb20 0x7 0x0 0x0 0xe650005 0x0 0x0 0x27dfd58cb20 0x7 0x0 0x0 0xe810007 0x7 0xa8 0x20 0xe8f0005 0x0 0x0 0x27dfd58cb20 0x20 0x0 0x0 0xe940004 0x0 0x0 0x27dfd592c60 0x20 0x0 0x0 0xe9b0003 0x20 0xffffffffffffff70 0xea70005 0x0 0x0 0x27dfd592bb0 0x7 0x0 0x0 0xeaa0003 0x7 0xb08 0xebf0005 0x0 0x0 0x27dfd58cb20 0x7 0x0 0x0 0xecb0005 0x0 0x0 0x27dfd58cb20 0x7 0x0 0x0 0xee70007 0x7 0xe0 0x10 0xef10005 0x0 0x0 0x27dfd58cb20 0x10 0x0 0x0 0xf020005 0x0 0x0 0x27dfd58cb20 0x10 0x0 0x0 0xf070004 0x0 0x0 0x27dfd592c60 0x10 0x0 0x0 0xf0e0003 0x10 0xffffffffffffff38 0xf180005 0x0 0x0 0x27dfd592bb0 0x7 0x0 0x0 0xf1b0003 0x7 0x968 0xf2c0005 0x0 0x0 0x27dfd592bb0 0x952 0x0 0x0 0xf320003 0x952 0x918 0xf3f0005 0x0 0x0 0x27dfd592bb0 0x115 0x0 0x0 0xf450003 0x115 0x8c8 0xf500005 0x0 0x0 0x27dfd58cb20 0x26 0x0 0x0 0xf530005 0x0 0x0 0x27dfd592bb0 0x26 0x0 0x0 0xf590003 0x26 0x840 0xf6b0005 0x0 0x0 0x27dfd58cb20 0x4f2 0x0 0x0 0xf6e0005 0x0 0x0 0x27dfd592bb0 0x4f2 0x0 0x0 0xf740003 0x4f2 0x7b8 0xf7e0005 0x0 0x0 0x27dfd58cb20 0x126 0x0 0x0 0xf830005 0x0 0x0 0x27dfd58cb20 0x126 0x0 0x0 0xf860005 0x0 0x0 0x27dfd592bb0 0x126 0x0 0x0 0xf8c0003 0x126 0x6f8 0xf980005 0x0 0x0 0x27dfd58cb20 0x3028 0x0 0x0 0xfa70005 0x0 0x0 0x27dfd58cb20 0x3028 0x0 0x0 0xfb20005 0x0 0x0 0x27dfd58cb20 0x3028 0x0 0x0 0xfbc0005 0x0 0x0 0x27dfd58cb20 0x3028 0x0 0x0 0xfc80005 0x0 0x0 0x27dfd58cb20 0x3028 0x0 0x0 0xfd20007 0x250e 0x70 0xb1a 0xfde0005 0x0 0x0 0x27dfd592bb0 0xb1a 0x0 0x0 0xfe10003 0xb1a 0x88 0xfed0007 0x1dbd 0x38 0x751 0xff10003 0x751 0x18 0x10020005 0x0 0x0 0x27dfd592bb0 0x250e 0x0 0x0 0x100a0007 0x2919 0x38 0x70e 0x10100003 0x70e 0x4c8 0x10160003 0x2919 0x4b0 0x10220005 0x0 0x0 0x27dfd58cb20 0x2b7 0x0 0x0 0x10310005 0x0 0x0 0x27dfd58cb20 0x2b7 0x0 0x0 0x103c0005 0x0 0x0 0x27dfd58cb20 0x2b7 0x0 0x0 0x10480005 0x0 0x0 0x27dfd58cb20 0x2b7 0x0 0x0 0x10540005 0x0 0x0 0x27dfd58cb20 0x2b7 0x0 0x0 0x105e0005 0x0 0x0 0x27dfd58cb20 0x2b7 0x0 0x0 0x10630005 0x0 0x0 0x27dfd58cb20 0x2b7 0x0 0x0 0x10660004 0x0 0x0 0x27dfd592d10 0x2b7 0x0 0x0 0x10700005 0x0 0x0 0x27dfd58cb20 0x2b7 0x0 0x0 0x10830007 0x2b7 0xe0 0x819 0x108e0005 0x0 0x0 0x27dfd58cb20 0x819 0x0 0x0 0x10930005 0x0 0x0 0x27dfd58cb20 0x819 0x0 0x0 0x10960004 0x0 0x0 0x27dfd592dc0 0x562 0x27dfd592d10 0x2b1 0x109d0003 0x819 0xffffffffffffff38 0x10a90005 0x0 0x0 0x27dfd592bb0 0x2b7 0x0 0x0 0x10af0003 0x2b7 0x188 0x10bc0005 0x0 0x0 0x27dfd58cb20 0x787 0x0 0x0 0x10bf0005 0x0 0x0 0x27dfd592bb0 0x787 0x0 0x0 0x10c50003 0x787 0x100 0x10db0005 0x0 0x0 0x27dfd592bb0 0x58 0x0 0x0 0x10e10003 0x58 0xb0 0x10ec0005 0x0 0x0 0x0 0x0 0x0 0x0 0x10fa0005 0x0 0x0 0x0 0x0 0x0 0x0 0x11000003 0x0 0x28 0x11070002 0x0 0x110d0007 0xa670 0x1b0 0x0 0x11150007 0x0 0x190 0x0 0x111c0007 0x0 0x170 0x0 0x11230007 0x0 0x100 0x0 0x112d0005 0x0 0x0 0x0 0x0 0x0 0x0 0x11370005 0x0 0x0 0x0 0x0 0x0 0x0 0x114c0005 0x0 0x0 0x0 0x0 0x0 0x0 0x11540005 0x0 0x0 0x0 0x0 0x0 0x0 0x11600005 0x0 0x0 0x0 0x0 0x0 0x0 0x11650003 0x0 0xfffffffffffffe68 0x116a0007 0xa66f 0x1b0 0x0 0x11720007 0x0 0x190 0x0 0x11790007 0x0 0x170 0x0 0x11800007 0x0 0x100 0x0 0x118a0005 0x0 0x0 0x0 0x0 0x0 0x0 0x11940005 0x0 0x0 0x0 0x0 0x0 0x0 0x11a90005 0x0 0x0 0x0 0x0 0x0 0x0 0x11b10005 0x0 0x0 0x0 0x0 0x0 0x0 0x11bd0005 0x0 0x0 0x0 0x0 0x0 0x0 0x11c20003 0x0 0xfffffffffffffe68 0x11c50003 0xa66f 0xffffffffffffd908 0x11cd0007 0xd0 0x58 0xb72 0x11d60005 0x0 0x0 0x27dfd592bb0 0xb72 0x0 0x0 0x11db0007 0xca 0x3e8 0xb78 0x11e40007 0x0 0x3c8 0xb78 0x11ec0007 0x83b 0x100 0x33d 0x11f20005 0x0 0x0 0x27dfd58cb20 0x33d 0x0 0x0 0x12080007 0x33d 0xa8 0x565 0x12250005 0x0 0x0 0x27dfd58cb20 0x565 0x0 0x0 0x12330005 0x0 0x0 0x27dfd58cb20 0x565 0x0 0x0 0x123a0003 0x565 0xffffffffffffff70 0x12400005 0x0 0x0 0x27dfd58cb20 0xb78 0x0 0x0 0x12500007 0xb78 0x270 0x1bac 0x12560005 0x0 0x0 0x27dfd58cb20 0x1bac 0x0 0x0 0x12600005 0x0 0x0 0x27dfd58cb20 0x1bac 0x0 0x0 0x126c0005 0x0 0x0 0x27dfd58cb20 0x1bac 0x0 0x0 0x12790005 0x0 0x0 0x27dfd58cb20 0x1bac 0x0 0x0 0x12840005 0x0 0x0 0x27dfd58cb20 0x1bac 0x0 0x0 0x12910007 0x10b8 0xe8 0xaf4 0x129c0007 0x58f 0xc8 0x12f2 0x12a60007 0x7a3 0x90 0xb4f 0x12b20007 0x5ea 0x70 0x565 0x12bf0005 0x0 0x0 0x27dfd58cb20 0x565 0x0 0x0 0x12c40003 0x565 0x30 0x12ca0003 0xd8d 0xffffffffffffff50 0x12e30005 0x0 0x0 0x27dfd592bb0 0x1bac 0x0 0x0 0x12e60003 0x1bac 0xfffffffffffffda8 0x12eb0007 0xc42 0x1b0 0x0 0x12fe0007 0x0 0x190 0x0 0x130b0005 0x0 0x0 0x0 0x0 0x0 0x0 0x13140007 0x0 0x40 0x0 0x131b0007 0x0 0x100 0x0 0x13220005 0x0 0x0 0x0 0x0 0x0 0x0 0x132c0005 0x0 0x0 0x0 0x0 0x0 0x0 0x134d0005 0x0 0x0 0x0 0x0 0x0 0x0 0x13550005 0x0 0x0 0x0 0x0 0x0 0x0 0x135c0003 0x0 0xfffffffffffffe88 0x13610007 0xc42 0x1b0 0x0 0x13740007 0x0 0x190 0x0 0x13810005 0x0 0x0 0x0 0x0 0x0 0x0 0x138a0007 0x0 0x40 0x0 0x13910007 0x0 0x100 0x0 0x13980005 0x0 0x0 0x0 0x0 0x0 0x0 0x13a20005 0x0 0x0 0x0 0x0 0x0 0x0 0x13c30005 0x0 0x0 0x0 0x0 0x0 0x0 0x13cb0005 0x0 0x0 0x0 0x0 0x0 0x0 0x13d20003 0x0 0xfffffffffffffe88 0x13d70007 0xc42 0x70 0x0 0x13ea0005 0x0 0x0 0x0 0x0 0x0 0x0 0x13f10003 0x0 0xffffffffffffffa8 0x13f90005 0x0 0x0 0x27dfd592bb0 0xc42 0x0 0x0 0x0 0x0 0x0 0x0 0x0 0x0 0x0 0x0 0x0 0x0 0x0 0x0 0x0 0x0 0x0 0x0 0x0 0x0 0x0 0x0 0x0 0x0 0x0 0x0 0x0 0x0 0x0 0x0 0x0 0x0 0x0 0x0 0x0 0x0 0x0 0x0 0x0 0x0 0x0 0x0 0x0 0x0 0x0 0x0 0x0 0x0 0x0 0x0 0x0 0x0 0x0 0x0 0x0 0x0 0x0 0x0 0x0 0x0 0x0 0x0 0x0 0x0 0x0 0x0 0x0 0x0 0x0 0x0 0x0 0x0 0x0 0x0 0x0 0x0 0x0 0x0 0x9 0x4 0x0 0x0 0x0 0x0 oops 94 3 org/jacoco/agent/rt/internal_0e20598/asm/ClassReader 10 org/jacoco/agent/rt/internal_0e20598/asm/ClassReader 17 org/jacoco/agent/rt/internal_0e20598/asm/ClassReader 483 org/jacoco/agent/rt/internal_0e20598/asm/ClassReader 570 org/jacoco/agent/rt/internal_0e20598/asm/ClassReader 584 org/jacoco/agent/rt/internal_0e20598/asm/ClassReader 591 org/jacoco/agent/rt/internal_0e20598/asm/ClassReader 602 org/jacoco/agent/rt/internal_0e20598/asm/ClassReader 619 org/jacoco/agent/rt/internal_0e20598/asm/ClassReader 633 org/jacoco/agent/rt/internal_0e20598/asm/ClassReader 644 org/jacoco/agent/rt/internal_0e20598/asm/ClassReader 678 org/jacoco/agent/rt/internal_0e20598/asm/ClassReader 689 org/jacoco/agent/rt/internal_0e20598/asm/ClassReader 703 org/jacoco/agent/rt/internal_0e20598/asm/ClassReader 717 org/jacoco/agent/rt/internal_0e20598/asm/ClassReader 731 org/jacoco/agent/rt/internal_0e20598/asm/ClassReader 738 org/jacoco/agent/rt/internal_0e20598/asm/ClassReader 745 org/jacoco/agent/rt/internal_0e20598/core/internal/flow/ClassProbesAdapter$2 755 org/jacoco/agent/rt/internal_0e20598/asm/ClassReader 766 org/jacoco/agent/rt/internal_0e20598/asm/ClassReader 773 org/jacoco/agent/rt/internal_0e20598/asm/ClassReader 795 org/jacoco/agent/rt/internal_0e20598/asm/ClassReader 806 org/jacoco/agent/rt/internal_0e20598/asm/ClassReader 820 org/jacoco/agent/rt/internal_0e20598/asm/ClassReader 869 org/jacoco/agent/rt/internal_0e20598/asm/ClassReader 880 org/jacoco/agent/rt/internal_0e20598/asm/ClassReader 887 org/jacoco/agent/rt/internal_0e20598/asm/ClassReader 1032 org/jacoco/agent/rt/internal_0e20598/asm/ClassReader 1101 org/jacoco/agent/rt/internal_0e20598/asm/ClassReader 1150 org/jacoco/agent/rt/internal_0e20598/core/internal/flow/ClassProbesAdapter$2 1160 org/jacoco/agent/rt/internal_0e20598/core/internal/flow/ClassProbesAdapter$2 1645 org/jacoco/agent/rt/internal_0e20598/core/internal/flow/ClassProbesAdapter$2 1655 org/jacoco/agent/rt/internal_0e20598/core/internal/flow/ClassProbesAdapter$2 1665 org/jacoco/agent/rt/internal_0e20598/core/internal/flow/ClassProbesAdapter$2 1675 org/jacoco/agent/rt/internal_0e20598/asm/ClassReader 1682 org/jacoco/agent/rt/internal_0e20598/core/internal/flow/ClassProbesAdapter$2 1834 org/jacoco/agent/rt/internal_0e20598/asm/ClassReader 1841 org/jacoco/agent/rt/internal_0e20598/asm/ClassReader 1848 org/jacoco/agent/rt/internal_0e20598/asm/ClassReader 1859 org/jacoco/agent/rt/internal_0e20598/asm/ClassReader 1866 org/jacoco/agent/rt/internal_0e20598/asm/Label 1876 org/jacoco/agent/rt/internal_0e20598/core/internal/flow/ClassProbesAdapter$2 1886 org/jacoco/agent/rt/internal_0e20598/asm/ClassReader 1893 org/jacoco/agent/rt/internal_0e20598/asm/ClassReader 1904 org/jacoco/agent/rt/internal_0e20598/asm/ClassReader 1911 org/jacoco/agent/rt/internal_0e20598/asm/ClassReader 1918 org/jacoco/agent/rt/internal_0e20598/asm/Label 1928 org/jacoco/agent/rt/internal_0e20598/core/internal/flow/ClassProbesAdapter$2 1938 org/jacoco/agent/rt/internal_0e20598/core/internal/flow/ClassProbesAdapter$2 1948 org/jacoco/agent/rt/internal_0e20598/core/internal/flow/ClassProbesAdapter$2 1958 org/jacoco/agent/rt/internal_0e20598/asm/ClassReader 1965 org/jacoco/agent/rt/internal_0e20598/core/internal/flow/ClassProbesAdapter$2 1975 org/jacoco/agent/rt/internal_0e20598/asm/ClassReader 1982 org/jacoco/agent/rt/internal_0e20598/core/internal/flow/ClassProbesAdapter$2 1992 org/jacoco/agent/rt/internal_0e20598/asm/ClassReader 1999 org/jacoco/agent/rt/internal_0e20598/asm/ClassReader 2006 org/jacoco/agent/rt/internal_0e20598/core/internal/flow/ClassProbesAdapter$2 2016 org/jacoco/agent/rt/internal_0e20598/asm/ClassReader 2023 org/jacoco/agent/rt/internal_0e20598/asm/ClassReader 2030 org/jacoco/agent/rt/internal_0e20598/asm/ClassReader 2037 org/jacoco/agent/rt/internal_0e20598/asm/ClassReader 2044 org/jacoco/agent/rt/internal_0e20598/asm/ClassReader 2055 org/jacoco/agent/rt/internal_0e20598/core/internal/flow/ClassProbesAdapter$2 2072 org/jacoco/agent/rt/internal_0e20598/core/internal/flow/ClassProbesAdapter$2 2089 org/jacoco/agent/rt/internal_0e20598/asm/ClassReader 2096 org/jacoco/agent/rt/internal_0e20598/asm/ClassReader 2103 org/jacoco/agent/rt/internal_0e20598/asm/ClassReader 2110 org/jacoco/agent/rt/internal_0e20598/asm/ClassReader 2117 org/jacoco/agent/rt/internal_0e20598/asm/ClassReader 2124 org/jacoco/agent/rt/internal_0e20598/asm/ClassReader 2131 org/jacoco/agent/rt/internal_0e20598/asm/ClassReader 2138 org/jacoco/agent/rt/internal_0e20598/asm/Handle 2145 org/jacoco/agent/rt/internal_0e20598/asm/ClassReader 2156 org/jacoco/agent/rt/internal_0e20598/asm/ClassReader 2163 org/jacoco/agent/rt/internal_0e20598/asm/ClassReader 2170 org/jacoco/agent/rt/internal_0e20598/asm/Type 2172 org/jacoco/agent/rt/internal_0e20598/asm/Handle 2180 org/jacoco/agent/rt/internal_0e20598/core/internal/flow/ClassProbesAdapter$2 2190 org/jacoco/agent/rt/internal_0e20598/asm/ClassReader 2197 org/jacoco/agent/rt/internal_0e20598/core/internal/flow/ClassProbesAdapter$2 2207 org/jacoco/agent/rt/internal_0e20598/core/internal/flow/ClassProbesAdapter$2 2351 org/jacoco/agent/rt/internal_0e20598/core/internal/flow/ClassProbesAdapter$2 2370 org/jacoco/agent/rt/internal_0e20598/asm/ClassReader 2381 org/jacoco/agent/rt/internal_0e20598/asm/ClassReader 2388 org/jacoco/agent/rt/internal_0e20598/asm/ClassReader 2398 org/jacoco/agent/rt/internal_0e20598/asm/ClassReader 2409 org/jacoco/agent/rt/internal_0e20598/asm/ClassReader 2416 org/jacoco/agent/rt/internal_0e20598/asm/ClassReader 2423 org/jacoco/agent/rt/internal_0e20598/asm/ClassReader 2430 org/jacoco/agent/rt/internal_0e20598/asm/ClassReader 2437 org/jacoco/agent/rt/internal_0e20598/asm/ClassReader 2460 org/jacoco/agent/rt/internal_0e20598/asm/ClassReader 2473 org/jacoco/agent/rt/internal_0e20598/core/internal/flow/ClassProbesAdapter$2 2605 org/jacoco/agent/rt/internal_0e20598/core/internal/flow/ClassProbesAdapter$2 methods 0
ciMethodData org/jacoco/agent/rt/internal_0e20598/asm/ClassReader computeImplicitFrame (Lorg/jacoco/agent/rt/internal_0e20598/asm/Context;)V 2 30499 orig 80 0 0 0 0 0 0 0 0 0 0 0 0 250 127 0 0 0 0 0 0 0 0 0 0 0 0 0 0 0 0 0 0 0 0 0 0 0 0 0 0 0 0 0 0 0 0 0 0 0 0 0 0 0 0 0 0 0 0 0 0 0 0 0 0 0 0 0 0 0 0 0 0 0 0 0 0 0 0 0 0 data 242 0x140007 0x14f 0x138 0x1b8 0x1e0005 0x1b8 0x0 0x0 0x0 0x0 0x0 0x210007 0x19f 0x70 0x19 0x2d0004 0x0 0x0 0x27db6ac61e0 0x19 0x0 0x0 0x2e0003 0x19 0x88 0x420005 0x0 0x0 0x27dfd58cb20 0x19f 0x0 0x0 0x450004 0x0 0x0 0x27db6ac2500 0x19f 0x0 0x0 0x530005 0x774 0x0 0x0 0x0 0x0 0x0 0x560008 0x36 0x307 0x5b8 0x0 0x1c0 0x6 0x1c0 0x0 0x2b0 0x0 0x5b8 0x0 0x210 0x0 0x5b8 0x0 0x5b8 0x34 0x1c0 0x1 0x260 0x0 0x5b8 0x3e5 0x4c0 0x0 0x5b8 0x0 0x5b8 0x0 0x5b8 0x0 0x5b8 0x0 0x5b8 0x0 0x5b8 0x0 0x1c0 0x0 0x5b8 0x0 0x5b8 0x0 0x5b8 0x0 0x5b8 0x0 0x5b8 0x0 0x5b8 0x1c 0x1c0 0x31 0x300 0xd50004 0x0 0x0 0x27db6ac61e0 0x56 0x0 0x0 0xd60003 0x56 0x3c0 0xe20004 0x0 0x0 0x0 0x0 0x0 0x0 0xe30003 0x0 0x370 0xef0004 0x0 0x0 0x27db6ac61e0 0x1 0x0 0x0 0xf00003 0x1 0x320 0xfc0004 0x0 0x0 0x0 0x0 0x0 0x0 0xfd0003 0x0 0x2d0 0x1030005 0x31 0x0 0x0 0x0 0x0 0x0 0x1080007 0x31 0x38 0x0 0x10e0003 0x0 0xffffffffffffffa8 0x1140005 0x31 0x0 0x0 0x0 0x0 0x0 0x1190007 0x9 0x90 0x28 0x1220005 0x311 0x0 0x0 0x0 0x0 0x0 0x1270007 0x28 0x38 0x2e9 0x12d0003 0x2e9 0xffffffffffffffa8 0x13e0005 0x31 0x0 0x0 0x0 0x0 0x0 0x1410004 0x0 0x0 0x27db6ac2500 0x31 0x0 0x0 0x1420003 0x31 0x110 0x1480005 0x6ffb 0x0 0x0 0x0 0x0 0x0 0x14d0007 0x3e5 0x38 0x6c16 0x1530003 0x6c16 0xffffffffffffffa8 0x1660005 0x3e5 0x0 0x0 0x0 0x0 0x0 0x1690004 0x0 0x0 0x27db6ac2500 0x3e5 0x0 0x0 0x16a0003 0x3e5 0x18 0x1740003 0x46d 0xfffffffffffffa10 0x0 0x0 0x0 0x0 0x0 0x0 0x9 0x2 0x0 0x0 oops 7 18 java/lang/Integer 28 org/jacoco/agent/rt/internal_0e20598/asm/ClassReader 35 java/lang/String 105 java/lang/Integer 125 java/lang/Integer 191 java/lang/String 222 java/lang/String methods 0
ciMethodData org/jacoco/agent/rt/internal_0e20598/asm/ClassReader readStackMapFrame (IZZLorg/jacoco/agent/rt/internal_0e20598/asm/Context;)I 2 2434 orig 80 0 0 0 0 0 0 0 0 0 0 0 0 250 127 0 0 0 0 0 0 0 0 0 0 0 0 0 0 0 0 0 0 0 0 0 0 0 0 0 0 0 0 0 0 0 0 0 0 0 0 0 0 0 0 0 0 0 0 0 0 0 0 0 0 0 0 0 0 0 0 0 0 0 0 0 0 0 0 0 0 data 175 0x120007 0x0 0x38 0x906 0x250003 0x906 0x18 0x3d0007 0x4f8 0x38 0x40e 0x500003 0x40e 0x438 0x580007 0x33c 0x70 0x1bc 0x6f0005 0x1bc 0x0 0x0 0x0 0x0 0x0 0x800003 0x1bc 0x3c8 0x880007 0x0 0x3a0 0x33c 0x8e0005 0x0 0x0 0x27dfd58cb20 0x33c 0x0 0x0 0x9b0007 0x33b 0x70 0x1 0xab0005 0x1 0x0 0x0 0x0 0x0 0x0 0xbc0003 0x1 0x300 0xc40007 0x0 0x58 0x33b 0xcc0007 0x27e 0x38 0xbd 0xf50003 0xbd 0x2a8 0xfd0007 0x273 0x38 0xb 0x10c0003 0xb 0x270 0x1140007 0xc9 0xe0 0x1aa 0x1180007 0x6 0x38 0x1a4 0x1200003 0x1a4 0x18 0x1300007 0x1aa 0x70 0x29d 0x1440005 0x29d 0x0 0x0 0x0 0x0 0x0 0x14c0003 0x29d 0xffffffffffffffa8 0x1750003 0x1aa 0x190 0x17b0005 0x0 0x0 0x27dfd58cb20 0xc9 0x0 0x0 0x19e0007 0xc9 0x70 0x416 0x1af0005 0x416 0x0 0x0 0x0 0x0 0x0 0x1b70003 0x416 0xffffffffffffffa8 0x1bd0005 0x0 0x0 0x27dfd58cb20 0xc9 0x0 0x0 0x1d30007 0xc9 0x70 0xa4 0x1e40005 0xa4 0x0 0x0 0x0 0x0 0x0 0x1ec0003 0xa4 0xffffffffffffffa8 0x1ef0003 0xc9 0x28 0x1f60002 0x0 0x2100005 0x906 0x0 0x0 0x0 0x0 0x0 0x0 0x0 0x0 0x0 0x0 0x0 0x0 0x0 0x0 0x0 0x0 0x0 0x0 0x0 0x0 0x9 0x5 0x0 0x0 0x0 0x0 0x0 oops 3 35 org/jacoco/agent/rt/internal_0e20598/asm/ClassReader 102 org/jacoco/agent/rt/internal_0e20598/asm/ClassReader 123 org/jacoco/agent/rt/internal_0e20598/asm/ClassReader methods 0
ciMethodData org/jacoco/agent/rt/internal_0e20598/asm/ClassReader readConst (I[C)Ljava/lang/Object; 2 7269 orig 80 0 0 0 0 0 0 0 0 0 0 0 0 250 127 0 0 0 0 0 0 0 0 0 0 0 0 0 0 0 0 0 0 0 0 0 0 0 0 0 0 0 0 0 0 0 0 0 0 0 0 0 0 0 0 0 0 0 0 0 0 0 0 0 0 0 0 0 0 0 0 0 0 0 0 0 0 0 0 0 0 data 176 0xf0008 0x20 0x0 0x4e8 0x1d 0x110 0x0 0x158 0x17 0x1b0 0x0 0x1f8 0x136 0x250 0x59a 0x298 0x0 0x4e8 0x0 0x4e8 0x0 0x4e8 0x0 0x4e8 0x0 0x4e8 0x0 0x4e8 0xa91 0x318 0xa74 0x2d0 0x0 0x4b0 0x5a0005 0x0 0x0 0x27dfd58cb20 0x1d 0x0 0x0 0x5d0002 0x1d 0x630005 0x0 0x0 0x0 0x0 0x0 0x0 0x660002 0x0 0x690002 0x0 0x6f0005 0x0 0x0 0x27dfd58cb20 0x17 0x0 0x0 0x720002 0x17 0x780005 0x0 0x0 0x0 0x0 0x0 0x0 0x7b0002 0x0 0x7e0002 0x0 0x850005 0x0 0x0 0x27dfd58cb20 0x136 0x0 0x0 0x880002 0x136 0x8f0005 0x0 0x0 0x27dfd58cb20 0x59a 0x0 0x0 0x960005 0x0 0x0 0x27dfd58cb20 0xa74 0x0 0x0 0x990002 0xa74 0x9f0005 0x0 0x0 0x27dfd58cb20 0xa91 0x0 0x0 0xac0005 0x0 0x0 0x27dfd58cb20 0xa91 0x0 0x0 0xbb0005 0x0 0x0 0x27dfd58cb20 0xa91 0x0 0x0 0xc50005 0x0 0x0 0x27dfd58cb20 0xa91 0x0 0x0 0xce0005 0x0 0x0 0x27dfd58cb20 0xa91 0x0 0x0 0xd90005 0x0 0x0 0x27dfd58cb20 0xa91 0x0 0x0 0xe90007 0x9e5 0x38 0xac 0xed0003 0xac 0x18 0x1010002 0xa91 0x1080005 0x0 0x0 0x0 0x0 0x0 0x0 0x1100002 0x0 0x0 0x0 0x0 0x0 0x0 0x0 0x0 0x0 0x0 0x0 0x0 0x0 0x9 0x3 0x0 0x0 0x0 oops 11 37 org/jacoco/agent/rt/internal_0e20598/asm/ClassReader 57 org/jacoco/agent/rt/internal_0e20598/asm/ClassReader 77 org/jacoco/agent/rt/internal_0e20598/asm/ClassReader 86 org/jacoco/agent/rt/internal_0e20598/asm/ClassReader 93 org/jacoco/agent/rt/internal_0e20598/asm/ClassReader 102 org/jacoco/agent/rt/internal_0e20598/asm/ClassReader 109 org/jacoco/agent/rt/internal_0e20598/asm/ClassReader 116 org/jacoco/agent/rt/internal_0e20598/asm/ClassReader 123 org/jacoco/agent/rt/internal_0e20598/asm/ClassReader 130 org/jacoco/agent/rt/internal_0e20598/asm/ClassReader 137 org/jacoco/agent/rt/internal_0e20598/asm/ClassReader methods 0
ciMethodData org/jacoco/agent/rt/internal_0e20598/asm/tree/MethodNode visitLineNumber (ILorg/jacoco/agent/rt/internal_0e20598/asm/Label;)V 2 10443 orig 80 0 0 0 0 0 0 0 0 0 0 0 0 250 127 0 0 0 0 0 0 0 0 0 0 0 0 0 0 0 0 0 0 0 0 0 0 0 0 0 0 0 0 0 0 0 0 0 0 0 0 0 0 0 0 0 0 0 0 0 0 0 0 0 0 0 0 0 0 0 0 0 0 0 0 0 0 0 0 0 0 data 27 0xb0005 0x0 0x0 0x27dfd592bb0 0x26cc 0x0 0x0 0xe0002 0x26cc 0x110005 0x0 0x0 0x27dfd7f5a20 0x26cc 0x0 0x0 0x0 0x0 0x0 0x0 0x0 0x0 0x9 0x3 0x0 0x0 0x0 oops 2 3 org/jacoco/agent/rt/internal_0e20598/core/internal/flow/ClassProbesAdapter$2 12 org/jacoco/agent/rt/internal_0e20598/asm/tree/InsnList methods 0
ciMethodData org/jacoco/agent/rt/internal_0e20598/asm/tree/MethodNode getLabelNodes ([Ljava/lang/Object;)[Ljava/lang/Object; 2 19928 orig 80 0 0 0 0 0 0 0 0 0 0 0 0 250 127 0 0 0 0 0 0 0 0 0 0 0 0 0 0 0 0 0 0 0 0 0 0 0 0 0 0 0 0 0 0 0 0 0 0 0 0 0 0 0 0 0 0 0 0 0 0 0 0 0 0 0 0 0 0 0 0 0 0 0 0 0 0 0 0 0 0 data 49 0xf0007 0x1140 0x138 0x45d8 0x190104 0xffffffffffffdb7c 0x0 0x27db6ac2500 0x102 0x27db6ac61e0 0x114 0x1c0007 0x45cb 0x90 0xd 0x220004 0x0 0x0 0x27dfd592c60 0xd 0x0 0x0 0x250005 0x0 0x0 0x27dfd592bb0 0xd 0x0 0x0 0x2e0104 0x0 0x0 0x27db6ac2500 0x1cbc 0x27db6ac61e0 0x7c8 0x320003 0x45d8 0xfffffffffffffee0 0x0 0x0 0x0 0x0 0x0 0x0 0x9 0x2 0x0 0x0 oops 6 7 java/lang/String 9 java/lang/Integer 18 org/jacoco/agent/rt/internal_0e20598/asm/Label 25 org/jacoco/agent/rt/internal_0e20598/core/internal/flow/ClassProbesAdapter$2 32 java/lang/String 34 java/lang/Integer methods 0
ciMethodData org/jacoco/agent/rt/internal_0e20598/asm/commons/JSRInlinerAdapter visitJumpInsn (ILorg/jacoco/agent/rt/internal_0e20598/asm/Label;)V 2 2632 orig 80 0 0 0 0 0 0 0 0 0 0 0 0 250 127 0 0 0 0 0 0 0 0 0 0 0 0 0 0 0 0 0 0 0 0 0 0 0 0 0 0 0 0 0 0 0 0 0 0 0 0 0 0 0 0 0 0 0 0 0 0 0 0 0 0 0 0 0 0 0 0 0 0 0 0 0 0 0 0 0 0 data 51 0x30002 0x849 0xa0005 0x0 0x0 0x27dfd7f5a20 0x849 0x0 0x0 0xd0004 0x0 0x0 0x27dfcf39740 0x849 0x0 0x0 0x180007 0x849 0xc0 0x0 0x200005 0x0 0x0 0x0 0x0 0x0 0x0 0x250007 0x0 0x68 0x0 0x310002 0x0 0x340005 0x0 0x0 0x0 0x0 0x0 0x0 0x0 0x0 0x0 0x0 0x0 0x0 0x9 0x3 0x0 0x0 0x0 oops 2 5 org/jacoco/agent/rt/internal_0e20598/asm/tree/InsnList 12 org/jacoco/agent/rt/internal_0e20598/asm/tree/JumpInsnNode methods 0
ciMethodData org/jacoco/agent/rt/internal_0e20598/asm/tree/MethodNode visitJumpInsn (ILorg/jacoco/agent/rt/internal_0e20598/asm/Label;)V 2 2632 orig 80 0 0 0 0 0 0 0 0 0 0 0 0 250 127 0 0 0 0 0 0 0 0 0 0 0 0 0 0 0 0 0 0 0 0 0 0 0 0 0 0 0 0 0 0 0 0 0 0 0 0 0 0 0 0 0 0 0 0 0 0 0 0 0 0 0 0 0 0 0 0 0 0 0 0 0 0 0 0 0 0 data 27 0xb0005 0x0 0x0 0x27dfd592bb0 0x849 0x0 0x0 0xe0002 0x849 0x110005 0x0 0x0 0x27dfd7f5a20 0x849 0x0 0x0 0x0 0x0 0x0 0x0 0x0 0x0 0x9 0x3 0x0 0x0 0x0 oops 2 3 org/jacoco/agent/rt/internal_0e20598/core/internal/flow/ClassProbesAdapter$2 12 org/jacoco/agent/rt/internal_0e20598/asm/tree/InsnList methods 0
ciMethodData org/jacoco/agent/rt/internal_0e20598/asm/tree/MethodNode visitFrame (II[Ljava/lang/Object;I[Ljava/lang/Object;)V 2 2434 orig 80 0 0 0 0 0 0 0 0 0 0 0 0 250 127 0 0 0 0 0 0 0 0 0 0 0 0 0 0 0 0 0 0 0 0 0 0 0 0 0 0 0 0 0 0 0 0 0 0 0 0 0 0 0 0 0 0 0 0 0 0 0 0 0 0 0 0 0 0 0 0 0 0 0 0 0 0 0 0 0 0 data 51 0xb0007 0x783 0x38 0x0 0xf0003 0x0 0x50 0x140005 0x783 0x0 0x0 0x0 0x0 0x0 0x1b0007 0x783 0x38 0x0 0x1f0003 0x0 0x50 0x250005 0x783 0x0 0x0 0x0 0x0 0x0 0x280002 0x783 0x2b0005 0x0 0x0 0x27dfd7f5a20 0x783 0x0 0x0 0x0 0x0 0x0 0x0 0x0 0x0 0x9 0x6 0x0 0x0 0x0 0x0 0x0 0x0 oops 1 33 org/jacoco/agent/rt/internal_0e20598/asm/tree/InsnList methods 0
ciMethodData org/jacoco/agent/rt/internal_0e20598/asm/tree/Util asArrayList ([Ljava/lang/Object;)Ljava/util/List; 2 4197 orig 80 0 0 0 0 0 0 0 0 0 0 0 0 250 127 0 0 0 0 0 0 0 0 0 0 0 0 0 0 0 0 0 0 0 0 0 0 0 0 0 0 0 0 0 0 0 0 0 0 0 0 0 0 0 0 0 0 0 0 0 0 0 0 0 0 0 0 0 0 0 0 0 0 0 0 0 0 0 0 0 0 data 31 0x10007 0x13b 0x30 0xd89 0x80002 0xd89 0x120002 0x13b 0x210007 0x13b 0x70 0x173 0x2d0005 0x0 0x0 0x27db6ac5810 0x173 0x0 0x0 0x340003 0x173 0xffffffffffffffa8 0x0 0x0 0x0 0x0 0x0 0x0 0x9 0x1 0x0 oops 1 15 java/util/ArrayList methods 0
ciMethodData org/jacoco/agent/rt/internal_0e20598/asm/tree/MethodNode visitMaxs (II)V 2 3388 orig 80 0 0 0 0 0 0 0 0 0 0 0 0 250 127 0 0 0 0 0 0 0 0 0 0 0 0 0 0 0 0 0 0 0 0 0 0 0 0 0 0 0 0 0 0 0 0 0 0 0 0 0 0 0 0 0 0 0 0 0 0 0 0 0 0 0 0 0 0 0 0 0 0 0 0 0 0 0 0 0 0 data 9 0x0 0x0 0x0 0x0 0x9 0x3 0x30 0x0 0x0 oops 0 methods 0
ciMethodData org/jacoco/agent/rt/internal_0e20598/asm/tree/MethodNode visitLdcInsn (Ljava/lang/Object;)V 2 1742 orig 80 0 0 0 0 0 0 0 0 0 0 0 0 250 127 0 0 0 0 0 0 0 0 0 0 0 0 0 0 0 0 0 0 0 0 0 0 0 0 0 0 0 0 0 0 0 0 0 0 0 0 0 0 0 0 0 0 0 0 0 0 0 0 0 0 0 0 0 0 0 0 0 0 0 0 0 0 0 0 0 0 data 19 0x90002 0x5cd 0xc0005 0x0 0x0 0x27dfd7f5a20 0x5cd 0x0 0x0 0x0 0x0 0x0 0x0 0x0 0x0 0x9 0x2 0x0 0x0 oops 1 5 org/jacoco/agent/rt/internal_0e20598/asm/tree/InsnList methods 0
ciMethodData org/jacoco/agent/rt/internal_0e20598/asm/tree/LdcInsnNode <init> (Ljava/lang/Object;)V 2 1742 orig 80 0 0 0 0 0 0 0 0 0 0 0 0 250 127 0 0 0 0 0 0 0 0 0 0 0 0 0 0 0 0 0 0 0 0 0 0 0 0 0 0 0 0 0 0 0 0 0 0 0 0 0 0 0 0 0 0 0 0 0 0 0 0 0 0 0 0 0 0 0 0 0 0 0 0 0 0 0 0 0 0 data 10 0x30002 0x5cd 0x0 0x0 0x0 0x0 0x9 0x2 0x36 0x0 oops 0 methods 0
ciMethodData org/jacoco/agent/rt/internal_0e20598/asm/tree/MethodNode visitFieldInsn (ILjava/lang/String;Ljava/lang/String;Ljava/lang/String;)V 2 3237 orig 80 0 0 0 0 0 0 0 0 0 0 0 0 250 127 0 0 0 0 0 0 0 0 0 0 0 0 0 0 0 0 0 0 0 0 0 0 0 0 0 0 0 0 0 0 0 0 0 0 0 0 0 0 0 0 0 0 0 0 0 0 0 0 0 0 0 0 0 0 0 0 0 0 0 0 0 0 0 0 0 0 data 22 0xd0002 0xaa6 0x100005 0x0 0x0 0x27dfd7f5a20 0xaa6 0x0 0x0 0x0 0x0 0x0 0x0 0x0 0x0 0x9 0x5 0x0 0x0 0x0 0x0 0x0 oops 1 5 org/jacoco/agent/rt/internal_0e20598/asm/tree/InsnList methods 0
ciMethodData org/jacoco/agent/rt/internal_0e20598/asm/tree/FieldInsnNode <init> (ILjava/lang/String;Ljava/lang/String;Ljava/lang/String;)V 2 3237 orig 80 0 0 0 0 0 0 0 0 0 0 0 0 250 127 0 0 0 0 0 0 0 0 0 0 0 0 0 0 0 0 0 0 0 0 0 0 0 0 0 0 0 0 0 0 0 0 0 0 0 0 0 0 0 0 0 0 0 0 0 0 0 0 0 0 0 0 0 0 0 0 0 0 0 0 0 0 0 0 0 0 data 13 0x20002 0xaa6 0x0 0x0 0x0 0x0 0x9 0x5 0x76 0x0 0x0 0x0 0x0 oops 0 methods 0
ciMethodData org/jacoco/agent/rt/internal_0e20598/asm/tree/MethodNode visitTypeInsn (ILjava/lang/String;)V 2 2173 orig 80 0 0 0 0 0 0 0 0 0 0 0 0 250 127 0 0 0 0 0 0 0 0 0 0 0 0 0 0 0 0 0 0 0 0 0 0 0 0 0 0 0 0 0 0 0 0 0 0 0 0 0 0 0 0 0 0 0 0 0 0 0 0 0 0 0 0 0 0 0 0 0 0 0 0 0 0 0 0 0 0 data 20 0xa0002 0x6f8 0xd0005 0x0 0x0 0x27dfd7f5a20 0x6f8 0x0 0x0 0x0 0x0 0x0 0x0 0x0 0x0 0x9 0x3 0x0 0x0 0x0 oops 1 5 org/jacoco/agent/rt/internal_0e20598/asm/tree/InsnList methods 0
ciMethodData org/jacoco/agent/rt/internal_0e20598/asm/tree/TypeInsnNode <init> (ILjava/lang/String;)V 2 2173 orig 80 0 0 0 0 0 0 0 0 0 0 0 0 250 127 0 0 0 0 0 0 0 0 0 0 0 0 0 0 0 0 0 0 0 0 0 0 0 0 0 0 0 0 0 0 0 0 0 0 0 0 0 0 0 0 0 0 0 0 0 0 0 0 0 0 0 0 0 0 0 0 0 0 0 0 0 0 0 0 0 0 data 11 0x20002 0x6f8 0x0 0x0 0x0 0x0 0x9 0x3 0x36 0x0 0x0 oops 0 methods 0
ciMethod org/jacoco/agent/rt/internal_0e20598/asm/Handle <init> (ILjava/lang/String;Ljava/lang/String;Ljava/lang/String;Z)V 168 0 2856 0 -1
ciMethodData org/jacoco/agent/rt/internal_0e20598/asm/tree/InvokeDynamicInsnNode <init> (Ljava/lang/String;Ljava/lang/String;Lorg/jacoco/agent/rt/internal_0e20598/asm/Handle;[Ljava/lang/Object;)V 1 711 orig 80 0 0 0 0 0 0 0 0 0 0 0 0 250 127 0 0 0 0 0 0 0 0 0 0 0 0 0 0 0 0 0 0 0 0 0 0 0 0 0 0 0 0 0 0 0 0 0 0 0 0 0 0 0 0 0 0 0 0 0 0 0 0 0 0 0 0 0 0 0 0 0 0 0 0 0 0 0 0 0 0 data 13 0x40002 0x1c6 0x0 0x0 0x0 0x0 0x9 0x5 0x76 0x0 0x0 0x0 0x0 oops 0 methods 0
ciMethodData org/jacoco/agent/rt/internal_0e20598/asm/tree/MethodNode visitInvokeDynamicInsn (Ljava/lang/String;Ljava/lang/String;Lorg/jacoco/agent/rt/internal_0e20598/asm/Handle;[Ljava/lang/Object;)V 1 711 orig 80 0 0 0 0 0 0 0 0 0 0 0 0 250 127 0 0 0 0 0 0 0 0 0 0 0 0 0 0 0 0 0 0 0 0 0 0 0 0 0 0 0 0 0 0 0 0 0 0 0 0 0 0 0 0 0 0 0 0 0 0 0 0 0 0 0 0 0 0 0 0 0 0 0 0 0 0 0 0 0 0 data 22 0xd0002 0x1c6 0x100005 0x0 0x0 0x27dfd7f5a20 0x1c6 0x0 0x0 0x0 0x0 0x0 0x0 0x0 0x0 0x9 0x5 0x0 0x0 0x0 0x0 0x0 oops 1 5 org/jacoco/agent/rt/internal_0e20598/asm/tree/InsnList methods 0
ciMethodData org/jacoco/agent/rt/internal_0e20598/asm/tree/Util asArrayList ([I)Ljava/util/List; 1 16 orig 80 0 0 0 0 0 0 0 0 0 0 0 0 250 127 0 0 0 0 0 0 0 0 0 0 0 0 0 0 0 0 0 0 0 0 0 0 0 0 0 0 0 0 0 0 0 0 0 0 0 0 0 0 0 0 0 0 0 0 0 0 0 0 0 0 0 0 0 0 0 0 0 0 0 0 0 0 0 0 0 0 data 33 0x10007 0x3 0x30 0x0 0x80002 0x0 0x120002 0x3 0x210007 0x3 0x80 0x6 0x2d0002 0x6 0x300005 0x0 0x0 0x27db6ac5810 0x6 0x0 0x0 0x370003 0x6 0xffffffffffffff98 0x0 0x0 0x0 0x0 0x0 0x0 0x9 0x1 0x0 oops 1 17 java/util/ArrayList methods 0
ciMethodData org/jacoco/agent/rt/internal_0e20598/asm/tree/MethodNode visitIntInsn (II)V 1 345 orig 80 0 0 0 0 0 0 0 0 0 0 0 0 250 127 0 0 0 0 0 0 0 0 0 0 0 0 0 0 0 0 0 0 0 0 0 0 0 0 0 0 0 0 0 0 0 0 0 0 0 0 0 0 0 0 0 0 0 0 0 0 0 0 0 0 0 0 0 0 0 0 0 0 0 0 0 0 0 0 0 0 data 20 0xa0002 0x0 0xd0005 0x0 0x0 0x0 0x0 0x0 0x0 0x0 0x0 0x0 0x0 0x0 0x0 0x9 0x3 0x0 0x0 0x0 oops 0 methods 0
compile org/jacoco/agent/rt/internal_0e20598/asm/ClassReader readCode (Lorg/jacoco/agent/rt/internal_0e20598/asm/MethodVisitor;Lorg/jacoco/agent/rt/internal_0e20598/asm/Context;I)V -1 4 inline 112 0 -1 org/jacoco/agent/rt/internal_0e20598/asm/ClassReader readCode (Lorg/jacoco/agent/rt/internal_0e20598/asm/MethodVisitor;Lorg/jacoco/agent/rt/internal_0e20598/asm/Context;I)V 1 18 org/jacoco/agent/rt/internal_0e20598/asm/ClassReader readUnsignedShort (I)I 1 28 org/jacoco/agent/rt/internal_0e20598/asm/ClassReader readUnsignedShort (I)I 1 38 org/jacoco/agent/rt/internal_0e20598/asm/ClassReader readInt (I)I 1 1030 org/jacoco/agent/rt/internal_0e20598/asm/ClassReader readShort (I)S 1 1036 org/jacoco/agent/rt/internal_0e20598/asm/ClassReader createLabel (I[Lorg/jacoco/agent/rt/internal_0e20598/asm/Label;)Lorg/jacoco/agent/rt/internal_0e20598/asm/Label; 2 3 org/jacoco/agent/rt/internal_0e20598/asm/ClassReader readLabel (I[Lorg/jacoco/agent/rt/internal_0e20598/asm/Label;)Lorg/jacoco/agent/rt/internal_0e20598/asm/Label; 3 12 org/jacoco/agent/rt/internal_0e20598/asm/Label <init> ()V 4 1 java/lang/Object <init> ()V 1 1337 org/jacoco/agent/rt/internal_0e20598/asm/ClassReader createLabel (I[Lorg/jacoco/agent/rt/internal_0e20598/asm/Label;)Lorg/jacoco/agent/rt/internal_0e20598/asm/Label; 2 3 org/jacoco/agent/rt/internal_0e20598/asm/ClassReader readLabel (I[Lorg/jacoco/agent/rt/internal_0e20598/asm/Label;)Lorg/jacoco/agent/rt/internal_0e20598/asm/Label; 3 12 org/jacoco/agent/rt/internal_0e20598/asm/Label <init> ()V 4 1 java/lang/Object <init> ()V 1 1376 org/jacoco/agent/rt/internal_0e20598/asm/ClassReader createLabel (I[Lorg/jacoco/agent/rt/internal_0e20598/asm/Label;)Lorg/jacoco/agent/rt/internal_0e20598/asm/Label; 2 3 org/jacoco/agent/rt/internal_0e20598/asm/ClassReader readLabel (I[Lorg/jacoco/agent/rt/internal_0e20598/asm/Label;)Lorg/jacoco/agent/rt/internal_0e20598/asm/Label; 3 12 org/jacoco/agent/rt/internal_0e20598/asm/Label <init> ()V 4 1 java/lang/Object <init> ()V 1 1255 org/jacoco/agent/rt/internal_0e20598/asm/ClassReader createLabel (I[Lorg/jacoco/agent/rt/internal_0e20598/asm/Label;)Lorg/jacoco/agent/rt/internal_0e20598/asm/Label; 2 3 org/jacoco/agent/rt/internal_0e20598/asm/ClassReader readLabel (I[Lorg/jacoco/agent/rt/internal_0e20598/asm/Label;)Lorg/jacoco/agent/rt/internal_0e20598/asm/Label; 3 12 org/jacoco/agent/rt/internal_0e20598/asm/Label <init> ()V 4 1 java/lang/Object <init> ()V 1 1304 org/jacoco/agent/rt/internal_0e20598/asm/ClassReader createLabel (I[Lorg/jacoco/agent/rt/internal_0e20598/asm/Label;)Lorg/jacoco/agent/rt/internal_0e20598/asm/Label; 2 3 org/jacoco/agent/rt/internal_0e20598/asm/ClassReader readLabel (I[Lorg/jacoco/agent/rt/internal_0e20598/asm/Label;)Lorg/jacoco/agent/rt/internal_0e20598/asm/Label; 3 12 org/jacoco/agent/rt/internal_0e20598/asm/Label <init> ()V 4 1 java/lang/Object <init> ()V 1 1424 org/jacoco/agent/rt/internal_0e20598/asm/ClassReader readUnsignedShort (I)I 1 1444 org/jacoco/agent/rt/internal_0e20598/asm/ClassReader readUnsignedShort (I)I 1 1449 org/jacoco/agent/rt/internal_0e20598/asm/ClassReader createLabel (I[Lorg/jacoco/agent/rt/internal_0e20598/asm/Label;)Lorg/jacoco/agent/rt/internal_0e20598/asm/Label; 2 3 org/jacoco/agent/rt/internal_0e20598/asm/ClassReader readLabel (I[Lorg/jacoco/agent/rt/internal_0e20598/asm/Label;)Lorg/jacoco/agent/rt/internal_0e20598/asm/Label; 3 12 org/jacoco/agent/rt/internal_0e20598/asm/Label <init> ()V 4 1 java/lang/Object <init> ()V 1 1460 org/jacoco/agent/rt/internal_0e20598/asm/ClassReader readUnsignedShort (I)I 1 1465 org/jacoco/agent/rt/internal_0e20598/asm/ClassReader createLabel (I[Lorg/jacoco/agent/rt/internal_0e20598/asm/Label;)Lorg/jacoco/agent/rt/internal_0e20598/asm/Label; 2 3 org/jacoco/agent/rt/internal_0e20598/asm/ClassReader readLabel (I[Lorg/jacoco/agent/rt/internal_0e20598/asm/Label;)Lorg/jacoco/agent/rt/internal_0e20598/asm/Label; 3 12 org/jacoco/agent/rt/internal_0e20598/asm/Label <init> ()V 4 1 java/lang/Object <init> ()V 1 1476 org/jacoco/agent/rt/internal_0e20598/asm/ClassReader readUnsignedShort (I)I 1 1481 org/jacoco/agent/rt/internal_0e20598/asm/ClassReader createLabel (I[Lorg/jacoco/agent/rt/internal_0e20598/asm/Label;)Lorg/jacoco/agent/rt/internal_0e20598/asm/Label; 2 3 org/jacoco/agent/rt/internal_0e20598/asm/ClassReader readLabel (I[Lorg/jacoco/agent/rt/internal_0e20598/asm/Label;)Lorg/jacoco/agent/rt/internal_0e20598/asm/Label; 3 12 org/jacoco/agent/rt/internal_0e20598/asm/Label <init> ()V 4 1 java/lang/Object <init> ()V 1 1497 org/jacoco/agent/rt/internal_0e20598/asm/ClassReader readUnsignedShort (I)I 1 1503 org/jacoco/agent/rt/internal_0e20598/asm/ClassReader readUTF8 (I[C)Ljava/lang/String; 2 2 org/jacoco/agent/rt/internal_0e20598/asm/ClassReader readUnsignedShort (I)I 2 19 org/jacoco/agent/rt/internal_0e20598/asm/ClassReader readUtf (I[C)Ljava/lang/String; 3 34 org/jacoco/agent/rt/internal_0e20598/asm/ClassReader readUnsignedShort (I)I 3 38 org/jacoco/agent/rt/internal_0e20598/asm/ClassReader readUtf (II[C)Ljava/lang/String; 4 157 java/lang/String <init> ([CII)V 5 7 java/lang/String rangeCheck ([CII)Ljava/lang/Void; 6 4 java/lang/String checkBoundsOffCount (III)V 5 10 java/lang/String <init> ([CIILjava/lang/Void;)V 6 1 java/lang/Object <init> ()V 6 36 java/lang/StringUTF16 compress ([CII)[B 1 1553 org/jacoco/agent/rt/internal_0e20598/asm/ClassReader readUnsignedShort (I)I 1 1574 org/jacoco/agent/rt/internal_0e20598/asm/ClassReader readUTF8 (I[C)Ljava/lang/String; 2 2 org/jacoco/agent/rt/internal_0e20598/asm/ClassReader readUnsignedShort (I)I 2 19 org/jacoco/agent/rt/internal_0e20598/asm/ClassReader readUtf (I[C)Ljava/lang/String; 3 34 org/jacoco/agent/rt/internal_0e20598/asm/ClassReader readUnsignedShort (I)I 3 38 org/jacoco/agent/rt/internal_0e20598/asm/ClassReader readUtf (II[C)Ljava/lang/String; 4 157 java/lang/String <init> ([CII)V 5 7 java/lang/String rangeCheck ([CII)Ljava/lang/Void; 6 4 java/lang/String checkBoundsOffCount (III)V 5 10 java/lang/String <init> ([CIILjava/lang/Void;)V 6 1 java/lang/Object <init> ()V 6 36 java/lang/StringUTF16 compress ([CII)[B 1 1584 org/jacoco/agent/rt/internal_0e20598/asm/ClassReader readInt (I)I 1 1597 java/lang/String equals (Ljava/lang/Object;)Z 1 1623 org/jacoco/agent/rt/internal_0e20598/asm/ClassReader readUnsignedShort (I)I 1 1642 org/jacoco/agent/rt/internal_0e20598/asm/ClassReader readUnsignedShort (I)I 1 1652 org/jacoco/agent/rt/internal_0e20598/asm/ClassReader createDebugLabel (I[Lorg/jacoco/agent/rt/internal_0e20598/asm/Label;)V 2 9 org/jacoco/agent/rt/internal_0e20598/asm/ClassReader readLabel (I[Lorg/jacoco/agent/rt/internal_0e20598/asm/Label;)Lorg/jacoco/agent/rt/internal_0e20598/asm/Label; 3 12 org/jacoco/agent/rt/internal_0e20598/asm/Label <init> ()V 4 1 java/lang/Object <init> ()V 1 1660 org/jacoco/agent/rt/internal_0e20598/asm/ClassReader readUnsignedShort (I)I 1 1673 org/jacoco/agent/rt/internal_0e20598/asm/ClassReader createDebugLabel (I[Lorg/jacoco/agent/rt/internal_0e20598/asm/Label;)V 2 9 org/jacoco/agent/rt/internal_0e20598/asm/ClassReader readLabel (I[Lorg/jacoco/agent/rt/internal_0e20598/asm/Label;)Lorg/jacoco/agent/rt/internal_0e20598/asm/Label; 3 12 org/jacoco/agent/rt/internal_0e20598/asm/Label <init> ()V 4 1 java/lang/Object <init> ()V 1 1690 java/lang/String equals (Ljava/lang/Object;)Z 1 1708 java/lang/String equals (Ljava/lang/Object;)Z 1 1730 org/jacoco/agent/rt/internal_0e20598/asm/ClassReader readUnsignedShort (I)I 1 1749 org/jacoco/agent/rt/internal_0e20598/asm/ClassReader readUnsignedShort (I)I 1 1759 org/jacoco/agent/rt/internal_0e20598/asm/ClassReader readUnsignedShort (I)I 1 1772 org/jacoco/agent/rt/internal_0e20598/asm/ClassReader createDebugLabel (I[Lorg/jacoco/agent/rt/internal_0e20598/asm/Label;)V 2 9 org/jacoco/agent/rt/internal_0e20598/asm/ClassReader readLabel (I[Lorg/jacoco/agent/rt/internal_0e20598/asm/Label;)Lorg/jacoco/agent/rt/internal_0e20598/asm/Label; 3 12 org/jacoco/agent/rt/internal_0e20598/asm/Label <init> ()V 4 1 java/lang/Object <init> ()V 1 1782 org/jacoco/agent/rt/internal_0e20598/asm/Label addLineNumber (I)V 1 1796 java/lang/String equals (Ljava/lang/Object;)Z 1 1821 java/lang/String equals (Ljava/lang/Object;)Z 1 1846 java/lang/String equals (Ljava/lang/Object;)Z 1 2061 org/jacoco/agent/rt/internal_0e20598/asm/ClassReader readUnsignedShort (I)I 1 2101 org/jacoco/agent/rt/internal_0e20598/asm/ClassReader createLabel (I[Lorg/jacoco/agent/rt/internal_0e20598/asm/Label;)Lorg/jacoco/agent/rt/internal_0e20598/asm/Label; 2 3 org/jacoco/agent/rt/internal_0e20598/asm/ClassReader readLabel (I[Lorg/jacoco/agent/rt/internal_0e20598/asm/Label;)Lorg/jacoco/agent/rt/internal_0e20598/asm/Label; 3 12 org/jacoco/agent/rt/internal_0e20598/asm/Label <init> ()V 4 1 java/lang/Object <init> ()V 1 2144 org/jacoco/agent/rt/internal_0e20598/asm/ClassReader getTypeAnnotationBytecodeOffset ([II)I 1 2156 org/jacoco/agent/rt/internal_0e20598/asm/ClassReader getTypeAnnotationBytecodeOffset ([II)I 1 2204 org/jacoco/agent/rt/internal_0e20598/asm/ClassReader readBytecodeInstructionOffset (I)V 1 2236 org/jacoco/agent/rt/internal_0e20598/asm/Label accept (Lorg/jacoco/agent/rt/internal_0e20598/asm/MethodVisitor;Z)V 2 2 org/jacoco/agent/rt/internal_0e20598/asm/tree/MethodNode visitLabel (Lorg/jacoco/agent/rt/internal_0e20598/asm/Label;)V 3 6 org/jacoco/agent/rt/internal_0e20598/asm/tree/MethodNode getLabelNode (Lorg/jacoco/agent/rt/internal_0e20598/asm/Label;)Lorg/jacoco/agent/rt/internal_0e20598/asm/tree/LabelNode; 4 15 org/jacoco/agent/rt/internal_0e20598/asm/tree/LabelNode <init> ()V 5 2 org/jacoco/agent/rt/internal_0e20598/asm/tree/AbstractInsnNode <init> (I)V 6 1 java/lang/Object <init> ()V 3 9 org/jacoco/agent/rt/internal_0e20598/asm/tree/InsnList add (Lorg/jacoco/agent/rt/internal_0e20598/asm/tree/AbstractInsnNode;)V 2 29 org/jacoco/agent/rt/internal_0e20598/core/internal/flow/MethodSanitizer visitLineNumber (ILorg/jacoco/agent/rt/internal_0e20598/asm/Label;)V 3 10 org/jacoco/agent/rt/internal_0e20598/asm/tree/MethodNode visitLineNumber (ILorg/jacoco/agent/rt/internal_0e20598/asm/Label;)V 4 11 org/jacoco/agent/rt/internal_0e20598/asm/tree/MethodNode getLabelNode (Lorg/jacoco/agent/rt/internal_0e20598/asm/Label;)Lorg/jacoco/agent/rt/internal_0e20598/asm/tree/LabelNode; 5 15 org/jacoco/agent/rt/internal_0e20598/asm/tree/LabelNode <init> ()V 6 2 org/jacoco/agent/rt/internal_0e20598/asm/tree/AbstractInsnNode <init> (I)V 7 1 java/lang/Object <init> ()V
